launch_date,brand,model,height_mm,brand_color
2013-05-01,Spice,Mi-450 Smartflo Ivory,131.7,"rgba( 181 ,  175 ,  159 , 0.2)"
2013-05-01,Spice,Mi-422 Smartflo Pace,126,"rgba( 181 ,  175 ,  159 , 0.2)"
2013-05-01,Spice,Mi-353 Stellar Jazz,124.1,"rgba( 181 ,  175 ,  159 , 0.2)"
2013-05-01,Spice,Mi-725 Stellar Slatepad,194.4,"rgba( 181 ,  175 ,  159 , 0.2)"
2013-05-01,Spice,Mi-502 Smartflo Pace2,148,"rgba( 181 ,  175 ,  159 , 0.2)"
2013-05-01,Spice,Mi-535 Stellar Pinnacle Pro,152,"rgba( 181 ,  175 ,  159 , 0.2)"
2013-01-01,Spice,Mi-530 Stellar Pinnacle,152,"rgba( 181 ,  175 ,  159 , 0.2)"
2012-09-01,Spice,Mi-500 Stellar Horizon,143,"rgba( 181 ,  175 ,  159 , 0.2)"
2012-06-01,Spice,Mi-285 Stellar,116.5,"rgba( 181 ,  175 ,  159 , 0.2)"
2012-04-01,Spice,M-5665 T2,112.8,"rgba( 181 ,  175 ,  159 , 0.2)"
2012-09-01,Spice,M-5566 Flo Entertainer,104,"rgba( 181 ,  175 ,  159 , 0.2)"
2012-08-01,Spice,M-5900 Flo TV Pro,114,"rgba( 181 ,  175 ,  159 , 0.2)"
2012-06-01,Spice,M-6688 Flo Magic,111.7,"rgba( 181 ,  175 ,  159 , 0.2)"
2012-01-01,Spice,M-5460 Flo,96,"rgba( 181 ,  175 ,  159 , 0.2)"
2011-11-01,Spice,M-5455 Flo,93.6,"rgba( 181 ,  175 ,  159 , 0.2)"
2012-08-01,Spice,M-5365 Boss Killer,118,"rgba( 181 ,  175 ,  159 , 0.2)"
2012-09-01,Spice,M-5400 Boss TV,123,"rgba( 181 ,  175 ,  159 , 0.2)"
2012-08-01,Spice,M-5200 Boss Don,113,"rgba( 181 ,  175 ,  159 , 0.2)"
2012-08-01,Spice,M-5390 Boss Double XL,118.8,"rgba( 181 ,  175 ,  159 , 0.2)"
2012-06-01,Spice,M-5250 Boss Item,114.8,"rgba( 181 ,  175 ,  159 , 0.2)"
2012-06-01,Spice,M-5363 Boss,100,"rgba( 181 ,  175 ,  159 , 0.2)"
2012-08-01,Spice,Mi-355 Stellar Craze,118,"rgba( 181 ,  175 ,  159 , 0.2)"
2012-06-01,Spice,Mi-425 Stellar,125,"rgba( 181 ,  175 ,  159 , 0.2)"
2012-04-01,Spice,M-6868N FLO ME,116,"rgba( 181 ,  175 ,  159 , 0.2)"
2012-04-01,Spice,M-5600 FLO TV,112.8,"rgba( 181 ,  175 ,  159 , 0.2)"
2012-02-01,Spice,Mi-280,105.5,"rgba( 181 ,  175 ,  159 , 0.2)"
2011-07-01,Spice,Mi-350,118,"rgba( 181 ,  175 ,  159 , 0.2)"
2011-01-01,Spice,M-6900 Knight,116,"rgba( 181 ,  175 ,  159 , 0.2)"
2011-01-01,Spice,M-6868,114.5,"rgba( 181 ,  175 ,  159 , 0.2)"
2011-01-01,Spice,M-6700,111,"rgba( 181 ,  175 ,  159 , 0.2)"
2011-01-01,Spice,M-9000 Popkorn,119.2,"rgba( 181 ,  175 ,  159 , 0.2)"
2011-01-01,Spice,M-6450,114,"rgba( 181 ,  175 ,  159 , 0.2)"
2011-01-01,Spice,M-5750,112,"rgba( 181 ,  175 ,  159 , 0.2)"
2011-01-01,Spice,M-5350,104.8,"rgba( 181 ,  175 ,  159 , 0.2)"
2011-01-01,Spice,M-5180,105.7,"rgba( 181 ,  175 ,  159 , 0.2)"
2011-04-01,Spice,Mi-720,200,"rgba( 181 ,  175 ,  159 , 0.2)"
2011-04-01,Spice,Mi-410,122,"rgba( 181 ,  175 ,  159 , 0.2)"
2011-05-01,Spice,M-6800 FLO,107.8,"rgba( 181 ,  175 ,  159 , 0.2)"
2011-05-01,Spice,Mi-270,104,"rgba( 181 ,  175 ,  159 , 0.2)"
2011-04-01,Spice,Mi-310,116,"rgba( 181 ,  175 ,  159 , 0.2)"
2010-01-01,Spice,M-4250,110,"rgba( 181 ,  175 ,  159 , 0.2)"
2010-01-01,Spice,M-5170,111,"rgba( 181 ,  175 ,  159 , 0.2)"
2010-01-01,Spice,QT-65,112,"rgba( 181 ,  175 ,  159 , 0.2)"
2010-01-01,Spice,M-5262,115,"rgba( 181 ,  175 ,  159 , 0.2)"
2010-01-01,Spice,QT-58,99,"rgba( 181 ,  175 ,  159 , 0.2)"
2010-01-01,Spice,QT-61,108.5,"rgba( 181 ,  175 ,  159 , 0.2)"
2010-01-01,Spice,M-5454,114,"rgba( 181 ,  175 ,  159 , 0.2)"
2010-01-01,Spice,M-5161n,110,"rgba( 181 ,  175 ,  159 , 0.2)"
2010-01-01,Spice,QT-95,111,"rgba( 181 ,  175 ,  159 , 0.2)"
2010-01-01,Spice,M-67 3D,115,"rgba( 181 ,  175 ,  159 , 0.2)"
2010-01-01,Spice,QT-68,111,"rgba( 181 ,  175 ,  159 , 0.2)"
2010-09-01,Spice,M-4580n,105.3,"rgba( 181 ,  175 ,  159 , 0.2)"
2010-08-01,Spice,Mi-300,114.9,"rgba( 181 ,  175 ,  159 , 0.2)"
2010-08-01,Spice,M-6 Sports,112.9,"rgba( 181 ,  175 ,  159 , 0.2)"
2010-08-01,Spice,M-6363,107,"rgba( 181 ,  175 ,  159 , 0.2)"
2010-08-01,Spice,QT-56,113.4,"rgba( 181 ,  175 ,  159 , 0.2)"
2010-09-01,Spice,G-6565,115.6,"rgba( 181 ,  175 ,  159 , 0.2)"
2010-07-01,Spice,QT-52,111.8,"rgba( 181 ,  175 ,  159 , 0.2)"
2010-06-01,Spice,QT-60,111,"rgba( 181 ,  175 ,  159 , 0.2)"
2010-06-01,Spice,M-5055,104.1,"rgba( 181 ,  175 ,  159 , 0.2)"
2010-06-01,Spice,S-7000,108,"rgba( 181 ,  175 ,  159 , 0.2)"
2010-05-01,Spice,QT-50,110,"rgba( 181 ,  175 ,  159 , 0.2)"
2010-01-01,Spice,M-6262,113,"rgba( 181 ,  175 ,  159 , 0.2)"
2010-01-01,Spice,S-1200,114,"rgba( 181 ,  175 ,  159 , 0.2)"
2010-01-01,Spice,M-4242,110.8,"rgba( 181 ,  175 ,  159 , 0.2)"
2010-01-01,Spice,M-940n,115,"rgba( 181 ,  175 ,  159 , 0.2)"
2010-01-01,Spice,S-5010,110,"rgba( 181 ,  175 ,  159 , 0.2)"
2010-01-01,Spice,D-6666,115,"rgba( 181 ,  175 ,  159 , 0.2)"
2010-01-01,Spice,M 4580,106,"rgba( 181 ,  175 ,  159 , 0.2)"
2010-01-01,Spice,S-5110,107,"rgba( 181 ,  175 ,  159 , 0.2)"
2010-01-01,Spice,S-5420,112,"rgba( 181 ,  175 ,  159 , 0.2)"
2010-01-01,Spice,S-6005,116.5,"rgba( 181 ,  175 ,  159 , 0.2)"
2010-01-01,Spice,D-1111,110.8,"rgba( 181 ,  175 ,  159 , 0.2)"
2010-09-01,Spice,KT-5353,112.9,"rgba( 181 ,  175 ,  159 , 0.2)"
2014-07-01,Spice,Smart Pulse (M-9010),53.7,"rgba( 181 ,  175 ,  159 , 0.2)"
2014-08-01,Spice,Fire One (Mi-FX-1),115.6,"rgba( 181 ,  175 ,  159 , 0.2)"
2014-08-01,Spice,N-300,150.4,"rgba( 181 ,  175 ,  159 , 0.2)"
2014-08-01,Spice,Smart Flo 508 (Mi-508),150.4,"rgba( 181 ,  175 ,  159 , 0.2)"
2014-08-01,Spice,Smart Flo 503 (Mi-503),150.4,"rgba( 181 ,  175 ,  159 , 0.2)"
2014-08-01,Spice,Smart Flo 359 (Mi-359),117.5,"rgba( 181 ,  175 ,  159 , 0.2)"
2014-10-01,Spice,Smart Flo 358 (Mi-358),118,"rgba( 181 ,  175 ,  159 , 0.2)"
2014-08-01,Spice,Stellar 439 (Mi-439),125,"rgba( 181 ,  175 ,  159 , 0.2)"
2014-07-01,Spice,Stellar 361 (Mi-361),115.3,"rgba( 181 ,  175 ,  159 , 0.2)"
2014-08-01,Spice,Stellar 507 (Mi-507),145.2,"rgba( 181 ,  175 ,  159 , 0.2)"
2014-05-01,Spice,Stellar 509 (Mi-509),145,"rgba( 181 ,  175 ,  159 , 0.2)"
2014-07-01,Spice,Stellar 526 (Mi-526),143.6,"rgba( 181 ,  175 ,  159 , 0.2)"
2014-07-01,Spice,Stellar 520 (Mi-520),145,"rgba( 181 ,  175 ,  159 , 0.2)"
2014-12-01,Spice,Stellar 520n (Mi-520n),145,"rgba( 181 ,  175 ,  159 , 0.2)"
2014-12-01,Spice,Stellar 440 (Mi-440),127.6,"rgba( 181 ,  175 ,  159 , 0.2)"
2014-10-01,Spice,Stellar 470 (Mi-470),137.8,"rgba( 181 ,  175 ,  159 , 0.2)"
2014-09-01,Spice,Mi-498 Dream Uno,132,"rgba( 181 ,  175 ,  159 , 0.2)"
2014-03-01,Spice,Mi-506 Stellar Mettle Icon,145,"rgba( 181 ,  175 ,  159 , 0.2)"
2014-01-01,Spice,Mi-356 Smart Flo Mettle 3.5X,119.9,"rgba( 181 ,  175 ,  159 , 0.2)"
2014-01-01,Spice,Mi-426 Smart Flo Mettle 4.0X,119.9,"rgba( 181 ,  175 ,  159 , 0.2)"
2014-04-01,Spice,Mi-438 Stellar Glide,145,"rgba( 181 ,  175 ,  159 , 0.2)"
2014-02-01,Spice,Mi-504 Smart Flo Mettle 5X,148.5,"rgba( 181 ,  175 ,  159 , 0.2)"
2014-02-01,Spice,Mi-451 Smartflo Poise,134.5,"rgba( 181 ,  175 ,  159 , 0.2)"
2013-09-01,Spice,Mi-423 Smart Flo Ivory 2,126.3,"rgba( 181 ,  175 ,  159 , 0.2)"
2013-09-01,Spice,Mi-349 Smart Flo Edge,117,"rgba( 181 ,  175 ,  159 , 0.2)"
2013-08-01,Spice,Mi-436 Stellar Glamour,125,"rgba( 181 ,  175 ,  159 , 0.2)"
2013-08-01,Spice,Mi-354 Smartflo Space,118.2,"rgba( 181 ,  175 ,  159 , 0.2)"
2013-06-01,Spice,Mi-525 Pinnacle FHD,149.4,"rgba( 181 ,  175 ,  159 , 0.2)"
2013-06-01,Spice,Mi-515 Coolpad,140,"rgba( 181 ,  175 ,  159 , 0.2)"
2013-06-01,Spice,Mi-510 Stellar Prime,145,"rgba( 181 ,  175 ,  159 , 0.2)"
2013-05-01,Spice,Mi-505 Stellar Horizon Pro,148,"rgba( 181 ,  175 ,  159 , 0.2)"
2013-06-01,Spice,Mi-491 Stellar Virtuoso Pro,135,"rgba( 181 ,  175 ,  159 , 0.2)"
2007-01-01,Benefon,TWIG Discovery Pro,116,"rgba( 0 ,  0 ,  0 , 0.2)"
2006-06-01,Benefon,TWIG Discovery,116,"rgba( 0 ,  0 ,  0 , 0.2)"
2007-01-01,Amoi,E860,112,"rgba( 0 ,  138 ,  181 , 0.2)"
2007-01-01,Amoi,E78,115,"rgba( 0 ,  138 ,  181 , 0.2)"
2007-01-01,Amoi,E76,100,"rgba( 0 ,  138 ,  181 , 0.2)"
2007-01-01,Amoi,E72,100,"rgba( 0 ,  138 ,  181 , 0.2)"
2007-01-01,Amoi,WMA8701A,109.4,"rgba( 0 ,  138 ,  181 , 0.2)"
2007-01-01,Amoi,WMA8703,109.4,"rgba( 0 ,  138 ,  181 , 0.2)"
2007-08-01,Amoi,WMA8508,95,"rgba( 0 ,  138 ,  181 , 0.2)"
2007-01-01,Amoi,CMA8170,92.5,"rgba( 0 ,  138 ,  181 , 0.2)"
2007-07-01,Amoi,M33,106,"rgba( 0 ,  138 ,  181 , 0.2)"
2007-01-01,Amoi,A203,101,"rgba( 0 ,  138 ,  181 , 0.2)"
2007-01-01,Amoi,A200,82,"rgba( 0 ,  138 ,  181 , 0.2)"
2007-01-01,Amoi,A102,85.5,"rgba( 0 ,  138 ,  181 , 0.2)"
2007-01-01,Amoi,A100,85.5,"rgba( 0 ,  138 ,  181 , 0.2)"
2007-01-01,Amoi,A10,102.4,"rgba( 0 ,  138 ,  181 , 0.2)"
2006-04-01,Amoi,E850,102,"rgba( 0 ,  138 ,  181 , 0.2)"
2006-04-01,Amoi,V810,94,"rgba( 0 ,  138 ,  181 , 0.2)"
2006-04-01,Amoi,H815,90,"rgba( 0 ,  138 ,  181 , 0.2)"
2006-04-01,Amoi,H812,90,"rgba( 0 ,  138 ,  181 , 0.2)"
2006-04-01,Amoi,H810,90,"rgba( 0 ,  138 ,  181 , 0.2)"
2006-04-01,Amoi,H802,93.5,"rgba( 0 ,  138 ,  181 , 0.2)"
2006-04-01,Amoi,H801,93,"rgba( 0 ,  138 ,  181 , 0.2)"
2006-04-01,Amoi,H8,94,"rgba( 0 ,  138 ,  181 , 0.2)"
2006-04-01,Amoi,H80,94,"rgba( 0 ,  138 ,  181 , 0.2)"
2006-04-01,Amoi,A675,93.2,"rgba( 0 ,  138 ,  181 , 0.2)"
2006-04-01,Amoi,M636,107,"rgba( 0 ,  138 ,  181 , 0.2)"
2006-04-01,Amoi,A865,90.3,"rgba( 0 ,  138 ,  181 , 0.2)"
2006-04-01,Amoi,A869,93,"rgba( 0 ,  138 ,  181 , 0.2)"
2006-04-01,Amoi,6201,106,"rgba( 0 ,  138 ,  181 , 0.2)"
2006-04-01,Amoi,M360,91.7,"rgba( 0 ,  138 ,  181 , 0.2)"
2006-04-01,Amoi,M650,91,"rgba( 0 ,  138 ,  181 , 0.2)"
2006-04-01,Amoi,M630,105,"rgba( 0 ,  138 ,  181 , 0.2)"
2006-04-01,Amoi,F620,87,"rgba( 0 ,  138 ,  181 , 0.2)"
2006-04-01,Amoi,A320,104,"rgba( 0 ,  138 ,  181 , 0.2)"
2006-04-01,Amoi,F320,100.4,"rgba( 0 ,  138 ,  181 , 0.2)"
2006-04-01,Amoi,A310,91.9,"rgba( 0 ,  138 ,  181 , 0.2)"
2006-04-01,Amoi,A211,82,"rgba( 0 ,  138 ,  181 , 0.2)"
2006-04-01,Amoi,A210,80,"rgba( 0 ,  138 ,  181 , 0.2)"
2014-03-01,Emporia,Glam,104,"rgba( 192 ,  185 ,  176 , 0.2)"
2014-03-01,Emporia,Flip Basic,96,"rgba( 192 ,  185 ,  176 , 0.2)"
2014-01-01,Emporia,Eco,124,"rgba( 192 ,  185 ,  176 , 0.2)"
2014-01-01,Emporia,Click Plus,105,"rgba( 192 ,  185 ,  176 , 0.2)"
2012-01-01,Emporia,Essence Plus,107,"rgba( 192 ,  185 ,  176 , 0.2)"
2013-01-01,Emporia,Solid Plus,119,"rgba( 192 ,  185 ,  176 , 0.2)"
2013-01-01,Emporia,Care Plus,122,"rgba( 192 ,  185 ,  176 , 0.2)"
2012-01-01,Emporia,Elegance Plus,109,"rgba( 192 ,  185 ,  176 , 0.2)"
2012-01-01,Emporia,Elegance,109,"rgba( 192 ,  185 ,  176 , 0.2)"
2012-01-01,Emporia,Connect,108,"rgba( 192 ,  185 ,  176 , 0.2)"
2011-01-01,Emporia,Click,105,"rgba( 192 ,  185 ,  176 , 0.2)"
2013-01-01,Emporia,Talk Comfort Plus,114.5,"rgba( 192 ,  185 ,  176 , 0.2)"
2011-01-01,Emporia,Talk Comfort,114,"rgba( 192 ,  185 ,  176 , 0.2)"
2011-01-01,Emporia,RL1,109,"rgba( 192 ,  185 ,  176 , 0.2)"
2010-01-01,Emporia,Talk Premium,121,"rgba( 192 ,  185 ,  176 , 0.2)"
2015-01-01,Unnecto,Omnia,142.9,"rgba( 43 ,  38 ,  64 , 0.2)"
2015-01-01,Unnecto,Swift,119.3,"rgba( 43 ,  38 ,  64 , 0.2)"
2015-01-01,Unnecto,Quattro X,123,"rgba( 43 ,  38 ,  64 , 0.2)"
2015-01-01,Unnecto,Drone XL,115,"rgba( 43 ,  38 ,  64 , 0.2)"
2015-01-01,Unnecto,Drone X,115,"rgba( 43 ,  38 ,  64 , 0.2)"
2015-01-01,Unnecto,Air 5.5,153,"rgba( 43 ,  38 ,  64 , 0.2)"
2015-01-01,Unnecto,Air 5.0,143.5,"rgba( 43 ,  38 ,  64 , 0.2)"
2015-01-01,Unnecto,Air 4.5,133.9,"rgba( 43 ,  38 ,  64 , 0.2)"
2014-09-01,Unnecto,Rush,148,"rgba( 43 ,  38 ,  64 , 0.2)"
2014-06-01,Unnecto,Quattro Z,125.5,"rgba( 43 ,  38 ,  64 , 0.2)"
2014-06-01,Unnecto,Drone Z,116,"rgba( 43 ,  38 ,  64 , 0.2)"
2012-03-01,Unnecto,Quattro,123,"rgba( 43 ,  38 ,  64 , 0.2)"
2012-03-01,Unnecto,Blaze,114,"rgba( 43 ,  38 ,  64 , 0.2)"
2012-02-01,Unnecto,Drone,102.6,"rgba( 43 ,  38 ,  64 , 0.2)"
2011-06-01,Unnecto,Tap,105.5,"rgba( 43 ,  38 ,  64 , 0.2)"
2012-03-01,Unnecto,Pro Z,115,"rgba( 43 ,  38 ,  64 , 0.2)"
2012-03-01,Unnecto,Pro,112,"rgba( 43 ,  38 ,  64 , 0.2)"
2011-06-01,Unnecto,Edge,112,"rgba( 43 ,  38 ,  64 , 0.2)"
2011-06-01,Unnecto,Shell,111.5,"rgba( 43 ,  38 ,  64 , 0.2)"
2011-06-01,Unnecto,Pebble,107.2,"rgba( 43 ,  38 ,  64 , 0.2)"
2011-06-01,Unnecto,Drift,115,"rgba( 43 ,  38 ,  64 , 0.2)"
2011-06-01,Unnecto,Eco,105.8,"rgba( 43 ,  38 ,  64 , 0.2)"
2013-01-01,Unnecto,Primo 3G,108,"rgba( 43 ,  38 ,  64 , 0.2)"
2013-01-01,Unnecto,Primo,108,"rgba( 43 ,  38 ,  64 , 0.2)"
2015-10-01,Intex,Aqua Ace,145,"rgba( 237 ,  27 ,  36 , 0.2)"
2015-09-01,Intex,Aqua Trend,144.5,"rgba( 237 ,  27 ,  36 , 0.2)"
2015-07-01,Intex,IRist Smartwatch,44,"rgba( 237 ,  27 ,  36 , 0.2)"
2015-06-01,Intex,Aqua 4G+,140,"rgba( 237 ,  27 ,  36 , 0.2)"
2015-06-01,Intex,Aqua Xtreme II,140,"rgba( 237 ,  27 ,  36 , 0.2)"
2015-02-01,Intex,Aqua Y2 Remote,125,"rgba( 237 ,  27 ,  36 , 0.2)"
2014-12-01,Intex,Aqua Xtreme,144,"rgba( 237 ,  27 ,  36 , 0.2)"
2015-01-01,Intex,Aqua Star L,141,"rgba( 237 ,  27 ,  36 , 0.2)"
2015-02-01,Intex,Aqua Star 2,142,"rgba( 237 ,  27 ,  36 , 0.2)"
2015-02-01,Intex,Aqua Speed,136,"rgba( 237 ,  27 ,  36 , 0.2)"
2014-11-01,Intex,Aqua Power,141,"rgba( 237 ,  27 ,  36 , 0.2)"
2015-04-01,Intex,Aqua Power +,147,"rgba( 237 ,  27 ,  36 , 0.2)"
2014-12-01,Intex,Aqua 4.5E,133.4,"rgba( 237 ,  27 ,  36 , 0.2)"
2015-01-01,Lenovo,P90,150,"rgba( 0 ,  61 ,  123 , 0.2)"
2015-01-01,Lenovo,Vibe X2 Pro,146.3,"rgba( 0 ,  61 ,  123 , 0.2)"
2014-12-01,Lenovo,K3,141,"rgba( 0 ,  61 ,  123 , 0.2)"
2014-12-01,Lenovo,Golden Warrior Note 8,169.3,"rgba( 0 ,  61 ,  123 , 0.2)"
2014-11-01,Lenovo,A916,149.5,"rgba( 0 ,  61 ,  123 , 0.2)"
2014-10-01,Lenovo,A319,123.5,"rgba( 0 ,  61 ,  123 , 0.2)"
2014-10-01,Lenovo,S856,151,"rgba( 0 ,  61 ,  123 , 0.2)"
2014-09-01,Lenovo,S580,139.8,"rgba( 0 ,  61 ,  123 , 0.2)"
2014-11-01,Lenovo,S90 Sisley,146,"rgba( 0 ,  61 ,  123 , 0.2)"
2014-09-01,Lenovo,A606,141.5,"rgba( 0 ,  61 ,  123 , 0.2)"
2014-10-01,Lenovo,Yoga Tablet 2 10.1,255,"rgba( 0 ,  61 ,  123 , 0.2)"
2014-10-01,Lenovo,Yoga Tablet 2 8.0 ,210,"rgba( 0 ,  61 ,  123 , 0.2)"
2014-09-01,Lenovo,Tab S8,209.8,"rgba( 0 ,  61 ,  123 , 0.2)"
2014-09-01,Lenovo,Vibe X2,140.2,"rgba( 0 ,  61 ,  123 , 0.2)"
2014-09-01,Lenovo,Vibe Z2,148.5,"rgba( 0 ,  61 ,  123 , 0.2)"
2014-03-01,Lenovo,A850+,150,"rgba( 0 ,  61 ,  123 , 0.2)"
2014-08-01,Lenovo,Vibe Z2 Pro,156,"rgba( 0 ,  61 ,  123 , 0.2)"
2014-07-01,Lenovo,Golden Warrior A8,140.5,"rgba( 0 ,  61 ,  123 , 0.2)"
2014-05-01,Lenovo,Golden Warrior S8,146,"rgba( 0 ,  61 ,  123 , 0.2)"
2014-05-01,Lenovo,S939,159,"rgba( 0 ,  61 ,  123 , 0.2)"
2014-07-01,Lenovo,S750,135,"rgba( 0 ,  61 ,  123 , 0.2)"
2014-05-01,Lenovo,A889,164,"rgba( 0 ,  61 ,  123 , 0.2)"
2014-05-01,Lenovo,A680,145,"rgba( 0 ,  61 ,  123 , 0.2)"
2014-04-01,Lenovo,A316i,117,"rgba( 0 ,  61 ,  123 , 0.2)"
2014-07-01,Lenovo,A328,132,"rgba( 0 ,  61 ,  123 , 0.2)"
2014-07-01,Lenovo,A536,139.6,"rgba( 0 ,  61 ,  123 , 0.2)"
2014-04-01,Lenovo,A526,132,"rgba( 0 ,  61 ,  123 , 0.2)"
2014-04-01,Lenovo,A10-70 A7600,264.1,"rgba( 0 ,  61 ,  123 , 0.2)"
2014-04-01,Lenovo,A8-50 A5500,217,"rgba( 0 ,  61 ,  123 , 0.2)"
2014-04-01,Lenovo,A7-50 A3500,198,"rgba( 0 ,  61 ,  123 , 0.2)"
2014-04-01,Lenovo,A7-30 A3300,198,"rgba( 0 ,  61 ,  123 , 0.2)"
2014-02-01,Lenovo,Yoga Tablet 10 HD+,261,"rgba( 0 ,  61 ,  123 , 0.2)"
2014-02-01,Lenovo,S860,149.5,"rgba( 0 ,  61 ,  123 , 0.2)"
2014-02-01,Lenovo,S850,141,"rgba( 0 ,  61 ,  123 , 0.2)"
2014-02-01,Lenovo,S660,137,"rgba( 0 ,  61 ,  123 , 0.2)"
2014-01-01,Lenovo,A880,164,"rgba( 0 ,  61 ,  123 , 0.2)"
2014-01-01,Lenovo,A859,142,"rgba( 0 ,  61 ,  123 , 0.2)"
2013-12-01,Lenovo,S930,170,"rgba( 0 ,  61 ,  123 , 0.2)"
2013-12-01,Lenovo,S650,138,"rgba( 0 ,  61 ,  123 , 0.2)"
2013-11-01,Lenovo,Vibe Z K910,149.1,"rgba( 0 ,  61 ,  123 , 0.2)"
2013-10-01,Lenovo,Yoga Tablet 10,261,"rgba( 0 ,  61 ,  123 , 0.2)"
2013-10-01,Lenovo,Yoga Tablet 8,213,"rgba( 0 ,  61 ,  123 , 0.2)"
2013-09-01,Lenovo,A630,131,"rgba( 0 ,  61 ,  123 , 0.2)"
2013-07-01,Lenovo,A516,132,"rgba( 0 ,  61 ,  123 , 0.2)"
2013-09-01,Lenovo,Vibe X S960,144,"rgba( 0 ,  61 ,  123 , 0.2)"
2013-09-01,Lenovo,S5000,190.5,"rgba( 0 ,  61 ,  123 , 0.2)"
2013-08-01,Lenovo,A850,153.5,"rgba( 0 ,  61 ,  123 , 0.2)"
2013-01-01,Lenovo,A706,136,"rgba( 0 ,  61 ,  123 , 0.2)"
2013-06-01,Lenovo,P780,143,"rgba( 0 ,  61 ,  123 , 0.2)"
2013-05-01,Lenovo,S820,139.5,"rgba( 0 ,  61 ,  123 , 0.2)"
2013-04-01,Lenovo,A390,125.6,"rgba( 0 ,  61 ,  123 , 0.2)"
2013-07-01,Lenovo,A369i,124,"rgba( 0 ,  61 ,  123 , 0.2)"
2013-03-01,Lenovo,S920,154,"rgba( 0 ,  61 ,  123 , 0.2)"
2013-01-01,Lenovo,IdeaTab S6000H,260,"rgba( 0 ,  61 ,  123 , 0.2)"
2013-01-01,Lenovo,IdeaTab S6000F,260,"rgba( 0 ,  61 ,  123 , 0.2)"
2013-01-01,Lenovo,IdeaTab S6000L,260,"rgba( 0 ,  61 ,  123 , 0.2)"
2013-01-01,Lenovo,IdeaTab S6000,259.1,"rgba( 0 ,  61 ,  123 , 0.2)"
2013-01-01,Lenovo,IdeaTab A3000,194,"rgba( 0 ,  61 ,  123 , 0.2)"
2013-01-01,Lenovo,IdeaTab A1000,199,"rgba( 0 ,  61 ,  123 , 0.2)"
2013-01-01,Lenovo,K900,157,"rgba( 0 ,  61 ,  123 , 0.2)"
2013-01-01,Lenovo,S890,143,"rgba( 0 ,  61 ,  123 , 0.2)"
2013-01-01,Lenovo,IdeaTab A2107,195.1,"rgba( 0 ,  61 ,  123 , 0.2)"
2013-01-01,Lenovo,A830,147,"rgba( 0 ,  61 ,  123 , 0.2)"
2013-01-01,Lenovo,A820,135,"rgba( 0 ,  61 ,  123 , 0.2)"
2013-01-01,Lenovo,A800,133.5,"rgba( 0 ,  61 ,  123 , 0.2)"
2012-06-01,Lenovo,A789,126.6,"rgba( 0 ,  61 ,  123 , 0.2)"
2013-01-01,Lenovo,A690,124,"rgba( 0 ,  61 ,  123 , 0.2)"
2013-01-01,Lenovo,S720,132.3,"rgba( 0 ,  61 ,  123 , 0.2)"
2012-11-01,Lenovo,P770,133,"rgba( 0 ,  61 ,  123 , 0.2)"
2012-01-01,Lenovo,A60+,115.8,"rgba( 0 ,  61 ,  123 , 0.2)"
2012-01-01,Lenovo,S560,125,"rgba( 0 ,  61 ,  123 , 0.2)"
2012-08-01,Lenovo,S880,142,"rgba( 0 ,  61 ,  123 , 0.2)"
2012-09-01,Lenovo,A660,125,"rgba( 0 ,  61 ,  123 , 0.2)"
2012-08-01,Lenovo,K860,143.5,"rgba( 0 ,  61 ,  123 , 0.2)"
2012-01-01,Lenovo,P700i,125.6,"rgba( 0 ,  61 ,  123 , 0.2)"
2012-07-01,Lenovo,A65,116,"rgba( 0 ,  61 ,  123 , 0.2)"
2012-01-01,Lenovo,A335,118.5,"rgba( 0 ,  61 ,  123 , 0.2)"
2011-12-01,Lenovo,A185,118,"rgba( 0 ,  61 ,  123 , 0.2)"
2011-10-01,Lenovo,S800,120.5,"rgba( 0 ,  61 ,  123 , 0.2)"
2011-10-01,Lenovo,Q350,110,"rgba( 0 ,  61 ,  123 , 0.2)"
2011-10-01,Lenovo,Q330,103,"rgba( 0 ,  61 ,  123 , 0.2)"
2011-10-01,Lenovo,A336,113.5,"rgba( 0 ,  61 ,  123 , 0.2)"
2011-10-01,Lenovo,E156,101,"rgba( 0 ,  61 ,  123 , 0.2)"
2012-01-01,Lenovo,LePhone S2,122,"rgba( 0 ,  61 ,  123 , 0.2)"
2011-01-01,Lenovo,A60,116,"rgba( 0 ,  61 ,  123 , 0.2)"
2012-01-01,Lenovo,K800,130.5,"rgba( 0 ,  61 ,  123 , 0.2)"
2011-11-01,Lenovo,LePad S2010,265.9,"rgba( 0 ,  61 ,  123 , 0.2)"
2011-11-01,Lenovo,LePad S2007,200.2,"rgba( 0 ,  61 ,  123 , 0.2)"
2011-11-01,Lenovo,LePad S2005,155.5,"rgba( 0 ,  61 ,  123 , 0.2)"
2011-11-01,Lenovo,IdeaPad A1,195,"rgba( 0 ,  61 ,  123 , 0.2)"
2011-06-01,Lenovo,IdeaPad K1,264,"rgba( 0 ,  61 ,  123 , 0.2)"
2011-06-01,Lenovo,ThinkPad,260,"rgba( 0 ,  61 ,  123 , 0.2)"
2016-02-01,Lenovo,Vibe K5 Plus,142,"rgba( 0 ,  61 ,  123 , 0.2)"
2016-02-01,Lenovo,Vibe K5,142,"rgba( 0 ,  61 ,  123 , 0.2)"
2016-01-01,Lenovo,A7000 Turbo,152.6,"rgba( 0 ,  61 ,  123 , 0.2)"
2016-02-01,Lenovo,Vibe P1 Turbo,152.9,"rgba( 0 ,  61 ,  123 , 0.2)"
2016-01-01,Lenovo,K5 Note,152,"rgba( 0 ,  61 ,  123 , 0.2)"
2016-01-01,Lenovo,Lemon 3,142,"rgba( 0 ,  61 ,  123 , 0.2)"
2016-01-01,Lenovo,Vibe S1 Lite,145,"rgba( 0 ,  61 ,  123 , 0.2)"
2016-01-01,Lenovo,Vibe K4 Note,153.6,"rgba( 0 ,  61 ,  123 , 0.2)"
2015-11-01,Lenovo,Vibe X3 c78,153.6,"rgba( 0 ,  61 ,  123 , 0.2)"
2015-11-01,Lenovo,Vibe X3,154,"rgba( 0 ,  61 ,  123 , 0.2)"
2015-10-01,Lenovo,A3690,141.2,"rgba( 0 ,  61 ,  123 , 0.2)"
2015-10-01,Lenovo,Yoga Tab 3 8.0,209.8,"rgba( 0 ,  61 ,  123 , 0.2)"
2015-09-01,Lenovo,A1000,124.5,"rgba( 0 ,  61 ,  123 , 0.2)"
2015-09-01,Lenovo,Phab Plus,186.6,"rgba( 0 ,  61 ,  123 , 0.2)"
2015-09-01,Lenovo,Vibe P1,152.9,"rgba( 0 ,  61 ,  123 , 0.2)"
2015-09-01,Lenovo,A6010 Plus,141,"rgba( 0 ,  61 ,  123 , 0.2)"
2015-09-01,Lenovo,A6010,141,"rgba( 0 ,  61 ,  123 , 0.2)"
2015-09-01,Lenovo,Vibe P1m,141,"rgba( 0 ,  61 ,  123 , 0.2)"
2015-09-01,Lenovo,Vibe S1,143.3,"rgba( 0 ,  61 ,  123 , 0.2)"
2015-08-01,Lenovo,ZUK Z1,155.7,"rgba( 0 ,  61 ,  123 , 0.2)"
2015-08-01,Lenovo,A2010,131.5,"rgba( 0 ,  61 ,  123 , 0.2)"
2015-05-01,Lenovo,A3900,142.8,"rgba( 0 ,  61 ,  123 , 0.2)"
2015-01-01,Lenovo,S60,143.3,"rgba( 0 ,  61 ,  123 , 0.2)"
2015-04-01,Lenovo,A6000 Plus,141,"rgba( 0 ,  61 ,  123 , 0.2)"
2015-04-01,Lenovo,A1900,121,"rgba( 0 ,  61 ,  123 , 0.2)"
2015-03-01,Lenovo,K3 Note,152.6,"rgba( 0 ,  61 ,  123 , 0.2)"
2015-03-01,Lenovo,Vibe Shot,142,"rgba( 0 ,  61 ,  123 , 0.2)"
2015-09-01,Lenovo,A7000 Plus,152.6,"rgba( 0 ,  61 ,  123 , 0.2)"
2015-03-01,Lenovo,A7000,152.6,"rgba( 0 ,  61 ,  123 , 0.2)"
2015-02-01,Lenovo,A5000,140,"rgba( 0 ,  61 ,  123 , 0.2)"
2015-03-01,Lenovo,Tab 2 A10-70,247,"rgba( 0 ,  61 ,  123 , 0.2)"
2015-03-01,Lenovo,Tab 2 A8-50,210,"rgba( 0 ,  61 ,  123 , 0.2)"
2015-01-01,Lenovo,P70,142,"rgba( 0 ,  61 ,  123 , 0.2)"
2015-01-01,Lenovo,Tab 2 A7-30,191,"rgba( 0 ,  61 ,  123 , 0.2)"
2015-01-01,Lenovo,Tab 2 A7-10,189,"rgba( 0 ,  61 ,  123 , 0.2)"
2015-01-01,Lenovo,A6000,141,"rgba( 0 ,  61 ,  123 , 0.2)"
2009-02-01,i-mate,810-F,111,"rgba( 26 ,  118 ,  251 , 0.2)"
2007-10-01,i-mate,Ultimate 9502,116,"rgba( 26 ,  118 ,  251 , 0.2)"
2007-10-01,i-mate,Ultimate 8502,116,"rgba( 26 ,  118 ,  251 , 0.2)"
2007-10-01,i-mate,JAMA 201,113,"rgba( 26 ,  118 ,  251 , 0.2)"
2007-10-01,i-mate,JAMA 101,105,"rgba( 26 ,  118 ,  251 , 0.2)"
2007-06-01,i-mate,JAMA,106,"rgba( 26 ,  118 ,  251 , 0.2)"
2007-02-01,i-mate,Ultimate 9150,98,"rgba( 26 ,  118 ,  251 , 0.2)"
2007-02-01,i-mate,Ultimate 8150,118.5,"rgba( 26 ,  118 ,  251 , 0.2)"
2007-02-01,i-mate,Ultimate 7150,110,"rgba( 26 ,  118 ,  251 , 0.2)"
2007-02-01,i-mate,Ultimate 6150,118.5,"rgba( 26 ,  118 ,  251 , 0.2)"
2007-02-01,i-mate,Ultimate 5150,117,"rgba( 26 ,  118 ,  251 , 0.2)"
2007-02-01,i-mate,JAQ4,125,"rgba( 26 ,  118 ,  251 , 0.2)"
2006-11-01,i-mate,PDAL,112,"rgba( 26 ,  118 ,  251 , 0.2)"
2006-11-01,i-mate,JAQ3,126,"rgba( 26 ,  118 ,  251 , 0.2)"
2006-09-01,i-mate,SPL,114.5,"rgba( 26 ,  118 ,  251 , 0.2)"
2006-09-01,i-mate,JAQ,122,"rgba( 26 ,  118 ,  251 , 0.2)"
2006-06-01,i-mate,JASJAM,112.5,"rgba( 26 ,  118 ,  251 , 0.2)"
2006-08-01,i-mate,SPJAS,112.4,"rgba( 26 ,  118 ,  251 , 0.2)"
2006-02-01,i-mate,Smartflip,98.5,"rgba( 26 ,  118 ,  251 , 0.2)"
2006-01-01,i-mate,JAMin,108,"rgba( 26 ,  118 ,  251 , 0.2)"
2005-08-01,i-mate,JASJAR,127.7,"rgba( 26 ,  118 ,  251 , 0.2)"
2005-09-01,i-mate,K-JAM,108,"rgba( 26 ,  118 ,  251 , 0.2)"
2005-08-01,i-mate,SP5,107.5,"rgba( 26 ,  118 ,  251 , 0.2)"
2005-08-01,i-mate,SP5m,107.5,"rgba( 26 ,  118 ,  251 , 0.2)"
2005-09-01,i-mate,SP4m,109,"rgba( 26 ,  118 ,  251 , 0.2)"
2005-07-01,i-mate,JAM Black,108,"rgba( 26 ,  118 ,  251 , 0.2)"
2004-10-01,i-mate,JAM,108,"rgba( 26 ,  118 ,  251 , 0.2)"
2004-10-01,i-mate,PDA2,130,"rgba( 26 ,  118 ,  251 , 0.2)"
2004-07-01,i-mate,PDA2k,125,"rgba( 26 ,  118 ,  251 , 0.2)"
2004-07-01,i-mate,SP3i,107.5,"rgba( 26 ,  118 ,  251 , 0.2)"
2004-04-01,i-mate,SP3,107.5,"rgba( 26 ,  118 ,  251 , 0.2)"
2004-04-01,i-mate,Pocket PC,130,"rgba( 26 ,  118 ,  251 , 0.2)"
2004-01-01,i-mate,Smartphone2,120.4,"rgba( 26 ,  118 ,  251 , 0.2)"
2004-01-01,i-mate,Smartphone,120,"rgba( 26 ,  118 ,  251 , 0.2)"
2014-01-01,Celkon,Q3000,145.6,"rgba( 255 ,  0 ,  0 , 0.2)"
2014-01-01,Celkon,A35k,119,"rgba( 255 ,  0 ,  0 , 0.2)"
2014-01-01,Celkon,A125,138,"rgba( 255 ,  0 ,  0 , 0.2)"
2014-01-01,Celkon,C7010,102,"rgba( 255 ,  0 ,  0 , 0.2)"
2014-01-01,Celkon,C5055,102,"rgba( 255 ,  0 ,  0 , 0.2)"
2014-01-01,Celkon,C619,112,"rgba( 255 ,  0 ,  0 , 0.2)"
2014-01-01,Celkon,C349+,111.5,"rgba( 255 ,  0 ,  0 , 0.2)"
2014-01-01,Celkon,C66+,116.9,"rgba( 255 ,  0 ,  0 , 0.2)"
2014-01-01,Celkon,A64,124,"rgba( 255 ,  0 ,  0 , 0.2)"
2014-01-01,Celkon,A66,136,"rgba( 255 ,  0 ,  0 , 0.2)"
2014-01-01,Celkon,A9 Dual,120.5,"rgba( 255 ,  0 ,  0 , 0.2)"
2014-01-01,Celkon,A 107+,148,"rgba( 255 ,  0 ,  0 , 0.2)"
2014-01-01,Celkon,C4040,101,"rgba( 255 ,  0 ,  0 , 0.2)"
2014-01-01,Celkon,ARR35,128,"rgba( 255 ,  0 ,  0 , 0.2)"
2014-01-01,Celkon,CT 7,192,"rgba( 255 ,  0 ,  0 , 0.2)"
2014-01-01,Celkon,CT-888,196,"rgba( 255 ,  0 ,  0 , 0.2)"
2014-01-01,Celkon,C820,210,"rgba( 255 ,  0 ,  0 , 0.2)"
2014-01-01,Celkon,C720,194.6,"rgba( 255 ,  0 ,  0 , 0.2)"
2014-02-01,Celkon,S1,144,"rgba( 255 ,  0 ,  0 , 0.2)"
2014-01-01,Celkon,A40,126.2,"rgba( 255 ,  0 ,  0 , 0.2)"
2013-12-01,Celkon,AR50,144.3,"rgba( 255 ,  0 ,  0 , 0.2)"
2013-12-01,Celkon,AR40,126.2,"rgba( 255 ,  0 ,  0 , 0.2)"
2013-09-01,Celkon,Monalisa 5,131.1,"rgba( 255 ,  0 ,  0 , 0.2)"
2013-08-01,Celkon,C7030,112,"rgba( 255 ,  0 ,  0 , 0.2)"
2013-07-01,Celkon,CT-910+,193,"rgba( 255 ,  0 ,  0 , 0.2)"
2013-05-01,Celkon,A118,147,"rgba( 255 ,  0 ,  0 , 0.2)"
2013-03-01,Celkon,A107,148,"rgba( 255 ,  0 ,  0 , 0.2)"
2013-04-01,Celkon,A9+,119.5,"rgba( 255 ,  0 ,  0 , 0.2)"
2013-04-01,Celkon,A119Q Signature HD,148,"rgba( 255 ,  0 ,  0 , 0.2)"
2013-03-01,Celkon,A119 Signature HD,148,"rgba( 255 ,  0 ,  0 , 0.2)"
2013-01-01,Celkon,A79,115,"rgba( 255 ,  0 ,  0 , 0.2)"
2012-12-01,Celkon,A83,113.9,"rgba( 255 ,  0 ,  0 , 0.2)"
2012-12-01,Celkon,A77,118,"rgba( 255 ,  0 ,  0 , 0.2)"
2012-12-01,Celkon,CT 9,239,"rgba( 255 ,  0 ,  0 , 0.2)"
2012-12-01,Celkon,A200,130,"rgba( 255 ,  0 ,  0 , 0.2)"
2012-12-01,Celkon,C19,121.5,"rgba( 255 ,  0 ,  0 , 0.2)"
2012-11-01,Celkon,A900,152.8,"rgba( 255 ,  0 ,  0 , 0.2)"
2012-10-01,Celkon,A85,110,"rgba( 255 ,  0 ,  0 , 0.2)"
2012-09-01,Celkon,A22,131,"rgba( 255 ,  0 ,  0 , 0.2)"
2012-09-01,Celkon,CT 2,194,"rgba( 255 ,  0 ,  0 , 0.2)"
2012-09-01,Celkon,C52,118.1,"rgba( 255 ,  0 ,  0 , 0.2)"
2012-09-01,Celkon,C9 Star,114.3,"rgba( 255 ,  0 ,  0 , 0.2)"
2012-08-01,Celkon,CT 1,196,"rgba( 255 ,  0 ,  0 , 0.2)"
2012-08-01,Celkon,C24,123,"rgba( 255 ,  0 ,  0 , 0.2)"
2012-08-01,Celkon,C3000,118.7,"rgba( 255 ,  0 ,  0 , 0.2)"
2012-08-01,Celkon,A97i,124,"rgba( 255 ,  0 ,  0 , 0.2)"
2012-07-01,Celkon,A19,124,"rgba( 255 ,  0 ,  0 , 0.2)"
2012-07-01,Celkon,C607,110.1,"rgba( 255 ,  0 ,  0 , 0.2)"
2012-07-01,Celkon,C262,118,"rgba( 255 ,  0 ,  0 , 0.2)"
2012-01-01,Celkon,C360,119.5,"rgba( 255 ,  0 ,  0 , 0.2)"
2012-01-01,Celkon,C350,106,"rgba( 255 ,  0 ,  0 , 0.2)"
2012-04-01,Celkon,A97,124,"rgba( 255 ,  0 ,  0 , 0.2)"
2012-04-01,Celkon,A95,112,"rgba( 255 ,  0 ,  0 , 0.2)"
2012-04-01,Celkon,A90,128,"rgba( 255 ,  0 ,  0 , 0.2)"
2012-04-01,Celkon,A99+,126.1,"rgba( 255 ,  0 ,  0 , 0.2)"
2012-01-01,Celkon,C770N,118,"rgba( 255 ,  0 ,  0 , 0.2)"
2012-01-01,Celkon,C705,117,"rgba( 255 ,  0 ,  0 , 0.2)"
2012-01-01,Celkon,C606,119,"rgba( 255 ,  0 ,  0 , 0.2)"
2012-01-01,Celkon,C570,116.5,"rgba( 255 ,  0 ,  0 , 0.2)"
2012-01-01,Celkon,C504,117,"rgba( 255 ,  0 ,  0 , 0.2)"
2012-01-01,Celkon,C206,108,"rgba( 255 ,  0 ,  0 , 0.2)"
2012-01-01,Celkon,C203,107,"rgba( 255 ,  0 ,  0 , 0.2)"
2012-01-01,Celkon,C17,111,"rgba( 255 ,  0 ,  0 , 0.2)"
2012-01-01,Celkon,C75,110,"rgba( 255 ,  0 ,  0 , 0.2)"
2012-01-01,Celkon,i4,112,"rgba( 255 ,  0 ,  0 , 0.2)"
2012-01-01,Celkon,A88,116,"rgba( 255 ,  0 ,  0 , 0.2)"
2012-01-01,Celkon,C770 Dj,118,"rgba( 255 ,  0 ,  0 , 0.2)"
2012-01-01,Celkon,C769,117.5,"rgba( 255 ,  0 ,  0 , 0.2)"
2012-01-01,Celkon,C260,117.5,"rgba( 255 ,  0 ,  0 , 0.2)"
2012-01-01,Celkon,C55,95,"rgba( 255 ,  0 ,  0 , 0.2)"
2012-01-01,Celkon,A9,120,"rgba( 255 ,  0 ,  0 , 0.2)"
2012-01-01,Celkon,A99,121.4,"rgba( 255 ,  0 ,  0 , 0.2)"
2012-01-01,Celkon,C3030,120,"rgba( 255 ,  0 ,  0 , 0.2)"
2012-01-01,Celkon,C90,101,"rgba( 255 ,  0 ,  0 , 0.2)"
2011-01-01,Celkon,C909,115,"rgba( 255 ,  0 ,  0 , 0.2)"
2012-01-01,Celkon,C60,100,"rgba( 255 ,  0 ,  0 , 0.2)"
2011-01-01,Celkon,C305,105,"rgba( 255 ,  0 ,  0 , 0.2)"
2011-01-01,Celkon,C220,112,"rgba( 255 ,  0 ,  0 , 0.2)"
2011-01-01,Celkon,C303,112,"rgba( 255 ,  0 ,  0 , 0.2)"
2011-01-01,Celkon,C201,105,"rgba( 255 ,  0 ,  0 , 0.2)"
2011-01-01,Celkon,C202,115,"rgba( 255 ,  0 ,  0 , 0.2)"
2011-01-01,Celkon,C404,117,"rgba( 255 ,  0 ,  0 , 0.2)"
2011-01-01,Celkon,C5050,101.6,"rgba( 255 ,  0 ,  0 , 0.2)"
2011-01-01,Celkon,C227,117,"rgba( 255 ,  0 ,  0 , 0.2)"
2011-01-01,Celkon,i9,105,"rgba( 255 ,  0 ,  0 , 0.2)"
2011-01-01,Celkon,C2010,120,"rgba( 255 ,  0 ,  0 , 0.2)"
2011-01-01,Celkon,C207,107,"rgba( 255 ,  0 ,  0 , 0.2)"
2011-01-01,Celkon,A1,113.5,"rgba( 255 ,  0 ,  0 , 0.2)"
2011-01-01,Celkon,C609,112,"rgba( 255 ,  0 ,  0 , 0.2)"
2011-01-01,Celkon,C102,111,"rgba( 255 ,  0 ,  0 , 0.2)"
2011-01-01,Celkon,C77,110.2,"rgba( 255 ,  0 ,  0 , 0.2)"
2011-01-01,Celkon,C100,113,"rgba( 255 ,  0 ,  0 , 0.2)"
2011-01-01,Celkon,C555,108.3,"rgba( 255 ,  0 ,  0 , 0.2)"
2011-01-01,Celkon,C205,113,"rgba( 255 ,  0 ,  0 , 0.2)"
2011-01-01,Celkon,C44,114,"rgba( 255 ,  0 ,  0 , 0.2)"
2011-01-01,Celkon,C101,111,"rgba( 255 ,  0 ,  0 , 0.2)"
2011-01-01,Celkon,C33,111,"rgba( 255 ,  0 ,  0 , 0.2)"
2011-01-01,Celkon,C550,112.2,"rgba( 255 ,  0 ,  0 , 0.2)"
2011-01-01,Celkon,C66,114,"rgba( 255 ,  0 ,  0 , 0.2)"
2011-01-01,Celkon,C339,108,"rgba( 255 ,  0 ,  0 , 0.2)"
2011-01-01,Celkon,C10,108,"rgba( 255 ,  0 ,  0 , 0.2)"
2011-01-01,Celkon,C770,114,"rgba( 255 ,  0 ,  0 , 0.2)"
2011-01-01,Celkon,C20,108,"rgba( 255 ,  0 ,  0 , 0.2)"
2011-01-01,Celkon,C369,117,"rgba( 255 ,  0 ,  0 , 0.2)"
2011-01-01,Celkon,C88,109,"rgba( 255 ,  0 ,  0 , 0.2)"
2011-01-01,Celkon,C2000,119,"rgba( 255 ,  0 ,  0 , 0.2)"
2011-01-01,Celkon,C007,110,"rgba( 255 ,  0 ,  0 , 0.2)"
2011-01-01,Celkon,C999,112,"rgba( 255 ,  0 ,  0 , 0.2)"
2011-01-01,Celkon,C777,114.4,"rgba( 255 ,  0 ,  0 , 0.2)"
2011-01-01,Celkon,C1,105,"rgba( 255 ,  0 ,  0 , 0.2)"
2011-01-01,Celkon,C444,108,"rgba( 255 ,  0 ,  0 , 0.2)"
2011-01-01,Celkon,C2,99,"rgba( 255 ,  0 ,  0 , 0.2)"
2011-01-01,Celkon,C225,111,"rgba( 255 ,  0 ,  0 , 0.2)"
2011-01-01,Celkon,C111,111,"rgba( 255 ,  0 ,  0 , 0.2)"
2010-01-01,Celkon,C99,110,"rgba( 255 ,  0 ,  0 , 0.2)"
2011-01-01,Celkon,C3,117,"rgba( 255 ,  0 ,  0 , 0.2)"
2010-01-01,Celkon,C669,115,"rgba( 255 ,  0 ,  0 , 0.2)"
2010-01-01,Celkon,C9,109,"rgba( 255 ,  0 ,  0 , 0.2)"
2011-01-01,Celkon,C11,98,"rgba( 255 ,  0 ,  0 , 0.2)"
2011-01-01,Celkon,C333,110,"rgba( 255 ,  0 ,  0 , 0.2)"
2011-01-01,Celkon,C6,98,"rgba( 255 ,  0 ,  0 , 0.2)"
2010-01-01,Celkon,C509,108,"rgba( 255 ,  0 ,  0 , 0.2)"
2011-01-01,Celkon,C5,109,"rgba( 255 ,  0 ,  0 , 0.2)"
2011-01-01,Celkon,C7,104,"rgba( 255 ,  0 ,  0 , 0.2)"
2011-01-01,Celkon,C22,108,"rgba( 255 ,  0 ,  0 , 0.2)"
2011-01-01,Celkon,C347,105,"rgba( 255 ,  0 ,  0 , 0.2)"
2010-01-01,Celkon,C357,105,"rgba( 255 ,  0 ,  0 , 0.2)"
2010-01-01,Celkon,C367,103,"rgba( 255 ,  0 ,  0 , 0.2)"
2011-01-01,Celkon,C409,110,"rgba( 255 ,  0 ,  0 , 0.2)"
2010-01-01,Celkon,C449,110,"rgba( 255 ,  0 ,  0 , 0.2)"
2010-01-01,Celkon,C517,108,"rgba( 255 ,  0 ,  0 , 0.2)"
2010-01-01,Celkon,C567,105,"rgba( 255 ,  0 ,  0 , 0.2)"
2010-01-01,Celkon,C747,112,"rgba( 255 ,  0 ,  0 , 0.2)"
2010-01-01,Celkon,C867,110,"rgba( 255 ,  0 ,  0 , 0.2)"
2015-08-01,Celkon,A403,125,"rgba( 255 ,  0 ,  0 , 0.2)"
2015-08-01,Celkon,Campus Prime,132,"rgba( 255 ,  0 ,  0 , 0.2)"
2015-08-01,Celkon,Millennia Everest,157,"rgba( 255 ,  0 ,  0 , 0.2)"
2015-08-01,Celkon,Millennia Hero,125,"rgba( 255 ,  0 ,  0 , 0.2)"
2015-07-01,Celkon,Millennia Xplore,145.7,"rgba( 255 ,  0 ,  0 , 0.2)"
2015-07-01,Celkon,Q455L,136.5,"rgba( 255 ,  0 ,  0 , 0.2)"
2015-07-01,Celkon,2GB Xpress,133.5,"rgba( 255 ,  0 ,  0 , 0.2)"
2015-06-01,Celkon,A35k Remote,119,"rgba( 255 ,  0 ,  0 , 0.2)"
2015-07-01,Celkon,Q3K Power,125.8,"rgba( 255 ,  0 ,  0 , 0.2)"
2015-06-01,Celkon,Q5K Power,145,"rgba( 255 ,  0 ,  0 , 0.2)"
2015-05-01,Celkon,Q452,133.5,"rgba( 255 ,  0 ,  0 , 0.2)"
2015-06-01,Celkon,A402,125.5,"rgba( 255 ,  0 ,  0 , 0.2)"
2015-03-01,Celkon,Q54+,145,"rgba( 255 ,  0 ,  0 , 0.2)"
2015-05-01,Celkon,Q519,145.2,"rgba( 255 ,  0 ,  0 , 0.2)"
2015-04-01,Celkon,Q450,135,"rgba( 255 ,  0 ,  0 , 0.2)"
2015-05-01,Celkon,Q405,124,"rgba( 255 ,  0 ,  0 , 0.2)"
2015-04-01,Celkon,A518,145,"rgba( 255 ,  0 ,  0 , 0.2)"
2015-05-01,Celkon,A407,124.8,"rgba( 255 ,  0 ,  0 , 0.2)"
2015-05-01,Celkon,A359,114.5,"rgba( 255 ,  0 ,  0 , 0.2)"
2015-05-01,Celkon,A355,115.3,"rgba( 255 ,  0 ,  0 , 0.2)"
2014-07-01,Celkon,Campus Buddy A404,126.5,"rgba( 255 ,  0 ,  0 , 0.2)"
2015-01-01,Celkon,Millennia OCTA510,143.5,"rgba( 255 ,  0 ,  0 , 0.2)"
2014-11-01,Celkon,Win 400,125.4,"rgba( 255 ,  0 ,  0 , 0.2)"
2014-11-01,Celkon,Campus Whizz Q42,122,"rgba( 255 ,  0 ,  0 , 0.2)"
2014-11-01,Celkon,Millennia Epic Q550,152,"rgba( 255 ,  0 ,  0 , 0.2)"
2014-10-01,Celkon,Xion s CT695,180,"rgba( 255 ,  0 ,  0 , 0.2)"
2014-10-01,Celkon,Campus Colt A401,124.9,"rgba( 255 ,  0 ,  0 , 0.2)"
2014-10-01,Celkon,Campus Crown Q40,125.5,"rgba( 255 ,  0 ,  0 , 0.2)"
2014-10-01,Celkon,Glory Q5,144.7,"rgba( 255 ,  0 ,  0 , 0.2)"
2014-07-01,Celkon,A43,124,"rgba( 255 ,  0 ,  0 , 0.2)"
2014-07-01,Celkon,A42,124.5,"rgba( 255 ,  0 ,  0 , 0.2)"
2014-01-01,Celkon,Q500 Millennium Ultra,145.6,"rgba( 255 ,  0 ,  0 , 0.2)"
2014-01-01,Celkon,Q44,129,"rgba( 255 ,  0 ,  0 , 0.2)"
2014-08-01,Celkon,A500,141.4,"rgba( 255 ,  0 ,  0 , 0.2)"
2014-01-01,Celkon,A21,124.8,"rgba( 255 ,  0 ,  0 , 0.2)"
2014-01-01,Celkon,A115,148,"rgba( 255 ,  0 ,  0 , 0.2)"
2014-01-01,Celkon,Q455,136.5,"rgba( 255 ,  0 ,  0 , 0.2)"
2014-01-01,Celkon,Q470,138.4,"rgba( 255 ,  0 ,  0 , 0.2)"
2014-10-01,Allview,Impera M,122.5,"rgba( 247 ,  160 ,  164 , 0.2)"
2014-06-01,Allview,Impera S,144.9,"rgba( 247 ,  160 ,  164 , 0.2)"
2014-06-01,Allview,Impera i,135.8,"rgba( 247 ,  160 ,  164 , 0.2)"
2014-06-01,Allview,A6 Quad,125.4,"rgba( 247 ,  160 ,  164 , 0.2)"
2014-05-01,Allview,X2 Soul,145.1,"rgba( 247 ,  160 ,  164 , 0.2)"
2014-04-01,Allview,P7 Xtreme,139.7,"rgba( 247 ,  160 ,  164 , 0.2)"
2014-02-01,Allview,X1 Xtreme,150.6,"rgba( 247 ,  160 ,  164 , 0.2)"
2014-02-01,Allview,V1 Viper S,144,"rgba( 247 ,  160 ,  164 , 0.2)"
2014-11-01,Allview,Wi10N PRO,258,"rgba( 247 ,  160 ,  164 , 0.2)"
2014-12-01,Allview,Wi8G,206.5,"rgba( 247 ,  160 ,  164 , 0.2)"
2014-11-01,Allview,Wi7,194,"rgba( 247 ,  160 ,  164 , 0.2)"
2014-06-01,Allview,Viva i10G,239,"rgba( 247 ,  160 ,  164 , 0.2)"
2014-07-01,Allview,Viva H10 HD,258,"rgba( 247 ,  160 ,  164 , 0.2)"
2014-12-01,Allview,Viva H10 LTE,244,"rgba( 247 ,  160 ,  164 , 0.2)"
2014-01-01,Allview,Viva H8 LTE,210,"rgba( 247 ,  160 ,  164 , 0.2)"
2014-06-01,Allview,Viva H7S,191,"rgba( 247 ,  160 ,  164 , 0.2)"
2014-01-01,Allview,Viva H7 LTE,188,"rgba( 247 ,  160 ,  164 , 0.2)"
2014-01-01,Allview,Viva D8,199,"rgba( 247 ,  160 ,  164 , 0.2)"
2014-01-01,Allview,AX4 Nano,190.9,"rgba( 247 ,  160 ,  164 , 0.2)"
2013-11-01,Allview,AX3 Party,198,"rgba( 247 ,  160 ,  164 , 0.2)"
2013-11-01,Allview,Viva i8,200,"rgba( 247 ,  160 ,  164 , 0.2)"
2013-11-01,Allview,Viva Q7 Life,192.5,"rgba( 247 ,  160 ,  164 , 0.2)"
2013-11-01,Allview,3 Speed Quad HD,242.5,"rgba( 247 ,  160 ,  164 , 0.2)"
2013-10-01,Allview,City Life,192.5,"rgba( 247 ,  160 ,  164 , 0.2)"
2013-09-01,Allview,2 Speed Quad,200,"rgba( 247 ,  160 ,  164 , 0.2)"
2013-08-01,Allview,City+,192.5,"rgba( 247 ,  160 ,  164 , 0.2)"
2013-08-01,Allview,Viva H8,200,"rgba( 247 ,  160 ,  164 , 0.2)"
2013-07-01,Allview,Viva Q8,200,"rgba( 247 ,  160 ,  164 , 0.2)"
2014-01-01,Allview,Start M7,119,"rgba( 247 ,  160 ,  164 , 0.2)"
2014-01-01,Allview,P6 Quad Plus,135,"rgba( 247 ,  160 ,  164 , 0.2)"
2014-01-01,Allview,A5 Quad,129.2,"rgba( 247 ,  160 ,  164 , 0.2)"
2013-12-01,Allview,P5 Symbol,136.6,"rgba( 247 ,  160 ,  164 , 0.2)"
2013-11-01,Allview,X1 Soul Mini,130.4,"rgba( 247 ,  160 ,  164 , 0.2)"
2013-11-01,Allview,X1 Soul,143,"rgba( 247 ,  160 ,  164 , 0.2)"
2013-11-01,Allview,A4 Duo,116.1,"rgba( 247 ,  160 ,  164 , 0.2)"
2013-08-01,Allview,A5 Duo,126,"rgba( 247 ,  160 ,  164 , 0.2)"
2013-08-01,Allview,H2 Qubo,136,"rgba( 247 ,  160 ,  164 , 0.2)"
2014-05-01,Allview,Viper i V1,134.5,"rgba( 247 ,  160 ,  164 , 0.2)"
2013-06-01,Allview,Viper V1,137.5,"rgba( 247 ,  160 ,  164 , 0.2)"
2013-06-01,Allview,P5 Qmax,153,"rgba( 247 ,  160 ,  164 , 0.2)"
2013-04-01,Allview,P6 Quad,135,"rgba( 247 ,  160 ,  164 , 0.2)"
2013-04-01,Allview,Simply S5,123,"rgba( 247 ,  160 ,  164 , 0.2)"
2013-04-01,Allview,A4ALL,115,"rgba( 247 ,  160 ,  164 , 0.2)"
2013-02-01,Allview,P5 Quad,136.5,"rgba( 247 ,  160 ,  164 , 0.2)"
2012-11-01,Allview,P6 Stony,136,"rgba( 247 ,  160 ,  164 , 0.2)"
2012-10-01,Allview,P4 Duo,128,"rgba( 247 ,  160 ,  164 , 0.2)"
2012-11-01,Allview,P5 Mini,125,"rgba( 247 ,  160 ,  164 , 0.2)"
2012-09-01,Allview,P5 AllDro,130,"rgba( 247 ,  160 ,  164 , 0.2)"
2012-08-01,Allview,P4 AllDro,127.2,"rgba( 247 ,  160 ,  164 , 0.2)"
2012-01-01,Allview,P3 AllDro,121.5,"rgba( 247 ,  160 ,  164 , 0.2)"
2012-01-01,Allview,P2 AllDro,116,"rgba( 247 ,  160 ,  164 , 0.2)"
2011-10-01,Allview,P1 AllDro,115.9,"rgba( 247 ,  160 ,  164 , 0.2)"
2012-11-01,Allview,L4 Class,108,"rgba( 247 ,  160 ,  164 , 0.2)"
2012-02-01,Allview,M6 Stark,109.8,"rgba( 247 ,  160 ,  164 , 0.2)"
2016-01-01,Allview,X3 Soul,151.9,"rgba( 247 ,  160 ,  164 , 0.2)"
2015-11-01,Allview,X2 Soul Style + Platinum,142.4,"rgba( 247 ,  160 ,  164 , 0.2)"
2015-11-01,Allview,X2 Soul Style,142.4,"rgba( 247 ,  160 ,  164 , 0.2)"
2015-09-01,Allview,X2 Soul Lite,143,"rgba( 247 ,  160 ,  164 , 0.2)"
2015-10-01,Allview,V2 Viper X+,154,"rgba( 247 ,  160 ,  164 , 0.2)"
2015-10-01,Allview,V2 Viper X,154,"rgba( 247 ,  160 ,  164 , 0.2)"
2015-10-01,Allview,V2 Viper,137.2,"rgba( 247 ,  160 ,  164 , 0.2)"
2015-12-01,Allview,V2 Viper i,143.3,"rgba( 247 ,  160 ,  164 , 0.2)"
2016-01-01,Allview,P8 Energy mini,143.3,"rgba( 247 ,  160 ,  164 , 0.2)"
2016-01-01,Allview,P5 Pro,136,"rgba( 247 ,  160 ,  164 , 0.2)"
2015-06-01,Allview,AX4 Nano Plus,189,"rgba( 247 ,  160 ,  164 , 0.2)"
2015-09-01,Allview,Viva C701,189,"rgba( 247 ,  160 ,  164 , 0.2)"
2015-11-01,Allview,P6 Pro,144,"rgba( 247 ,  160 ,  164 , 0.2)"
2015-09-01,Allview,P8 Energy,152,"rgba( 247 ,  160 ,  164 , 0.2)"
2015-09-01,Allview,P5 Energy,134.2,"rgba( 247 ,  160 ,  164 , 0.2)"
2015-09-01,Allview,E4,140.7,"rgba( 247 ,  160 ,  164 , 0.2)"
2015-09-01,Allview,E4 Lite,140.7,"rgba( 247 ,  160 ,  164 , 0.2)"
2015-08-01,Allview,E3 Living,133.3,"rgba( 247 ,  160 ,  164 , 0.2)"
2015-08-01,Allview,A5 Easy,125,"rgba( 247 ,  160 ,  164 , 0.2)"
2015-02-01,Allview,E2 Jump,134.6,"rgba( 247 ,  160 ,  164 , 0.2)"
2015-03-01,Allview,E3 Sign,152.5,"rgba( 247 ,  160 ,  164 , 0.2)"
2014-12-01,Allview,P4 Life,120.9,"rgba( 247 ,  160 ,  164 , 0.2)"
2014-12-01,Allview,P5 Life,133.2,"rgba( 247 ,  160 ,  164 , 0.2)"
2015-01-01,Allview,P6 Energy,144.5,"rgba( 247 ,  160 ,  164 , 0.2)"
2014-09-01,Allview,Viper E,131,"rgba( 247 ,  160 ,  164 , 0.2)"
2015-02-01,Allview,Viper L,142,"rgba( 247 ,  160 ,  164 , 0.2)"
2015-01-01,Allview,V1 Viper i4G,137.3,"rgba( 247 ,  160 ,  164 , 0.2)"
2014-09-01,Allview,V1 Viper S4G,143,"rgba( 247 ,  160 ,  164 , 0.2)"
2015-03-01,Allview,X2 Soul Pro,148.8,"rgba( 247 ,  160 ,  164 , 0.2)"
2014-06-01,Allview,W1i,135.8,"rgba( 247 ,  160 ,  164 , 0.2)"
2014-06-01,Allview,W1s,144.9,"rgba( 247 ,  160 ,  164 , 0.2)"
2015-06-01,Allview,X2 Xtreme,164,"rgba( 247 ,  160 ,  164 , 0.2)"
2014-05-01,Allview,P6 Life,145.9,"rgba( 247 ,  160 ,  164 , 0.2)"
2014-06-01,Allview,C5 Smiley,125,"rgba( 247 ,  160 ,  164 , 0.2)"
2014-12-01,Allview,C6 Quad 4G,134.5,"rgba( 247 ,  160 ,  164 , 0.2)"
2014-05-01,Allview,E2 Living,124.6,"rgba( 247 ,  160 ,  164 , 0.2)"
2014-08-01,Allview,Twin X2,140.3,"rgba( 247 ,  160 ,  164 , 0.2)"
2014-07-01,Allview,P7 Seon,157,"rgba( 247 ,  160 ,  164 , 0.2)"
2014-11-01,Allview,X1 Xtreme Mini,137,"rgba( 247 ,  160 ,  164 , 0.2)"
2014-10-01,Allview,X2 Soul Mini,139.8,"rgba( 247 ,  160 ,  164 , 0.2)"
2011-02-01,iNQ,Cloud Touch,114,"rgba( 255 ,  0 ,  0 , 0.2)"
2009-09-01,iNQ,Mini 3G,102.9,"rgba( 255 ,  0 ,  0 , 0.2)"
2009-02-01,iNQ,iNQ1,97,"rgba( 255 ,  0 ,  0 , 0.2)"
2007-12-01,VK Mobile,VK2030,107,"rgba( 22 ,  37 ,  102 , 0.2)"
2006-03-01,VK Mobile,VK2200,97.8,"rgba( 22 ,  37 ,  102 , 0.2)"
2006-03-01,VK Mobile,VK7000,105,"rgba( 22 ,  37 ,  102 , 0.2)"
2006-03-01,VK Mobile,VK5000,91.8,"rgba( 22 ,  37 ,  102 , 0.2)"
2006-03-01,VK Mobile,VK4000,85,"rgba( 22 ,  37 ,  102 , 0.2)"
2005-07-01,VK Mobile,VK300,79.5,"rgba( 22 ,  37 ,  102 , 0.2)"
2006-03-01,VK Mobile,VK4100,104,"rgba( 22 ,  37 ,  102 , 0.2)"
2005-10-01,VK Mobile,VK4500,98,"rgba( 22 ,  37 ,  102 , 0.2)"
2005-10-01,VK Mobile,VK3100,98,"rgba( 22 ,  37 ,  102 , 0.2)"
2015-09-01,Cat,S30,141.9,"rgba( 0 ,  0 ,  0 , 0.2)"
2015-07-01,Cat,S40,144.9,"rgba( 0 ,  0 ,  0 , 0.2)"
2015-06-01,Cat,B30,118,"rgba( 0 ,  0 ,  0 , 0.2)"
2014-04-01,Cat,B15 Q,125,"rgba( 0 ,  0 ,  0 , 0.2)"
2014-09-01,Cat,S50,144.5,"rgba( 0 ,  0 ,  0 , 0.2)"
2013-01-01,Cat,B15,125,"rgba( 0 ,  0 ,  0 , 0.2)"
2013-01-01,Cat,B100,123,"rgba( 0 ,  0 ,  0 , 0.2)"
2013-01-01,Cat,B25,125,"rgba( 0 ,  0 ,  0 , 0.2)"
2010-10-01,Modu,T,76,"rgba( 212 ,  212 ,  212 , 0.2)"
2009-01-01,Modu,Night jacket,97.5,"rgba( 212 ,  212 ,  212 , 0.2)"
2009-01-01,Modu,Sport jacket,100,"rgba( 212 ,  212 ,  212 , 0.2)"
2009-01-01,Modu,Speedy jacket,95,"rgba( 212 ,  212 ,  212 , 0.2)"
2009-01-01,Modu,Shiny jacket,95,"rgba( 212 ,  212 ,  212 , 0.2)"
2009-01-01,Modu,Mini jacket,91.3,"rgba( 212 ,  212 ,  212 , 0.2)"
2009-01-01,Modu,Express jacket,102.9,"rgba( 212 ,  212 ,  212 , 0.2)"
2009-04-01,Modu,Phone,72.1,"rgba( 212 ,  212 ,  212 , 0.2)"
2005-10-01,O2,XDA Orion,107.5,"rgba( 0 ,  0 ,  93 , 0.2)"
2005-08-01,O2,XDA Exec,127,"rgba( 0 ,  0 ,  93 , 0.2)"
2005-07-01,O2,XDA mini S,108,"rgba( 0 ,  0 ,  93 , 0.2)"
2005-09-01,O2,XDA phone,107,"rgba( 0 ,  0 ,  93 , 0.2)"
2005-01-01,O2,Xphone IIm,107,"rgba( 0 ,  0 ,  93 , 0.2)"
2004-10-01,O2,XDA II mini,108,"rgba( 0 ,  0 ,  93 , 0.2)"
2004-10-01,O2,XDA IIs,125,"rgba( 0 ,  0 ,  93 , 0.2)"
2004-10-01,O2,XDA IIi,130,"rgba( 0 ,  0 ,  93 , 0.2)"
2004-10-01,O2,Xphone II,107,"rgba( 0 ,  0 ,  93 , 0.2)"
2003-01-01,O2,XDA II,130,"rgba( 0 ,  0 ,  93 , 0.2)"
2003-01-01,O2,Xphone,120,"rgba( 0 ,  0 ,  93 , 0.2)"
2003-01-01,O2,XDA,129,"rgba( 0 ,  0 ,  93 , 0.2)"
2008-07-01,O2,XDA Serra,102,"rgba( 0 ,  0 ,  93 , 0.2)"
2008-12-01,O2,XDA Guide,102,"rgba( 0 ,  0 ,  93 , 0.2)"
2008-10-01,O2,XDA Zest,102,"rgba( 0 ,  0 ,  93 , 0.2)"
2008-08-01,O2,XDA Ignito,102,"rgba( 0 ,  0 ,  93 , 0.2)"
2007-11-01,O2,XDA Stellar,112,"rgba( 0 ,  0 ,  93 , 0.2)"
2007-11-01,O2,XDA Orbit II,110,"rgba( 0 ,  0 ,  93 , 0.2)"
2007-09-01,O2,XDA Comet,106,"rgba( 0 ,  0 ,  93 , 0.2)"
2007-06-01,O2,XDA Nova,100,"rgba( 0 ,  0 ,  93 , 0.2)"
2007-03-01,O2,XDA Terra,109,"rgba( 0 ,  0 ,  93 , 0.2)"
2007-05-01,O2,XDA Argon,130,"rgba( 0 ,  0 ,  93 , 0.2)"
2007-10-01,O2,XDA Star,107,"rgba( 0 ,  0 ,  93 , 0.2)"
2007-06-01,O2,Cocoon,94,"rgba( 0 ,  0 ,  93 , 0.2)"
2007-02-01,O2,XDA Flame,126,"rgba( 0 ,  0 ,  93 , 0.2)"
2007-01-01,O2,XDA Atom Life,106,"rgba( 0 ,  0 ,  93 , 0.2)"
2006-12-01,O2,XDA Zinc,109,"rgba( 0 ,  0 ,  93 , 0.2)"
2006-12-01,O2,XDA Graphite,109.5,"rgba( 0 ,  0 ,  93 , 0.2)"
2006-09-01,O2,XDA Orbit,108,"rgba( 0 ,  0 ,  93 , 0.2)"
2006-09-01,O2,Cosmo,111,"rgba( 0 ,  0 ,  93 , 0.2)"
2006-09-01,O2,XDA Stealth,110,"rgba( 0 ,  0 ,  93 , 0.2)"
2006-10-01,O2,Jet,117,"rgba( 0 ,  0 ,  93 , 0.2)"
2006-08-01,O2,Ice,118,"rgba( 0 ,  0 ,  93 , 0.2)"
2006-06-01,O2,XDA Atom Exec,102,"rgba( 0 ,  0 ,  93 , 0.2)"
2006-05-01,O2,XDA Trion,113,"rgba( 0 ,  0 ,  93 , 0.2)"
2006-02-01,O2,XDA Neo,108.8,"rgba( 0 ,  0 ,  93 , 0.2)"
2005-11-01,O2,XDA Atom,102,"rgba( 0 ,  0 ,  93 , 0.2)"
2008-11-01,AT&T,Quickfire,109,"rgba( 0 ,  0 ,  0 , 0.2)"
2007-10-01,AT&T,Mustang,102,"rgba( 0 ,  0 ,  0 , 0.2)"
2006-06-01,AT&T,8525,113,"rgba( 0 ,  0 ,  0 , 0.2)"
2016-02-01,Microsoft,Lumia 650,142,"rgba( 0 ,  161 ,  241 , 0.2)"
2015-10-01,Microsoft,Lumia 950 XL Dual SIM,151.9,"rgba( 0 ,  161 ,  241 , 0.2)"
2015-10-01,Microsoft,Lumia 950 XL,151.9,"rgba( 0 ,  161 ,  241 , 0.2)"
2015-10-01,Microsoft,Lumia 950 Dual SIM,145,"rgba( 0 ,  161 ,  241 , 0.2)"
2015-10-01,Microsoft,Lumia 950,145,"rgba( 0 ,  161 ,  241 , 0.2)"
2015-10-01,Microsoft,Lumia 550,136.1,"rgba( 0 ,  161 ,  241 , 0.2)"
2015-04-01,Microsoft,Lumia 540 Dual SIM,144,"rgba( 0 ,  161 ,  241 , 0.2)"
2015-03-01,Microsoft,Lumia 430 Dual SIM,120.5,"rgba( 0 ,  161 ,  241 , 0.2)"
2015-03-01,Microsoft,Lumia 640 XL LTE Dual SIM,157.9,"rgba( 0 ,  161 ,  241 , 0.2)"
2015-03-01,Microsoft,Lumia 640 XL LTE,157.9,"rgba( 0 ,  161 ,  241 , 0.2)"
2015-03-01,Microsoft,Lumia 640 XL Dual SIM,157.9,"rgba( 0 ,  161 ,  241 , 0.2)"
2015-03-01,Microsoft,Lumia 640 XL,157.9,"rgba( 0 ,  161 ,  241 , 0.2)"
2015-03-01,Microsoft,Lumia 640 LTE Dual SIM,141.3,"rgba( 0 ,  161 ,  241 , 0.2)"
2015-03-01,Microsoft,Lumia 640 LTE,141.3,"rgba( 0 ,  161 ,  241 , 0.2)"
2015-03-01,Microsoft,Lumia 640 Dual SIM,141.3,"rgba( 0 ,  161 ,  241 , 0.2)"
2015-01-01,Microsoft,Lumia 532 Dual SIM,118.9,"rgba( 0 ,  161 ,  241 , 0.2)"
2015-01-01,Microsoft,Lumia 532,118.9,"rgba( 0 ,  161 ,  241 , 0.2)"
2015-01-01,Microsoft,Lumia 435 Dual SIM,118.1,"rgba( 0 ,  161 ,  241 , 0.2)"
2015-01-01,Microsoft,Lumia 435,118.1,"rgba( 0 ,  161 ,  241 , 0.2)"
2014-11-01,Microsoft,Lumia 535 Dual SIM,140.2,"rgba( 0 ,  161 ,  241 , 0.2)"
2014-11-01,Microsoft,Lumia 535,140.2,"rgba( 0 ,  161 ,  241 , 0.2)"
2013-09-01,Microsoft,Surface 2,274.6,"rgba( 0 ,  161 ,  241 , 0.2)"
2012-10-01,Microsoft,Surface,274.6,"rgba( 0 ,  161 ,  241 , 0.2)"
2010-11-01,Microsoft,Kin TWOm,111.3,"rgba( 0 ,  161 ,  241 , 0.2)"
2010-11-01,Microsoft,Kin ONEm,84.1,"rgba( 0 ,  161 ,  241 , 0.2)"
2010-04-01,Microsoft,Kin Two,115.1,"rgba( 0 ,  161 ,  241 , 0.2)"
2010-04-01,Microsoft,Kin One,82.6,"rgba( 0 ,  161 ,  241 , 0.2)"
2004-04-01,Eten,P300,117,"rgba( 0 ,  0 ,  0 , 0.2)"
2004-01-01,Eten,P700,131,"rgba( 0 ,  0 ,  0 , 0.2)"
2008-06-01,Eten,glofiish X610,107,"rgba( 0 ,  0 ,  0 , 0.2)"
2008-06-01,Eten,glofiish V900,106,"rgba( 0 ,  0 ,  0 , 0.2)"
2008-06-01,Eten,glofiish X900,106,"rgba( 0 ,  0 ,  0 , 0.2)"
2008-06-01,Eten,glofiish DX900,106,"rgba( 0 ,  0 ,  0 , 0.2)"
2008-04-01,Eten,glofiish M750,109.5,"rgba( 0 ,  0 ,  0 , 0.2)"
2008-04-01,Eten,glofiish M810,109.5,"rgba( 0 ,  0 ,  0 , 0.2)"
2008-01-01,Eten,glofiish X650,107,"rgba( 0 ,  0 ,  0 , 0.2)"
2007-10-01,Eten,glofiish X600,107,"rgba( 0 ,  0 ,  0 , 0.2)"
2007-05-01,Eten,glofiish X500+,113,"rgba( 0 ,  0 ,  0 , 0.2)"
2007-03-01,Eten,glofiish X800,113.5,"rgba( 0 ,  0 ,  0 , 0.2)"
2006-11-01,Eten,glofiish M700,117.5,"rgba( 0 ,  0 ,  0 , 0.2)"
2006-10-01,Eten,glofiish X500,113,"rgba( 0 ,  0 ,  0 , 0.2)"
2006-04-01,Eten,M550,112,"rgba( 0 ,  0 ,  0 , 0.2)"
2006-08-01,Eten,G500+,119,"rgba( 0 ,  0 ,  0 , 0.2)"
2006-06-01,Eten,M600+,111.7,"rgba( 0 ,  0 ,  0 , 0.2)"
2006-01-01,Eten,G500,119,"rgba( 0 ,  0 ,  0 , 0.2)"
2005-10-01,Eten,M600,111.7,"rgba( 0 ,  0 ,  0 , 0.2)"
2004-10-01,Eten,M500,111.7,"rgba( 0 ,  0 ,  0 , 0.2)"
2004-04-01,Eten,P300B,117,"rgba( 0 ,  0 ,  0 , 0.2)"
2014-06-01,Asus,Memo Pad 8 ME581CL,213,"rgba( 42 ,  67 ,  100 , 0.2)"
2014-06-01,Asus,Memo Pad 8 ME181C,211.7,"rgba( 42 ,  67 ,  100 , 0.2)"
2014-06-01,Asus,Memo Pad 7 ME176C,189.3,"rgba( 42 ,  67 ,  100 , 0.2)"
2014-06-01,Asus,Fonepad 8 FE380CG,214,"rgba( 42 ,  67 ,  100 , 0.2)"
2014-09-01,Asus,Fonepad 7 FE375CXG,194.3,"rgba( 42 ,  67 ,  100 , 0.2)"
2014-06-01,Asus,Fonepad 7 FE375CG,194.3,"rgba( 42 ,  67 ,  100 , 0.2)"
2014-06-01,Asus,Transformer Pad TF303CL,257.4,"rgba( 42 ,  67 ,  100 , 0.2)"
2014-06-01,Asus,Transformer Pad TF103C,257.5,"rgba( 42 ,  67 ,  100 , 0.2)"
2014-05-01,Asus,Fonepad 7 (2014),192,"rgba( 42 ,  67 ,  100 , 0.2)"
2014-03-01,Asus,PadFone X,143.4,"rgba( 42 ,  67 ,  100 , 0.2)"
2014-03-01,Asus,PadFone S,143.4,"rgba( 42 ,  67 ,  100 , 0.2)"
2014-02-01,Asus,PadFone Infinity Lite,143.5,"rgba( 42 ,  67 ,  100 , 0.2)"
2014-01-01,Asus,PadFone E,139.6,"rgba( 42 ,  67 ,  100 , 0.2)"
2014-01-01,Asus,Zenfone 6 A601CG,166.9,"rgba( 42 ,  67 ,  100 , 0.2)"
2014-01-01,Asus,Zenfone 6 A600CG,166.9,"rgba( 42 ,  67 ,  100 , 0.2)"
2015-01-01,Asus,Zenfone 5 A501CG,148.2,"rgba( 42 ,  67 ,  100 , 0.2)"
2014-01-01,Asus,Zenfone 5 A500CG,148.2,"rgba( 42 ,  67 ,  100 , 0.2)"
2014-01-01,Asus,Zenfone 4,124.4,"rgba( 42 ,  67 ,  100 , 0.2)"
2014-09-01,Asus,PadFone mini 4G (Intel),132,"rgba( 42 ,  67 ,  100 , 0.2)"
2014-01-01,Asus,PadFone mini (Intel),124.4,"rgba( 42 ,  67 ,  100 , 0.2)"
2013-12-01,Asus,PadFone mini,129.3,"rgba( 42 ,  67 ,  100 , 0.2)"
2013-09-01,Asus,Transformer Book Trio,304.8,"rgba( 42 ,  67 ,  100 , 0.2)"
2013-09-01,Asus,PadFone Infinity 2,143.5,"rgba( 42 ,  67 ,  100 , 0.2)"
2013-09-01,Asus,Memo Pad 10,256,"rgba( 42 ,  67 ,  100 , 0.2)"
2013-09-01,Asus,Memo Pad 8 ME180A,212.4,"rgba( 42 ,  67 ,  100 , 0.2)"
2013-09-01,Asus,Fonepad 7,196.8,"rgba( 42 ,  67 ,  100 , 0.2)"
2013-07-01,Asus,Google Nexus 7 (2013),200,"rgba( 42 ,  67 ,  100 , 0.2)"
2013-06-01,Asus,Fonepad Note FHD6,164.8,"rgba( 42 ,  67 ,  100 , 0.2)"
2013-06-01,Asus,Transformer Pad TF701T,263,"rgba( 42 ,  67 ,  100 , 0.2)"
2013-06-01,Asus,Memo Pad FHD10,264.6,"rgba( 42 ,  67 ,  100 , 0.2)"
2013-06-01,Asus,Memo Pad HD7 8 GB,196.8,"rgba( 42 ,  67 ,  100 , 0.2)"
2013-06-01,Asus,Memo Pad HD7 16 GB,196.8,"rgba( 42 ,  67 ,  100 , 0.2)"
2013-02-01,Asus,Fonepad,196.4,"rgba( 42 ,  67 ,  100 , 0.2)"
2013-02-01,Asus,PadFone Infinity,143.5,"rgba( 42 ,  67 ,  100 , 0.2)"
2013-02-01,Asus,Memo Pad Smart 10,263,"rgba( 42 ,  67 ,  100 , 0.2)"
2013-01-01,Asus,Memo Pad ME172V,196.2,"rgba( 42 ,  67 ,  100 , 0.2)"
2012-10-01,Asus,Google Nexus 7 Cellular,198.5,"rgba( 42 ,  67 ,  100 , 0.2)"
2012-10-01,Asus,VivoTab RT TF600T,262.5,"rgba( 42 ,  67 ,  100 , 0.2)"
2012-10-01,Asus,PadFone 2,137.9,"rgba( 42 ,  67 ,  100 , 0.2)"
2012-06-01,Asus,Google Nexus 7,198.5,"rgba( 42 ,  67 ,  100 , 0.2)"
2012-02-01,Asus,Transformer Pad Infinity 700 LTE,262.9,"rgba( 42 ,  67 ,  100 , 0.2)"
2012-02-01,Asus,Transformer Pad Infinity 700 3G,263,"rgba( 42 ,  67 ,  100 , 0.2)"
2012-01-01,Asus,Transformer Pad TF300TG,263,"rgba( 42 ,  67 ,  100 , 0.2)"
2012-02-01,Asus,Transformer Pad TF300T,263,"rgba( 42 ,  67 ,  100 , 0.2)"
2012-02-01,Asus,Transformer Pad Infinity 700,263,"rgba( 42 ,  67 ,  100 , 0.2)"
2012-01-01,Asus,Memo,199,"rgba( 42 ,  67 ,  100 , 0.2)"
2012-01-01,Asus,Transformer Prime TF700T,263,"rgba( 42 ,  67 ,  100 , 0.2)"
2011-10-01,Asus,Transformer Prime TF201,263,"rgba( 42 ,  67 ,  100 , 0.2)"
2012-02-01,Asus,PadFone,128,"rgba( 42 ,  67 ,  100 , 0.2)"
2009-03-01,Asus,P835,115,"rgba( 42 ,  67 ,  100 , 0.2)"
2011-01-01,Asus,Transformer TF101,271,"rgba( 42 ,  67 ,  100 , 0.2)"
2011-01-01,Asus,E600,122,"rgba( 42 ,  67 ,  100 , 0.2)"
2008-11-01,Asus,P565,102,"rgba( 42 ,  67 ,  100 , 0.2)"
2008-09-01,Asus,P552w,102,"rgba( 42 ,  67 ,  100 , 0.2)"
2008-03-01,Asus,P320,99,"rgba( 42 ,  67 ,  100 , 0.2)"
2008-02-01,Asus,M930,113,"rgba( 42 ,  67 ,  100 , 0.2)"
2007-12-01,Asus,P550,121,"rgba( 42 ,  67 ,  100 , 0.2)"
2007-10-01,Asus,P750,113,"rgba( 42 ,  67 ,  100 , 0.2)"
2007-09-01,Asus,P527,113,"rgba( 42 ,  67 ,  100 , 0.2)"
2007-01-01,Asus,J502,103.5,"rgba( 42 ,  67 ,  100 , 0.2)"
2007-05-01,Asus,M530w,117,"rgba( 42 ,  67 ,  100 , 0.2)"
2007-03-01,Asus,P526,110,"rgba( 42 ,  67 ,  100 , 0.2)"
2007-02-01,Asus,J501,103,"rgba( 42 ,  67 ,  100 , 0.2)"
2007-01-01,Asus,P735,109,"rgba( 42 ,  67 ,  100 , 0.2)"
2006-11-01,Asus,Z810,92,"rgba( 42 ,  67 ,  100 , 0.2)"
2006-11-01,Asus,P535,109,"rgba( 42 ,  67 ,  100 , 0.2)"
2006-03-01,Asus,P525,116.8,"rgba( 42 ,  67 ,  100 , 0.2)"
2006-03-01,Asus,P505,108,"rgba( 42 ,  67 ,  100 , 0.2)"
2006-03-01,Asus,M303,83,"rgba( 42 ,  67 ,  100 , 0.2)"
2006-03-01,Asus,M307,88,"rgba( 42 ,  67 ,  100 , 0.2)"
2006-06-01,Asus,M310,98,"rgba( 42 ,  67 ,  100 , 0.2)"
2006-07-01,Asus,V80,101,"rgba( 42 ,  67 ,  100 , 0.2)"
2006-05-01,Asus,V75,99.3,"rgba( 42 ,  67 ,  100 , 0.2)"
2006-09-01,Asus,V66,99.8,"rgba( 42 ,  67 ,  100 , 0.2)"
2005-07-01,Asus,V55,92,"rgba( 42 ,  67 ,  100 , 0.2)"
2016-01-01,Asus,Live G500TG,144.5,"rgba( 42 ,  67 ,  100 , 0.2)"
2015-09-01,Asus,Zenwatch 2 WI501Q,49.6,"rgba( 42 ,  67 ,  100 , 0.2)"
2015-09-01,Asus,Zenwatch 2 WI502Q,45.2,"rgba( 42 ,  67 ,  100 , 0.2)"
2014-09-01,Asus,Zenwatch WI500Q,51,"rgba( 42 ,  67 ,  100 , 0.2)"
2015-11-01,Asus,Zenfone 2 Laser ZE551KL,152.4,"rgba( 42 ,  67 ,  100 , 0.2)"
2015-09-01,Asus,Zenfone Zoom ZX551ML,158.9,"rgba( 42 ,  67 ,  100 , 0.2)"
2015-06-01,Asus,ZenPad 10 Z300C,251.6,"rgba( 42 ,  67 ,  100 , 0.2)"
2015-08-01,Asus,Zenfone Go ZC500TG,144.5,"rgba( 42 ,  67 ,  100 , 0.2)"
2015-08-01,Asus,Zenfone Max ZC550KL,156,"rgba( 42 ,  67 ,  100 , 0.2)"
2015-08-01,Asus,Zenfone 2 Deluxe ZE551ML,152.5,"rgba( 42 ,  67 ,  100 , 0.2)"
2015-08-01,Asus,Zenfone 2 Laser ZE601KL,164.6,"rgba( 42 ,  67 ,  100 , 0.2)"
2015-10-01,Asus,Zenfone 2 Laser ZE600KL,164.6,"rgba( 42 ,  67 ,  100 , 0.2)"
2015-08-01,Asus,Zenfone 2 Laser ZE550KL,152.5,"rgba( 42 ,  67 ,  100 , 0.2)"
2015-08-01,Asus,Zenfone 2 Laser ZE500KG,143.7,"rgba( 42 ,  67 ,  100 , 0.2)"
2015-08-01,Asus,Zenfone 2 Laser ZE500KL,143.7,"rgba( 42 ,  67 ,  100 , 0.2)"
2015-08-01,Asus,ZenPad 7.0 Z370CG,189,"rgba( 42 ,  67 ,  100 , 0.2)"
2015-07-01,Asus,Zenfone 2E,148.1,"rgba( 42 ,  67 ,  100 , 0.2)"
2015-07-01,Asus,Pegasus 2 Plus,151.8,"rgba( 42 ,  67 ,  100 , 0.2)"
2015-06-01,Asus,ZenPad S 8.0 Z580CA,203.2,"rgba( 42 ,  67 ,  100 , 0.2)"
2015-06-01,Asus,ZenPad S 8.0 Z580C,203.2,"rgba( 42 ,  67 ,  100 , 0.2)"
2015-06-01,Asus,ZenPad 8.0 Z380KL,209,"rgba( 42 ,  67 ,  100 , 0.2)"
2015-06-01,Asus,ZenPad 8.0 Z380C,209,"rgba( 42 ,  67 ,  100 , 0.2)"
2015-06-01,Asus,ZenPad C 7.0 Z170MG,189,"rgba( 42 ,  67 ,  100 , 0.2)"
2015-06-01,Asus,ZenPad C 7.0,189,"rgba( 42 ,  67 ,  100 , 0.2)"
2015-06-01,Asus,Zenfone Selfie ZD551KL,156.5,"rgba( 42 ,  67 ,  100 , 0.2)"
2015-03-01,Asus,Zenfone 2 ZE500CL,148.1,"rgba( 42 ,  67 ,  100 , 0.2)"
2015-03-01,Asus,Zenfone 2 ZE550ML,152.5,"rgba( 42 ,  67 ,  100 , 0.2)"
2015-01-01,Asus,Zenfone 2 ZE551ML,152.5,"rgba( 42 ,  67 ,  100 , 0.2)"
2015-02-01,Asus,Fonepad 7 FE375CL,194.3,"rgba( 42 ,  67 ,  100 , 0.2)"
2015-01-01,Asus,Zenfone C ZC451CG,136.5,"rgba( 42 ,  67 ,  100 , 0.2)"
2015-01-01,Asus,Fonepad 7 FE171CG,196,"rgba( 42 ,  67 ,  100 , 0.2)"
2015-01-01,Asus,Zenfone Zoom ZX550,158.9,"rgba( 42 ,  67 ,  100 , 0.2)"
2014-12-01,Asus,Pegasus,146,"rgba( 42 ,  67 ,  100 , 0.2)"
2014-11-01,Asus,Zenfone 5 Lite A502CG,148.2,"rgba( 42 ,  67 ,  100 , 0.2)"
2014-10-01,Asus,Memo Pad 10 ME103K,256,"rgba( 42 ,  67 ,  100 , 0.2)"
2014-10-01,Asus,PadFone X mini,132.1,"rgba( 42 ,  67 ,  100 , 0.2)"
2014-09-01,Asus,Memo Pad 7 ME572CL,200,"rgba( 42 ,  67 ,  100 , 0.2)"
2014-09-01,Asus,Memo Pad 7 ME572C,200,"rgba( 42 ,  67 ,  100 , 0.2)"
2014-06-01,Asus,Zenfone 5 A500KL,148.2,"rgba( 42 ,  67 ,  100 , 0.2)"
2014-06-01,Asus,Zenfone 4 A450CG,136.8,"rgba( 42 ,  67 ,  100 , 0.2)"
2012-09-01,Nokia,Asha 309,109.9,"rgba( 0 ,  151 ,  213 , 0.2)"
2012-09-01,Nokia,Asha 308,109.9,"rgba( 0 ,  151 ,  213 , 0.2)"
2012-09-01,Nokia,Lumia 920,130.3,"rgba( 0 ,  151 ,  213 , 0.2)"
2012-09-01,Nokia,Lumia 820,123.8,"rgba( 0 ,  151 ,  213 , 0.2)"
2012-06-01,Nokia,Asha 311,106,"rgba( 0 ,  151 ,  213 , 0.2)"
2012-06-01,Nokia,Asha 306,110.3,"rgba( 0 ,  151 ,  213 , 0.2)"
2012-06-01,Nokia,Asha 305,110.3,"rgba( 0 ,  151 ,  213 , 0.2)"
2012-05-01,Nokia,113,110,"rgba( 0 ,  151 ,  213 , 0.2)"
2012-05-01,Nokia,112,110.4,"rgba( 0 ,  151 ,  213 , 0.2)"
2012-05-01,Nokia,111,110,"rgba( 0 ,  151 ,  213 , 0.2)"
2012-05-01,Nokia,110,110,"rgba( 0 ,  151 ,  213 , 0.2)"
2012-04-01,Nokia,Lumia 610 NFC,119,"rgba( 0 ,  151 ,  213 , 0.2)"
2012-04-01,Nokia,103,107.2,"rgba( 0 ,  151 ,  213 , 0.2)"
2012-02-01,Nokia,808 PureView,123.9,"rgba( 0 ,  151 ,  213 , 0.2)"
2012-03-01,Nokia,800c,116.5,"rgba( 0 ,  151 ,  213 , 0.2)"
2012-02-01,Nokia,Lumia 610,119,"rgba( 0 ,  151 ,  213 , 0.2)"
2012-02-01,Nokia,Asha 302,115.2,"rgba( 0 ,  151 ,  213 , 0.2)"
2012-02-01,Nokia,Asha 203,114.8,"rgba( 0 ,  151 ,  213 , 0.2)"
2012-02-01,Nokia,Asha 202,114.8,"rgba( 0 ,  151 ,  213 , 0.2)"
2012-02-01,Nokia,Lumia 900,127.8,"rgba( 0 ,  151 ,  213 , 0.2)"
2012-01-01,Nokia,Lumia 900 AT&T,127.8,"rgba( 0 ,  151 ,  213 , 0.2)"
2011-12-01,Nokia,801T,125.2,"rgba( 0 ,  151 ,  213 , 0.2)"
2011-12-01,Nokia,X2-02,113,"rgba( 0 ,  151 ,  213 , 0.2)"
2011-10-01,Nokia,Lumia 800,116.5,"rgba( 0 ,  151 ,  213 , 0.2)"
2011-12-01,Nokia,Lumia 710 T-Mobile,119,"rgba( 0 ,  151 ,  213 , 0.2)"
2011-10-01,Nokia,Lumia 710,119,"rgba( 0 ,  151 ,  213 , 0.2)"
2011-10-01,Nokia,Asha 303,116.5,"rgba( 0 ,  151 ,  213 , 0.2)"
2011-10-01,Nokia,Asha 300,112.8,"rgba( 0 ,  151 ,  213 , 0.2)"
2011-10-01,Nokia,Asha 201,115.5,"rgba( 0 ,  151 ,  213 , 0.2)"
2011-10-01,Nokia,Asha 200,115.4,"rgba( 0 ,  151 ,  213 , 0.2)"
2011-10-01,Nokia,603,113.5,"rgba( 0 ,  151 ,  213 , 0.2)"
2011-10-01,Nokia,C2-05,99.4,"rgba( 0 ,  151 ,  213 , 0.2)"
2011-10-01,Nokia,X2-05,113,"rgba( 0 ,  151 ,  213 , 0.2)"
2011-10-01,Nokia,C5-06,105.8,"rgba( 0 ,  151 ,  213 , 0.2)"
2011-10-01,Nokia,C5-05,105.8,"rgba( 0 ,  151 ,  213 , 0.2)"
2011-10-01,Nokia,C5-04,105.8,"rgba( 0 ,  151 ,  213 , 0.2)"
2011-08-01,Nokia,101,110,"rgba( 0 ,  151 ,  213 , 0.2)"
2011-08-01,Nokia,100,110,"rgba( 0 ,  151 ,  213 , 0.2)"
2011-08-01,Nokia,701,117.2,"rgba( 0 ,  151 ,  213 , 0.2)"
2011-08-01,Nokia,700,110,"rgba( 0 ,  151 ,  213 , 0.2)"
2011-08-01,Nokia,600,111,"rgba( 0 ,  151 ,  213 , 0.2)"
2011-08-01,Nokia,C3-01 Gold Edition,111,"rgba( 0 ,  151 ,  213 , 0.2)"
2011-08-01,Nokia,500,111.3,"rgba( 0 ,  151 ,  213 , 0.2)"
2011-06-01,Nokia,N9,116.5,"rgba( 0 ,  151 ,  213 , 0.2)"
2011-06-01,Nokia,C5 5MP,112.3,"rgba( 0 ,  151 ,  213 , 0.2)"
2011-06-01,Nokia,C2-06,103,"rgba( 0 ,  151 ,  213 , 0.2)"
2011-06-01,Nokia,C2-03,103,"rgba( 0 ,  151 ,  213 , 0.2)"
2011-06-01,Nokia,C2-02,103,"rgba( 0 ,  151 ,  213 , 0.2)"
2011-06-01,Nokia,702T,117.1,"rgba( 0 ,  151 ,  213 , 0.2)"
2011-06-01,Nokia,T7,113.5,"rgba( 0 ,  151 ,  213 , 0.2)"
2011-05-01,Nokia,Oro,117.3,"rgba( 0 ,  151 ,  213 , 0.2)"
2011-05-01,Nokia,X1-01,112.2,"rgba( 0 ,  151 ,  213 , 0.2)"
2011-04-01,Nokia,X7-00,119.7,"rgba( 0 ,  151 ,  213 , 0.2)"
2011-04-01,Nokia,E6,115.5,"rgba( 0 ,  151 ,  213 , 0.2)"
2011-03-01,Nokia,C7 Astound,117.3,"rgba( 0 ,  151 ,  213 , 0.2)"
2011-03-01,Nokia,X1-00,112.2,"rgba( 0 ,  151 ,  213 , 0.2)"
2010-11-01,Nokia,X2-01,119.4,"rgba( 0 ,  151 ,  213 , 0.2)"
2010-11-01,Nokia,C2-01,109.8,"rgba( 0 ,  151 ,  213 , 0.2)"
2010-10-01,Nokia,C5-03,105.8,"rgba( 0 ,  151 ,  213 , 0.2)"
2010-09-01,Nokia,E7,123.7,"rgba( 0 ,  151 ,  213 , 0.2)"
2010-09-01,Nokia,C6-01,103.8,"rgba( 0 ,  151 ,  213 , 0.2)"
2010-09-01,Nokia,C7,117.3,"rgba( 0 ,  151 ,  213 , 0.2)"
2010-09-01,Nokia,C3-01 Touch and Type,111,"rgba( 0 ,  151 ,  213 , 0.2)"
2010-08-01,Nokia,5250,104,"rgba( 0 ,  151 ,  213 , 0.2)"
2010-08-01,Nokia,X3-02 Touch and Type,106.2,"rgba( 0 ,  151 ,  213 , 0.2)"
2010-06-01,Nokia,X6 8GB,111,"rgba( 0 ,  151 ,  213 , 0.2)"
2010-06-01,Nokia,X5-01,74.3,"rgba( 0 ,  151 ,  213 , 0.2)"
2010-01-01,Nokia,5233,111,"rgba( 0 ,  151 ,  213 , 0.2)"
2010-06-01,Nokia,E73 Mode,113.8,"rgba( 0 ,  151 ,  213 , 0.2)"
2010-06-01,Nokia,C2-00,108,"rgba( 0 ,  151 ,  213 , 0.2)"
2010-06-01,Nokia,C1-02,108,"rgba( 0 ,  151 ,  213 , 0.2)"
2010-06-01,Nokia,C1-01,108,"rgba( 0 ,  151 ,  213 , 0.2)"
2010-06-01,Nokia,C1-00,107.1,"rgba( 0 ,  151 ,  213 , 0.2)"
2010-04-01,Nokia,N8,113.5,"rgba( 0 ,  151 ,  213 , 0.2)"
2010-04-01,Nokia,X2-00,111,"rgba( 0 ,  151 ,  213 , 0.2)"
2010-04-01,Nokia,C6,113,"rgba( 0 ,  151 ,  213 , 0.2)"
2010-04-01,Nokia,E5,115,"rgba( 0 ,  151 ,  213 , 0.2)"
2010-04-01,Nokia,C3,115.5,"rgba( 0 ,  151 ,  213 , 0.2)"
2010-03-01,Nokia,C5,112,"rgba( 0 ,  151 ,  213 , 0.2)"
2010-04-01,Nokia,C5 TD-SCDMA,112,"rgba( 0 ,  151 ,  213 , 0.2)"
2010-04-01,Nokia,X5 TD-SCDMA,113,"rgba( 0 ,  151 ,  213 , 0.2)"
2010-02-01,Nokia,6303i classic,108.8,"rgba( 0 ,  151 ,  213 , 0.2)"
2010-02-01,Nokia,5132 XpressMusic,107.5,"rgba( 0 ,  151 ,  213 , 0.2)"
2010-01-01,Nokia,X6 16GB,111,"rgba( 0 ,  151 ,  213 , 0.2)"
2009-09-01,Nokia,X6,111,"rgba( 0 ,  151 ,  213 , 0.2)"
2009-12-01,Nokia,2710 Navigation Edition,111.2,"rgba( 0 ,  151 ,  213 , 0.2)"
2009-11-01,Nokia,6700 slide,95.2,"rgba( 0 ,  151 ,  213 , 0.2)"
2009-11-01,Nokia,7230,98,"rgba( 0 ,  151 ,  213 , 0.2)"
2009-11-01,Nokia,5330 Mobile TV Edition,101,"rgba( 0 ,  151 ,  213 , 0.2)"
2009-11-01,Nokia,2690,107.5,"rgba( 0 ,  151 ,  213 , 0.2)"
2009-11-01,Nokia,2220 slide,97.4,"rgba( 0 ,  151 ,  213 , 0.2)"
2009-11-01,Nokia,1800,107,"rgba( 0 ,  151 ,  213 , 0.2)"
2009-11-01,Nokia,1616,107.1,"rgba( 0 ,  151 ,  213 , 0.2)"
2009-11-01,Nokia,1280,107.2,"rgba( 0 ,  151 ,  213 , 0.2)"
2009-10-01,Nokia,6788,105.6,"rgba( 0 ,  151 ,  213 , 0.2)"
2009-12-01,Nokia,5235 Comes With Music,111,"rgba( 0 ,  151 ,  213 , 0.2)"
2009-09-01,Nokia,N97 mini,113,"rgba( 0 ,  151 ,  213 , 0.2)"
2009-09-01,Nokia,X3,96,"rgba( 0 ,  151 ,  213 , 0.2)"
2009-08-01,Nokia,N900,110.9,"rgba( 0 ,  151 ,  213 , 0.2)"
2009-08-01,Nokia,5230,111,"rgba( 0 ,  151 ,  213 , 0.2)"
2009-08-01,Nokia,3208c,108.5,"rgba( 0 ,  151 ,  213 , 0.2)"
2009-08-01,Nokia,5800 Navigation Edition,111,"rgba( 0 ,  151 ,  213 , 0.2)"
2009-10-01,Nokia,6350,93.2,"rgba( 0 ,  151 ,  213 , 0.2)"
2009-09-01,Nokia,Mural,97.3,"rgba( 0 ,  151 ,  213 , 0.2)"
2009-07-01,Nokia,6760 slide,97.5,"rgba( 0 ,  151 ,  213 , 0.2)"
2009-07-01,Nokia,6790 Surge,97.5,"rgba( 0 ,  151 ,  213 , 0.2)"
2009-07-01,Nokia,3720 classic,115,"rgba( 0 ,  151 ,  213 , 0.2)"
2009-06-01,Nokia,5530 XpressMusic,104,"rgba( 0 ,  151 ,  213 , 0.2)"
2009-06-01,Nokia,E72,114,"rgba( 0 ,  151 ,  213 , 0.2)"
2009-06-01,Nokia,3710 fold,89,"rgba( 0 ,  151 ,  213 , 0.2)"
2009-05-01,Nokia,6730 classic,112,"rgba( 0 ,  151 ,  213 , 0.2)"
2009-05-01,Nokia,6600i slide,93,"rgba( 0 ,  151 ,  213 , 0.2)"
2009-05-01,Nokia,7020,91.2,"rgba( 0 ,  151 ,  213 , 0.2)"
2009-05-01,Nokia,2720 fold,93,"rgba( 0 ,  151 ,  213 , 0.2)"
2009-05-01,Nokia,2730 classic,109.6,"rgba( 0 ,  151 ,  213 , 0.2)"
2009-05-01,Nokia,E52,116,"rgba( 0 ,  151 ,  213 , 0.2)"
2009-04-01,Nokia,6216 classic,114.7,"rgba( 0 ,  151 ,  213 , 0.2)"
2009-03-01,Nokia,5730 XpressMusic,112,"rgba( 0 ,  151 ,  213 , 0.2)"
2009-03-01,Nokia,5330 XpressMusic,101,"rgba( 0 ,  151 ,  213 , 0.2)"
2009-03-01,Nokia,5030 XpressRadio,108,"rgba( 0 ,  151 ,  213 , 0.2)"
2009-02-01,Nokia,N86 8MP,103.4,"rgba( 0 ,  151 ,  213 , 0.2)"
2009-02-01,Nokia,E75,111.8,"rgba( 0 ,  151 ,  213 , 0.2)"
2009-02-01,Nokia,E55,116,"rgba( 0 ,  151 ,  213 , 0.2)"
2009-02-01,Nokia,6720 classic,110,"rgba( 0 ,  151 ,  213 , 0.2)"
2009-02-01,Nokia,6710 Navigator,104.8,"rgba( 0 ,  151 ,  213 , 0.2)"
2009-02-01,Nokia,5630 XpressMusic,112,"rgba( 0 ,  151 ,  213 , 0.2)"
2009-01-01,Nokia,6700 classic,109.8,"rgba( 0 ,  151 ,  213 , 0.2)"
2008-12-01,Nokia,6303 classic,108.8,"rgba( 0 ,  151 ,  213 , 0.2)"
2009-01-01,Nokia,2700 classic,109.2,"rgba( 0 ,  151 ,  213 , 0.2)"
2008-12-01,Nokia,6208c,109.8,"rgba( 0 ,  151 ,  213 , 0.2)"
2008-12-01,Nokia,8800 Gold Arte,109,"rgba( 0 ,  151 ,  213 , 0.2)"
2008-11-01,Nokia,N97,117.2,"rgba( 0 ,  151 ,  213 , 0.2)"
2008-11-01,Nokia,6260 slide,99.4,"rgba( 0 ,  151 ,  213 , 0.2)"
2008-11-01,Nokia,E63,113,"rgba( 0 ,  151 ,  213 , 0.2)"
2008-11-01,Nokia,7100 Supernova,98,"rgba( 0 ,  151 ,  213 , 0.2)"
2008-11-01,Nokia,5130 XpressMusic,107.5,"rgba( 0 ,  151 ,  213 , 0.2)"
2008-11-01,Nokia,2330 classic,107,"rgba( 0 ,  151 ,  213 , 0.2)"
2008-11-01,Nokia,2323 classic,107,"rgba( 0 ,  151 ,  213 , 0.2)"
2008-04-01,Nokia,1662,108,"rgba( 0 ,  151 ,  213 , 0.2)"
2008-04-01,Nokia,1661,108,"rgba( 0 ,  151 ,  213 , 0.2)"
2008-11-01,Nokia,1202,105.3,"rgba( 0 ,  151 ,  213 , 0.2)"
2008-10-01,Nokia,5800 XpressMusic,111,"rgba( 0 ,  151 ,  213 , 0.2)"
2008-08-01,Nokia,N85,103,"rgba( 0 ,  151 ,  213 , 0.2)"
2008-08-01,Nokia,N79,110,"rgba( 0 ,  151 ,  213 , 0.2)"
2008-08-01,Nokia,8800 Carbon Arte,109,"rgba( 0 ,  151 ,  213 , 0.2)"
2008-08-01,Nokia,3610 fold,99.6,"rgba( 0 ,  151 ,  213 , 0.2)"
2008-06-01,Nokia,7610 Supernova,98,"rgba( 0 ,  151 ,  213 , 0.2)"
2008-06-01,Nokia,7510 Supernova,92.5,"rgba( 0 ,  151 ,  213 , 0.2)"
2008-06-01,Nokia,7310 Supernova,106.5,"rgba( 0 ,  151 ,  213 , 0.2)"
2008-06-01,Nokia,7210 Supernova,106,"rgba( 0 ,  151 ,  213 , 0.2)"
2008-06-01,Nokia,E71,114,"rgba( 0 ,  151 ,  213 , 0.2)"
2008-06-01,Nokia,E66,107.5,"rgba( 0 ,  151 ,  213 , 0.2)"
2008-04-01,Nokia,6600 fold,87.7,"rgba( 0 ,  151 ,  213 , 0.2)"
2008-04-01,Nokia,6600 slide,90,"rgba( 0 ,  151 ,  213 , 0.2)"
2008-04-01,Nokia,3600 slide,97.8,"rgba( 0 ,  151 ,  213 , 0.2)"
2008-04-01,Nokia,5320 XpressMusic,108,"rgba( 0 ,  151 ,  213 , 0.2)"
2008-04-01,Nokia,5220 XpressMusic,108,"rgba( 0 ,  151 ,  213 , 0.2)"
2008-04-01,Nokia,6212 classic,114.7,"rgba( 0 ,  151 ,  213 , 0.2)"
2008-04-01,Nokia,5000,106,"rgba( 0 ,  151 ,  213 , 0.2)"
2008-04-01,Nokia,7070 Prism,87.5,"rgba( 0 ,  151 ,  213 , 0.2)"
2008-04-01,Nokia,2680 slide,99,"rgba( 0 ,  151 ,  213 , 0.2)"
2008-04-01,Nokia,1680 classic,108,"rgba( 0 ,  151 ,  213 , 0.2)"
2008-03-01,Nokia,6300i,106.4,"rgba( 0 ,  151 ,  213 , 0.2)"
2008-02-01,Nokia,N96,103,"rgba( 0 ,  151 ,  213 , 0.2)"
2008-02-01,Nokia,N78,113,"rgba( 0 ,  151 ,  213 , 0.2)"
2008-02-01,Nokia,6220 classic,108,"rgba( 0 ,  151 ,  213 , 0.2)"
2008-02-01,Nokia,6210 Navigator,103,"rgba( 0 ,  151 ,  213 , 0.2)"
2008-03-01,Nokia,6124 classic,105,"rgba( 0 ,  151 ,  213 , 0.2)"
2008-03-01,Nokia,6650 fold,99.7,"rgba( 0 ,  151 ,  213 , 0.2)"
2007-11-01,Nokia,3555,99.6,"rgba( 0 ,  151 ,  213 , 0.2)"
2008-02-01,Nokia,3120 classic,111,"rgba( 0 ,  151 ,  213 , 0.2)"
2008-01-01,Nokia,7900 Crystal Prism,112,"rgba( 0 ,  151 ,  213 , 0.2)"
2008-01-01,Nokia,2600 classic,109.6,"rgba( 0 ,  151 ,  213 , 0.2)"
2008-01-01,Nokia,1209,102,"rgba( 0 ,  151 ,  213 , 0.2)"
2007-12-01,Nokia,3110 Evolve,108.5,"rgba( 0 ,  151 ,  213 , 0.2)"
2007-11-01,Nokia,N82,112,"rgba( 0 ,  151 ,  213 , 0.2)"
2007-11-01,Nokia,8800 Sapphire Arte,109,"rgba( 0 ,  151 ,  213 , 0.2)"
2007-11-01,Nokia,8800 Arte,109,"rgba( 0 ,  151 ,  213 , 0.2)"
2007-09-01,Nokia,6301,106.8,"rgba( 0 ,  151 ,  213 , 0.2)"
2007-09-01,Nokia,E51,114.8,"rgba( 0 ,  151 ,  213 , 0.2)"
2008-04-01,Nokia,E51 camera-free,114.8,"rgba( 0 ,  151 ,  213 , 0.2)"
2007-12-01,Nokia,6263,94.5,"rgba( 0 ,  151 ,  213 , 0.2)"
2007-08-01,Nokia,N81 8GB,102,"rgba( 0 ,  151 ,  213 , 0.2)"
2007-08-01,Nokia,N81,102,"rgba( 0 ,  151 ,  213 , 0.2)"
2007-08-01,Nokia,N95 8GB,99,"rgba( 0 ,  151 ,  213 , 0.2)"
2007-08-01,Nokia,5610 XpressMusic,98.5,"rgba( 0 ,  151 ,  213 , 0.2)"
2007-08-01,Nokia,5310 XpressMusic,103.8,"rgba( 0 ,  151 ,  213 , 0.2)"
2007-08-01,Nokia,6555,99.6,"rgba( 0 ,  151 ,  213 , 0.2)"
2007-08-01,Nokia,7900 Prism,112,"rgba( 0 ,  151 ,  213 , 0.2)"
2007-07-01,Nokia,7500 Prism,109,"rgba( 0 ,  151 ,  213 , 0.2)"
2007-05-01,Nokia,8600 Luna,107,"rgba( 0 ,  151 ,  213 , 0.2)"
2007-05-01,Nokia,6500 slide,96.5,"rgba( 0 ,  151 ,  213 , 0.2)"
2007-05-01,Nokia,6500 classic,109.8,"rgba( 0 ,  151 ,  213 , 0.2)"
2007-01-01,Nokia,N810,128,"rgba( 0 ,  151 ,  213 , 0.2)"
2007-06-01,Nokia,3500 classic,107,"rgba( 0 ,  151 ,  213 , 0.2)"
2007-05-01,Nokia,2630,105,"rgba( 0 ,  151 ,  213 , 0.2)"
2007-06-01,Nokia,6267,93.9,"rgba( 0 ,  151 ,  213 , 0.2)"
2007-05-01,Nokia,2760,87,"rgba( 0 ,  151 ,  213 , 0.2)"
2007-05-01,Nokia,2660,87,"rgba( 0 ,  151 ,  213 , 0.2)"
2007-05-01,Nokia,1650,104.2,"rgba( 0 ,  151 ,  213 , 0.2)"
2007-05-01,Nokia,1208,102,"rgba( 0 ,  151 ,  213 , 0.2)"
2007-05-01,Nokia,1200,102,"rgba( 0 ,  151 ,  213 , 0.2)"
2007-04-01,Nokia,6120 classic,105,"rgba( 0 ,  151 ,  213 , 0.2)"
2007-06-01,Nokia,6121 classic,105,"rgba( 0 ,  151 ,  213 , 0.2)"
2007-03-01,Nokia,5700,108,"rgba( 0 ,  151 ,  213 , 0.2)"
2007-03-01,Nokia,5070,105.4,"rgba( 0 ,  151 ,  213 , 0.2)"
2007-02-01,Nokia,E90,132,"rgba( 0 ,  151 ,  213 , 0.2)"
2007-02-01,Nokia,E65,105,"rgba( 0 ,  151 ,  213 , 0.2)"
2007-02-01,Nokia,E61i,117,"rgba( 0 ,  151 ,  213 , 0.2)"
2007-02-01,Nokia,N77,111,"rgba( 0 ,  151 ,  213 , 0.2)"
2007-02-01,Nokia,6110 Navigator,101,"rgba( 0 ,  151 ,  213 , 0.2)"
2007-04-01,Nokia,N800,144,"rgba( 0 ,  151 ,  213 , 0.2)"
2007-02-01,Nokia,3110 classic,108.5,"rgba( 0 ,  151 ,  213 , 0.2)"
2007-05-01,Nokia,3109 classic,108.5,"rgba( 0 ,  151 ,  213 , 0.2)"
2007-01-01,Nokia,N76,106.5,"rgba( 0 ,  151 ,  213 , 0.2)"
2007-01-01,Nokia,N93i,108,"rgba( 0 ,  151 ,  213 , 0.2)"
2006-11-01,Nokia,6290,94,"rgba( 0 ,  151 ,  213 , 0.2)"
2006-11-01,Nokia,6086,92,"rgba( 0 ,  151 ,  213 , 0.2)"
2006-11-01,Nokia,6300,106.4,"rgba( 0 ,  151 ,  213 , 0.2)"
2006-11-01,Nokia,2626,104,"rgba( 0 ,  151 ,  213 , 0.2)"
2006-09-01,Nokia,N95,99,"rgba( 0 ,  151 ,  213 , 0.2)"
2006-09-01,Nokia,N75,95,"rgba( 0 ,  151 ,  213 , 0.2)"
2006-09-01,Nokia,5300,92.4,"rgba( 0 ,  151 ,  213 , 0.2)"
2006-09-01,Nokia,5200,92.4,"rgba( 0 ,  151 ,  213 , 0.2)"
2006-09-01,Nokia,6288,100,"rgba( 0 ,  151 ,  213 , 0.2)"
2006-09-01,Nokia,6085,92,"rgba( 0 ,  151 ,  213 , 0.2)"
2006-09-01,Nokia,8800 Sirocco,107,"rgba( 0 ,  151 ,  213 , 0.2)"
2006-09-01,Nokia,7390,90,"rgba( 0 ,  151 ,  213 , 0.2)"
2006-09-01,Nokia,7373,88,"rgba( 0 ,  151 ,  213 , 0.2)"
2006-06-01,Nokia,6151,108,"rgba( 0 ,  151 ,  213 , 0.2)"
2006-06-01,Nokia,6080,105.4,"rgba( 0 ,  151 ,  213 , 0.2)"
2006-05-01,Nokia,E50,113,"rgba( 0 ,  151 ,  213 , 0.2)"
2006-05-01,Nokia,5500 Sport,107,"rgba( 0 ,  151 ,  213 , 0.2)"
2006-04-01,Nokia,N93,118,"rgba( 0 ,  151 ,  213 , 0.2)"
2006-04-01,Nokia,N73,110,"rgba( 0 ,  151 ,  213 , 0.2)"
2006-04-01,Nokia,N72,109,"rgba( 0 ,  151 ,  213 , 0.2)"
2006-03-01,Nokia,2610,104,"rgba( 0 ,  151 ,  213 , 0.2)"
2006-03-01,Nokia,2310,105.4,"rgba( 0 ,  151 ,  213 , 0.2)"
2006-02-01,Nokia,6136,90,"rgba( 0 ,  151 ,  213 , 0.2)"
2006-10-01,Nokia,6133,92,"rgba( 0 ,  151 ,  213 , 0.2)"
2006-02-01,Nokia,6131,92,"rgba( 0 ,  151 ,  213 , 0.2)"
2006-02-01,Nokia,6126,92,"rgba( 0 ,  151 ,  213 , 0.2)"
2006-02-01,Nokia,6070,105.4,"rgba( 0 ,  151 ,  213 , 0.2)"
2006-01-01,Nokia,6125,90,"rgba( 0 ,  151 ,  213 , 0.2)"
2006-01-01,Nokia,6103,85,"rgba( 0 ,  151 ,  213 , 0.2)"
2005-10-01,Nokia,6233,108,"rgba( 0 ,  151 ,  213 , 0.2)"
2005-10-01,Nokia,6234,108,"rgba( 0 ,  151 ,  213 , 0.2)"
2005-10-01,Nokia,6282,99.9,"rgba( 0 ,  151 ,  213 , 0.2)"
2005-11-01,Nokia,9300i,132,"rgba( 0 ,  151 ,  213 , 0.2)"
2005-10-01,Nokia,N92,107.4,"rgba( 0 ,  151 ,  213 , 0.2)"
2005-10-01,Nokia,N80,95,"rgba( 0 ,  151 ,  213 , 0.2)"
2005-10-01,Nokia,N71,98.6,"rgba( 0 ,  151 ,  213 , 0.2)"
2005-10-01,Nokia,7370,88,"rgba( 0 ,  151 ,  213 , 0.2)"
2005-10-01,Nokia,7360,105,"rgba( 0 ,  151 ,  213 , 0.2)"
2005-10-01,Nokia,E70,117,"rgba( 0 ,  151 ,  213 , 0.2)"
2006-09-01,Nokia,E62,117,"rgba( 0 ,  151 ,  213 , 0.2)"
2005-10-01,Nokia,E61,117,"rgba( 0 ,  151 ,  213 , 0.2)"
2005-10-01,Nokia,E60,115,"rgba( 0 ,  151 ,  213 , 0.2)"
2005-09-01,Nokia,3250,103.8,"rgba( 0 ,  151 ,  213 , 0.2)"
2005-01-01,Nokia,6708,118,"rgba( 0 ,  151 ,  213 , 0.2)"
2005-06-01,Nokia,6280,100,"rgba( 0 ,  151 ,  213 , 0.2)"
2005-06-01,Nokia,6270,104,"rgba( 0 ,  151 ,  213 , 0.2)"
2005-06-01,Nokia,6111,84,"rgba( 0 ,  151 ,  213 , 0.2)"
2005-06-01,Nokia,6060,85,"rgba( 0 ,  151 ,  213 , 0.2)"
2005-04-01,Nokia,N91,113.1,"rgba( 0 ,  151 ,  213 , 0.2)"
2005-04-01,Nokia,N90,112,"rgba( 0 ,  151 ,  213 , 0.2)"
2005-04-01,Nokia,N70,108.8,"rgba( 0 ,  151 ,  213 , 0.2)"
2005-06-01,Nokia,1600,104,"rgba( 0 ,  151 ,  213 , 0.2)"
2005-04-01,Nokia,5140i,106.5,"rgba( 0 ,  151 ,  213 , 0.2)"
2005-01-01,Nokia,8800,107,"rgba( 0 ,  151 ,  213 , 0.2)"
2005-01-01,Nokia,6230i,103,"rgba( 0 ,  151 ,  213 , 0.2)"
2005-01-01,Nokia,6021,106,"rgba( 0 ,  151 ,  213 , 0.2)"
2005-01-01,Nokia,6030,104,"rgba( 0 ,  151 ,  213 , 0.2)"
2005-01-01,Nokia,6680,108.6,"rgba( 0 ,  151 ,  213 , 0.2)"
2005-01-01,Nokia,6681,108.4,"rgba( 0 ,  151 ,  213 , 0.2)"
2005-01-01,Nokia,6101,85,"rgba( 0 ,  151 ,  213 , 0.2)"
2005-01-01,Nokia,6822,106,"rgba( 0 ,  151 ,  213 , 0.2)"
2004-10-01,Nokia,7710,128,"rgba( 0 ,  151 ,  213 , 0.2)"
2004-10-01,Nokia,6020,106,"rgba( 0 ,  151 ,  213 , 0.2)"
2004-10-01,Nokia,3230,109,"rgba( 0 ,  151 ,  213 , 0.2)"
2004-07-01,Nokia,6670,108.6,"rgba( 0 ,  151 ,  213 , 0.2)"
2004-07-01,Nokia,7270,88,"rgba( 0 ,  151 ,  213 , 0.2)"
2004-07-01,Nokia,7260,105,"rgba( 0 ,  151 ,  213 , 0.2)"
2004-07-01,Nokia,9300,132,"rgba( 0 ,  151 ,  213 , 0.2)"
2004-04-01,Nokia,6630,110,"rgba( 0 ,  151 ,  213 , 0.2)"
2004-04-01,Nokia,6260,102,"rgba( 0 ,  151 ,  213 , 0.2)"
2004-07-01,Nokia,6170,88,"rgba( 0 ,  151 ,  213 , 0.2)"
2004-04-01,Nokia,2600,107,"rgba( 0 ,  151 ,  213 , 0.2)"
2004-04-01,Nokia,3220,104.5,"rgba( 0 ,  151 ,  213 , 0.2)"
2004-04-01,Nokia,N-Gage QD,118,"rgba( 0 ,  151 ,  213 , 0.2)"
2004-04-01,Nokia,3120,102,"rgba( 0 ,  151 ,  213 , 0.2)"
2004-03-01,Nokia,7610,109,"rgba( 0 ,  151 ,  213 , 0.2)"
2004-01-01,Nokia,9500,148,"rgba( 0 ,  151 ,  213 , 0.2)"
2003-10-01,Nokia,5140,106,"rgba( 0 ,  151 ,  213 , 0.2)"
2004-01-01,Nokia,6610i,106,"rgba( 0 ,  151 ,  213 , 0.2)"
2003-10-01,Nokia,3108,106,"rgba( 0 ,  151 ,  213 , 0.2)"
2003-10-01,Nokia,7700,134,"rgba( 0 ,  151 ,  213 , 0.2)"
2003-10-01,Nokia,7200,86,"rgba( 0 ,  151 ,  213 , 0.2)"
2003-10-01,Nokia,6230,103,"rgba( 0 ,  151 ,  213 , 0.2)"
2003-10-01,Nokia,6820,107,"rgba( 0 ,  151 ,  213 , 0.2)"
2003-10-01,Nokia,6810,119,"rgba( 0 ,  151 ,  213 , 0.2)"
2003-10-01,Nokia,3660,130,"rgba( 0 ,  151 ,  213 , 0.2)"
2003-10-01,Nokia,7600,87,"rgba( 0 ,  151 ,  213 , 0.2)"
2003-10-01,Nokia,3200,108,"rgba( 0 ,  151 ,  213 , 0.2)"
2004-01-01,Nokia,6620,109,"rgba( 0 ,  151 ,  213 , 0.2)"
2003-10-01,Nokia,6600,109,"rgba( 0 ,  151 ,  213 , 0.2)"
2003-07-01,Nokia,3100,102,"rgba( 0 ,  151 ,  213 , 0.2)"
2003-07-01,Nokia,6220,107,"rgba( 0 ,  151 ,  213 , 0.2)"
2003-06-01,Nokia,3300,114,"rgba( 0 ,  151 ,  213 , 0.2)"
2003-10-01,Nokia,N-Gage,134,"rgba( 0 ,  151 ,  213 , 0.2)"
2003-01-01,Nokia,8910i,103,"rgba( 0 ,  151 ,  213 , 0.2)"
2003-01-01,Nokia,6800,119,"rgba( 0 ,  151 ,  213 , 0.2)"
2002-10-01,Nokia,6100,102,"rgba( 0 ,  151 ,  213 , 0.2)"
2003-01-01,Nokia,5100,108,"rgba( 0 ,  151 ,  213 , 0.2)"
2003-01-01,Nokia,3650,130,"rgba( 0 ,  151 ,  213 , 0.2)"
2002-10-01,Nokia,3530,118,"rgba( 0 ,  151 ,  213 , 0.2)"
2002-07-01,Nokia,6610,106,"rgba( 0 ,  151 ,  213 , 0.2)"
2002-01-01,Nokia,9210i Communicator,158,"rgba( 0 ,  151 ,  213 , 0.2)"
2002-01-01,Nokia,7210,106,"rgba( 0 ,  151 ,  213 , 0.2)"
2002-01-01,Nokia,7650,114,"rgba( 0 ,  151 ,  213 , 0.2)"
2000-01-01,Nokia,9210 Communicator,158,"rgba( 0 ,  151 ,  213 , 0.2)"
1999-01-01,Nokia,9110i Communicator,158,"rgba( 0 ,  151 ,  213 , 0.2)"
2015-11-01,Nokia,230 Dual SIM,124.6,"rgba( 0 ,  151 ,  213 , 0.2)"
2015-11-01,Nokia,230,124.6,"rgba( 0 ,  151 ,  213 , 0.2)"
2015-08-01,Nokia,222 Dual SIM,116,"rgba( 0 ,  151 ,  213 , 0.2)"
2015-08-01,Nokia,222,116,"rgba( 0 ,  151 ,  213 , 0.2)"
2015-06-01,Nokia,105 Dual SIM (2015),108.5,"rgba( 0 ,  151 ,  213 , 0.2)"
2015-06-01,Nokia,105 (2015),108.5,"rgba( 0 ,  151 ,  213 , 0.2)"
2015-01-01,Nokia,215,116,"rgba( 0 ,  151 ,  213 , 0.2)"
2015-01-01,Nokia,215 Dual SIM,116,"rgba( 0 ,  151 ,  213 , 0.2)"
2014-12-01,Nokia,Lumia 638,129.5,"rgba( 0 ,  151 ,  213 , 0.2)"
2014-11-01,Nokia,N1,200.7,"rgba( 0 ,  151 ,  213 , 0.2)"
2014-09-01,Nokia,Lumia 730 Dual SIM,134.7,"rgba( 0 ,  151 ,  213 , 0.2)"
2014-09-01,Nokia,Lumia 735,134.7,"rgba( 0 ,  151 ,  213 , 0.2)"
2014-09-01,Nokia,Lumia 830,139.4,"rgba( 0 ,  151 ,  213 , 0.2)"
2014-08-01,Nokia,130 Dual SIM,106,"rgba( 0 ,  151 ,  213 , 0.2)"
2014-08-01,Nokia,130,106,"rgba( 0 ,  151 ,  213 , 0.2)"
2014-07-01,Nokia,Lumia 530 Dual SIM,119.7,"rgba( 0 ,  151 ,  213 , 0.2)"
2014-07-01,Nokia,Lumia 530,119.7,"rgba( 0 ,  151 ,  213 , 0.2)"
2014-06-01,Nokia,X2 Dual SIM,121.7,"rgba( 0 ,  151 ,  213 , 0.2)"
2014-04-01,Nokia,225,124,"rgba( 0 ,  151 ,  213 , 0.2)"
2014-04-01,Nokia,225 Dual SIM,124,"rgba( 0 ,  151 ,  213 , 0.2)"
2014-04-01,Nokia,Lumia 930,137,"rgba( 0 ,  151 ,  213 , 0.2)"
2014-04-01,Nokia,Lumia 635,129.5,"rgba( 0 ,  151 ,  213 , 0.2)"
2014-04-01,Nokia,Lumia 630 Dual SIM,129.5,"rgba( 0 ,  151 ,  213 , 0.2)"
2014-04-01,Nokia,Lumia 630,129.5,"rgba( 0 ,  151 ,  213 , 0.2)"
2014-02-01,Nokia,XL,141.4,"rgba( 0 ,  151 ,  213 , 0.2)"
2014-02-01,Nokia,X+,115.5,"rgba( 0 ,  151 ,  213 , 0.2)"
2014-02-01,Nokia,X,115.5,"rgba( 0 ,  151 ,  213 , 0.2)"
2014-02-01,Nokia,Asha 230,99.5,"rgba( 0 ,  151 ,  213 , 0.2)"
2014-02-01,Nokia,220,116.4,"rgba( 0 ,  151 ,  213 , 0.2)"
2014-02-01,Nokia,Lumia Icon,137,"rgba( 0 ,  151 ,  213 , 0.2)"
2013-11-01,Nokia,Lumia 525,119.9,"rgba( 0 ,  151 ,  213 , 0.2)"
2013-10-01,Nokia,Lumia 1520,162.8,"rgba( 0 ,  151 ,  213 , 0.2)"
2013-10-01,Nokia,Lumia 1320,164.2,"rgba( 0 ,  151 ,  213 , 0.2)"
2013-10-01,Nokia,Lumia 2520,267,"rgba( 0 ,  151 ,  213 , 0.2)"
2013-10-01,Nokia,Asha 503 Dual SIM,102.6,"rgba( 0 ,  151 ,  213 , 0.2)"
2013-10-01,Nokia,Asha 503,102.6,"rgba( 0 ,  151 ,  213 , 0.2)"
2013-10-01,Nokia,Asha 502 Dual SIM,99.6,"rgba( 0 ,  151 ,  213 , 0.2)"
2013-10-01,Nokia,Asha 500 Dual SIM,100.3,"rgba( 0 ,  151 ,  213 , 0.2)"
2013-10-01,Nokia,Asha 500,100.3,"rgba( 0 ,  151 ,  213 , 0.2)"
2013-09-01,Nokia,108 Dual SIM,110.4,"rgba( 0 ,  151 ,  213 , 0.2)"
2013-08-01,Nokia,515,114,"rgba( 0 ,  151 ,  213 , 0.2)"
2013-08-01,Nokia,107 Dual SIM,112.9,"rgba( 0 ,  151 ,  213 , 0.2)"
2013-08-01,Nokia,106,112.9,"rgba( 0 ,  151 ,  213 , 0.2)"
2013-07-01,Nokia,Lumia 625,133.3,"rgba( 0 ,  151 ,  213 , 0.2)"
2013-07-01,Nokia,Lumia 1020,130.4,"rgba( 0 ,  151 ,  213 , 0.2)"
2013-07-01,Nokia,208,114.2,"rgba( 0 ,  151 ,  213 , 0.2)"
2013-07-01,Nokia,207,114.2,"rgba( 0 ,  151 ,  213 , 0.2)"
2013-05-01,Nokia,Lumia 925,129,"rgba( 0 ,  151 ,  213 , 0.2)"
2013-04-01,Nokia,Lumia 928,133,"rgba( 0 ,  151 ,  213 , 0.2)"
2013-05-01,Nokia,Asha 501,99.2,"rgba( 0 ,  151 ,  213 , 0.2)"
2013-04-01,Nokia,Asha 210,111.5,"rgba( 0 ,  151 ,  213 , 0.2)"
2013-02-01,Nokia,Lumia 720,127.9,"rgba( 0 ,  151 ,  213 , 0.2)"
2013-02-01,Nokia,Lumia 520,119.9,"rgba( 0 ,  151 ,  213 , 0.2)"
2013-02-01,Nokia,301,114,"rgba( 0 ,  151 ,  213 , 0.2)"
2013-02-01,Nokia,105,107,"rgba( 0 ,  151 ,  213 , 0.2)"
2013-02-01,Nokia,Asha 310,109.9,"rgba( 0 ,  151 ,  213 , 0.2)"
2012-12-01,Nokia,Lumia 505,118.1,"rgba( 0 ,  151 ,  213 , 0.2)"
2012-12-01,Nokia,Lumia 620,115.4,"rgba( 0 ,  151 ,  213 , 0.2)"
2012-11-01,Nokia,114,110,"rgba( 0 ,  151 ,  213 , 0.2)"
2012-11-01,Nokia,206,116,"rgba( 0 ,  151 ,  213 , 0.2)"
2012-11-01,Nokia,Asha 205,112.8,"rgba( 0 ,  151 ,  213 , 0.2)"
2012-11-01,Nokia,109,110,"rgba( 0 ,  151 ,  213 , 0.2)"
2012-10-01,Nokia,Lumia 822,127.8,"rgba( 0 ,  151 ,  213 , 0.2)"
2012-10-01,Nokia,Lumia 510,120.7,"rgba( 0 ,  151 ,  213 , 0.2)"
2012-10-01,Nokia,Lumia 810,127.8,"rgba( 0 ,  151 ,  213 , 0.2)"
2005-10-01,Sagem,my302X,105,"rgba( 0 ,  0 ,  255 , 0.2)"
2005-10-01,Sagem,my301X,105,"rgba( 0 ,  0 ,  255 , 0.2)"
2005-10-01,Sagem,my300X,105,"rgba( 0 ,  0 ,  255 , 0.2)"
2006-02-01,Sagem,my150X,107,"rgba( 0 ,  0 ,  255 , 0.2)"
2005-06-01,Sagem,VS4,111,"rgba( 0 ,  0 ,  255 , 0.2)"
2005-01-01,Sagem,MY X6-2,110,"rgba( 0 ,  0 ,  255 , 0.2)"
2004-07-01,Sagem,MY X-8,115,"rgba( 0 ,  0 ,  255 , 0.2)"
2004-01-01,Sagem,MY S-7,110,"rgba( 0 ,  0 ,  255 , 0.2)"
2010-02-01,Sagem,Puma Phone,102,"rgba( 0 ,  0 ,  255 , 0.2)"
2008-09-01,Sagem,my421z,97,"rgba( 0 ,  0 ,  255 , 0.2)"
2008-02-01,Sagem,my855c,96,"rgba( 0 ,  0 ,  255 , 0.2)"
2008-02-01,Sagem,my750x,108,"rgba( 0 ,  0 ,  255 , 0.2)"
2008-02-01,Sagem,my721z,106,"rgba( 0 ,  0 ,  255 , 0.2)"
2008-02-01,Sagem,my721x,112,"rgba( 0 ,  0 ,  255 , 0.2)"
2008-02-01,Sagem,my519x,108,"rgba( 0 ,  0 ,  255 , 0.2)"
2008-07-01,Sagem,my521x,107,"rgba( 0 ,  0 ,  255 , 0.2)"
2008-02-01,Sagem,my419x,106,"rgba( 0 ,  0 ,  255 , 0.2)"
2008-02-01,Sagem,my429x,106,"rgba( 0 ,  0 ,  255 , 0.2)"
2008-02-01,Sagem,my421x,107,"rgba( 0 ,  0 ,  255 , 0.2)"
2008-10-01,Sagem,P9522 Porsche,112,"rgba( 0 ,  0 ,  255 , 0.2)"
2008-10-01,Sagem,P9521 Porsche,91.5,"rgba( 0 ,  0 ,  255 , 0.2)"
2008-10-01,Sagem,my730c,96,"rgba( 0 ,  0 ,  255 , 0.2)"
2008-02-01,Sagem,my411c,91,"rgba( 0 ,  0 ,  255 , 0.2)"
2008-02-01,Sagem,my312x,109,"rgba( 0 ,  0 ,  255 , 0.2)"
2008-02-01,Sagem,my234x,106,"rgba( 0 ,  0 ,  255 , 0.2)"
2008-02-01,Sagem,my231x,106,"rgba( 0 ,  0 ,  255 , 0.2)"
2008-02-01,Sagem,my230x,106,"rgba( 0 ,  0 ,  255 , 0.2)"
2008-02-01,Sagem,my220x,107,"rgba( 0 ,  0 ,  255 , 0.2)"
2007-03-01,Sagem,my901C,90,"rgba( 0 ,  0 ,  255 , 0.2)"
2006-03-01,Sagem,my850C,96,"rgba( 0 ,  0 ,  255 , 0.2)"
2006-09-01,Sagem,my600X,110,"rgba( 0 ,  0 ,  255 , 0.2)"
2006-10-01,Sagem,my600V,110,"rgba( 0 ,  0 ,  255 , 0.2)"
2007-09-01,Sagem,my511X,107,"rgba( 0 ,  0 ,  255 , 0.2)"
2006-03-01,Sagem,my501X,100,"rgba( 0 ,  0 ,  255 , 0.2)"
2006-08-01,Sagem,my501C,93,"rgba( 0 ,  0 ,  255 , 0.2)"
2006-06-01,Qtek,9600,113,"rgba( 0 ,  120 ,  193 , 0.2)"
2006-06-01,Qtek,8600,112.4,"rgba( 0 ,  120 ,  193 , 0.2)"
2006-03-01,Qtek,A9100,108,"rgba( 0 ,  120 ,  193 , 0.2)"
2006-02-01,Qtek,8500,98.5,"rgba( 0 ,  120 ,  193 , 0.2)"
2005-10-01,Qtek,S200,108.8,"rgba( 0 ,  120 ,  193 , 0.2)"
2005-08-01,Qtek,9000,131,"rgba( 0 ,  120 ,  193 , 0.2)"
2005-08-01,Qtek,8310,107.5,"rgba( 0 ,  120 ,  193 , 0.2)"
2005-08-01,Qtek,8300,107.5,"rgba( 0 ,  120 ,  193 , 0.2)"
2005-07-01,Qtek,9100,109,"rgba( 0 ,  120 ,  193 , 0.2)"
2005-01-01,Qtek,8100,107,"rgba( 0 ,  120 ,  193 , 0.2)"
2005-04-01,Qtek,S110,108,"rgba( 0 ,  120 ,  193 , 0.2)"
2004-10-01,Qtek,S100,108,"rgba( 0 ,  120 ,  193 , 0.2)"
2004-07-01,Qtek,9090,125,"rgba( 0 ,  120 ,  193 , 0.2)"
2004-07-01,Qtek,8020,107,"rgba( 0 ,  120 ,  193 , 0.2)"
2004-04-01,Qtek,8010,107,"rgba( 0 ,  120 ,  193 , 0.2)"
2004-04-01,Qtek,2020i,130,"rgba( 0 ,  120 ,  193 , 0.2)"
2004-04-01,Qtek,2020,130,"rgba( 0 ,  120 ,  193 , 0.2)"
2004-01-01,Qtek,8080,120,"rgba( 0 ,  120 ,  193 , 0.2)"
2004-01-01,Qtek,8060,120,"rgba( 0 ,  120 ,  193 , 0.2)"
2003-01-01,Qtek,1010,129,"rgba( 0 ,  120 ,  193 , 0.2)"
2004-01-01,Qtek,7070,120,"rgba( 0 ,  120 ,  193 , 0.2)"
2004-07-01,Mitsubishi,M430i/M900,105,"rgba( 0 ,  0 ,  0 , 0.2)"
2015-10-01,OnePlus,X,140,"rgba( 234 ,  12 ,  38 , 0.2)"
2015-07-01,OnePlus,2,151.8,"rgba( 234 ,  12 ,  38 , 0.2)"
2014-04-01,OnePlus,One,152.9,"rgba( 234 ,  12 ,  38 , 0.2)"
2015-12-01,vivo,Y51,143.8,"rgba( 0 ,  149 ,  218 , 0.2)"
2015-11-01,vivo,X6,147.9,"rgba( 0 ,  149 ,  218 , 0.2)"
2015-11-01,vivo,X6Plus,158.4,"rgba( 0 ,  149 ,  218 , 0.2)"
2015-07-01,vivo,V1,143.3,"rgba( 0 ,  149 ,  218 , 0.2)"
2015-08-01,vivo,Y15S,131.4,"rgba( 0 ,  149 ,  218 , 0.2)"
2015-08-01,vivo,V1 Max,154,"rgba( 0 ,  149 ,  218 , 0.2)"
2015-09-01,vivo,Y31,137.2,"rgba( 0 ,  149 ,  218 , 0.2)"
2015-07-01,vivo,Y35,143.3,"rgba( 0 ,  149 ,  218 , 0.2)"
2015-08-01,vivo,Y37,154,"rgba( 0 ,  149 ,  218 , 0.2)"
2015-06-01,vivo,X5Max Platinum Edition,153.9,"rgba( 0 ,  149 ,  218 , 0.2)"
2015-05-01,vivo,X5Pro,147.9,"rgba( 0 ,  149 ,  218 , 0.2)"
2015-03-01,vivo,X5Max+,153.9,"rgba( 0 ,  149 ,  218 , 0.2)"
2014-12-01,vivo,X5Max,153.9,"rgba( 0 ,  149 ,  218 , 0.2)"
2014-10-01,vivo,Y11,123,"rgba( 0 ,  149 ,  218 , 0.2)"
2014-01-01,vivo,X5,143.3,"rgba( 0 ,  149 ,  218 , 0.2)"
2013-01-01,vivo,Xplay3S,158.2,"rgba( 0 ,  149 ,  218 , 0.2)"
2014-01-01,vivo,Xshot,146.5,"rgba( 0 ,  149 ,  218 , 0.2)"
2014-01-01,vivo,X3S,143.3,"rgba( 0 ,  149 ,  218 , 0.2)"
2014-12-01,vivo,Y28,137.4,"rgba( 0 ,  149 ,  218 , 0.2)"
2014-12-01,vivo,Y27,136.9,"rgba( 0 ,  149 ,  218 , 0.2)"
2013-01-01,vivo,Y22,130.5,"rgba( 0 ,  149 ,  218 , 0.2)"
2013-01-01,vivo,Y15,131.4,"rgba( 0 ,  149 ,  218 , 0.2)"
2012-01-01,Icemobile,Fuego,88.5,"rgba( 127 ,  182 ,  247 , 0.2)"
2011-12-01,Icemobile,Hurricane II,111.5,"rgba( 127 ,  182 ,  247 , 0.2)"
2011-10-01,Icemobile,Sol,96.2,"rgba( 127 ,  182 ,  247 , 0.2)"
2011-10-01,Icemobile,Twister,111.3,"rgba( 127 ,  182 ,  247 , 0.2)"
2011-10-01,Icemobile,Wave,111,"rgba( 127 ,  182 ,  247 , 0.2)"
2011-09-01,Icemobile,Tornado II,107,"rgba( 127 ,  182 ,  247 , 0.2)"
2011-08-01,Icemobile,Storm,106.5,"rgba( 127 ,  182 ,  247 , 0.2)"
2011-05-01,Icemobile,Clima II,108.6,"rgba( 127 ,  182 ,  247 , 0.2)"
2011-08-01,Icemobile,Flurry II,98,"rgba( 127 ,  182 ,  247 , 0.2)"
2011-06-01,Icemobile,Shine,112,"rgba( 127 ,  182 ,  247 , 0.2)"
2011-04-01,Icemobile,Crystal,111.5,"rgba( 127 ,  182 ,  247 , 0.2)"
2011-06-01,Icemobile,Comet II,111.5,"rgba( 127 ,  182 ,  247 , 0.2)"
2011-06-01,Icemobile,Viento II,100,"rgba( 127 ,  182 ,  247 , 0.2)"
2011-06-01,Icemobile,Rock,109.7,"rgba( 127 ,  182 ,  247 , 0.2)"
2011-05-01,Icemobile,Tropical,108.5,"rgba( 127 ,  182 ,  247 , 0.2)"
2011-05-01,Icemobile,Tropical II,99,"rgba( 127 ,  182 ,  247 , 0.2)"
2011-04-01,Icemobile,Rainbow II,109,"rgba( 127 ,  182 ,  247 , 0.2)"
2011-01-01,Icemobile,Rainbow,109.7,"rgba( 127 ,  182 ,  247 , 0.2)"
2010-12-01,Icemobile,Twilight,88,"rgba( 127 ,  182 ,  247 , 0.2)"
2015-09-01,Icemobile,G8,190,"rgba( 127 ,  182 ,  247 , 0.2)"
2015-02-01,Icemobile,Prime 5.0 Plus,125,"rgba( 127 ,  182 ,  247 , 0.2)"
2015-02-01,Icemobile,Prime 5.0,142,"rgba( 127 ,  182 ,  247 , 0.2)"
2014-01-01,Icemobile,Gravity 4.0,140.4,"rgba( 127 ,  182 ,  247 , 0.2)"
2014-01-01,Icemobile,Rock 2.4,120,"rgba( 127 ,  182 ,  247 , 0.2)"
2014-08-01,Icemobile,Prime 5.5,152.5,"rgba( 127 ,  182 ,  247 , 0.2)"
2014-07-01,Icemobile,Prime 3.5,119.5,"rgba( 127 ,  182 ,  247 , 0.2)"
2014-05-01,Icemobile,Prime 4.0,124,"rgba( 127 ,  182 ,  247 , 0.2)"
2014-02-01,Icemobile,Apollo Touch 3G,110.5,"rgba( 127 ,  182 ,  247 , 0.2)"
2014-02-01,Icemobile,Apollo 3G,110.5,"rgba( 127 ,  182 ,  247 , 0.2)"
2014-01-01,Icemobile,G7 Pro,197.6,"rgba( 127 ,  182 ,  247 , 0.2)"
2014-01-01,Icemobile,G3,194,"rgba( 127 ,  182 ,  247 , 0.2)"
2014-01-01,Icemobile,Prime 4.5,133.5,"rgba( 127 ,  182 ,  247 , 0.2)"
2014-01-01,Icemobile,Charm II,100,"rgba( 127 ,  182 ,  247 , 0.2)"
2014-01-01,Icemobile,G10,246,"rgba( 127 ,  182 ,  247 , 0.2)"
2013-01-01,Icemobile,Gravity Pro,139.7,"rgba( 127 ,  182 ,  247 , 0.2)"
2013-11-01,Icemobile,Sol III,128,"rgba( 127 ,  182 ,  247 , 0.2)"
2013-01-01,Icemobile,Hydro,114,"rgba( 127 ,  182 ,  247 , 0.2)"
2013-01-01,Icemobile,Rock Bold,103.2,"rgba( 127 ,  182 ,  247 , 0.2)"
2013-07-01,Icemobile,G2,195,"rgba( 127 ,  182 ,  247 , 0.2)"
2013-01-01,Icemobile,Gprime Extreme,143,"rgba( 127 ,  182 ,  247 , 0.2)"
2013-04-01,Icemobile,G7,195,"rgba( 127 ,  182 ,  247 , 0.2)"
2011-11-01,Icemobile,Tropical 3,103,"rgba( 127 ,  182 ,  247 , 0.2)"
2012-11-01,Icemobile,Quattro,104,"rgba( 127 ,  182 ,  247 , 0.2)"
2012-10-01,Icemobile,Prime Plus,141.6,"rgba( 127 ,  182 ,  247 , 0.2)"
2012-10-01,Icemobile,Submarine,119,"rgba( 127 ,  182 ,  247 , 0.2)"
2012-10-01,Icemobile,Charm,92,"rgba( 127 ,  182 ,  247 , 0.2)"
2012-08-01,Icemobile,Sol II,101,"rgba( 127 ,  182 ,  247 , 0.2)"
2012-08-01,Icemobile,Diamond Dust,115,"rgba( 127 ,  182 ,  247 , 0.2)"
2012-05-01,Icemobile,Blizzard,106.3,"rgba( 127 ,  182 ,  247 , 0.2)"
2012-05-01,Icemobile,Rock Lite,108,"rgba( 127 ,  182 ,  247 , 0.2)"
2012-05-01,Icemobile,Cenior,110,"rgba( 127 ,  182 ,  247 , 0.2)"
2012-04-01,Icemobile,Acqua,120,"rgba( 127 ,  182 ,  247 , 0.2)"
2012-03-01,Icemobile,Rock Mini,103.2,"rgba( 127 ,  182 ,  247 , 0.2)"
2012-01-01,Icemobile,Twilight II,100,"rgba( 127 ,  182 ,  247 , 0.2)"
2013-09-01,Samsung,Galaxy Gear,56.6,"rgba( 64 ,  54 ,  132 , 0.2)"
2014-08-01,Samsung,Galaxy S5 LTE-A G901F,142,"rgba( 64 ,  54 ,  132 , 0.2)"
2014-08-01,Samsung,Galaxy Alpha (S801),132.4,"rgba( 64 ,  54 ,  132 , 0.2)"
2014-08-01,Samsung,Galaxy Alpha,132.4,"rgba( 64 ,  54 ,  132 , 0.2)"
2014-08-01,Samsung,Galaxy S5 mini Duos,131.1,"rgba( 64 ,  54 ,  132 , 0.2)"
2014-07-01,Samsung,Galaxy Avant,132.9,"rgba( 64 ,  54 ,  132 , 0.2)"
2014-08-01,Samsung,Galaxy S Duos 3,121.4,"rgba( 64 ,  54 ,  132 , 0.2)"
2014-05-01,Samsung,Guru Music 2,112.7,"rgba( 64 ,  54 ,  132 , 0.2)"
2014-05-01,Samsung,Metro 312,112.7,"rgba( 64 ,  54 ,  132 , 0.2)"
2014-07-01,Samsung,Galaxy Ace NXT,121.4,"rgba( 64 ,  54 ,  132 , 0.2)"
2015-07-01,Samsung,Galaxy Tab 4 8.0 (2015),210,"rgba( 64 ,  54 ,  132 , 0.2)"
2014-07-01,Samsung,Galaxy Star 2 Plus,129.7,"rgba( 64 ,  54 ,  132 , 0.2)"
2014-06-01,Samsung,Galaxy S5 mini,131.1,"rgba( 64 ,  54 ,  132 , 0.2)"
2014-06-01,Samsung,Galaxy Ace 4 LTE G313,121.4,"rgba( 64 ,  54 ,  132 , 0.2)"
2014-06-01,Samsung,Galaxy Ace 4,121.4,"rgba( 64 ,  54 ,  132 , 0.2)"
2014-06-01,Samsung,Galaxy Young 2,109.8,"rgba( 64 ,  54 ,  132 , 0.2)"
2014-06-01,Samsung,Galaxy Star 2,109.8,"rgba( 64 ,  54 ,  132 , 0.2)"
2014-06-01,Samsung,Galaxy Core II,130.3,"rgba( 64 ,  54 ,  132 , 0.2)"
2014-06-01,Samsung,Galaxy S5 Sport,144,"rgba( 64 ,  54 ,  132 , 0.2)"
2014-06-01,Samsung,Galaxy S5 LTE-A G906S,142,"rgba( 64 ,  54 ,  132 , 0.2)"
2014-06-01,Samsung,Galaxy Tab S 8.4 LTE,212.8,"rgba( 64 ,  54 ,  132 , 0.2)"
2014-06-01,Samsung,Galaxy Tab S 8.4,212.8,"rgba( 64 ,  54 ,  132 , 0.2)"
2014-06-01,Samsung,Galaxy Tab S 10.5 LTE,247.3,"rgba( 64 ,  54 ,  132 , 0.2)"
2014-06-01,Samsung,Galaxy Tab S 10.5,247.3,"rgba( 64 ,  54 ,  132 , 0.2)"
2014-06-01,Samsung,Galaxy Core Lite LTE,133.1,"rgba( 64 ,  54 ,  132 , 0.2)"
2014-06-01,Samsung,I9301I Galaxy S3 Neo,136.6,"rgba( 64 ,  54 ,  132 , 0.2)"
2014-06-01,Samsung,Galaxy W,191.8,"rgba( 64 ,  54 ,  132 , 0.2)"
2014-06-01,Samsung,Z,138.2,"rgba( 64 ,  54 ,  132 , 0.2)"
2014-05-01,Samsung,Galaxy S5 Active,145.3,"rgba( 64 ,  54 ,  132 , 0.2)"
2014-04-01,Samsung,Galaxy K zoom,137.5,"rgba( 64 ,  54 ,  132 , 0.2)"
2014-04-01,Samsung,Galaxy Beam2,134.5,"rgba( 64 ,  54 ,  132 , 0.2)"
2014-04-01,Samsung,I9300I Galaxy S3 Neo,136.6,"rgba( 64 ,  54 ,  132 , 0.2)"
2014-04-01,Samsung,Galaxy Ace Style,121.2,"rgba( 64 ,  54 ,  132 , 0.2)"
2014-04-01,Samsung,ATIV SE,137.7,"rgba( 64 ,  54 ,  132 , 0.2)"
2014-04-01,Samsung,Galaxy Tab 4 7.0,186.9,"rgba( 64 ,  54 ,  132 , 0.2)"
2014-04-01,Samsung,Galaxy Tab 4 7.0 3G,186.9,"rgba( 64 ,  54 ,  132 , 0.2)"
2014-04-01,Samsung,Galaxy Tab 4 7.0 LTE,186.9,"rgba( 64 ,  54 ,  132 , 0.2)"
2014-04-01,Samsung,Galaxy Tab 4 8.0,210,"rgba( 64 ,  54 ,  132 , 0.2)"
2014-04-01,Samsung,Galaxy Tab 4 8.0 3G,210,"rgba( 64 ,  54 ,  132 , 0.2)"
2014-04-01,Samsung,Galaxy Tab 4 8.0 LTE,210,"rgba( 64 ,  54 ,  132 , 0.2)"
2014-04-01,Samsung,Galaxy Tab 4 10.1,243.4,"rgba( 64 ,  54 ,  132 , 0.2)"
2014-04-01,Samsung,Galaxy Tab 4 10.1 3G,243.4,"rgba( 64 ,  54 ,  132 , 0.2)"
2014-04-01,Samsung,Galaxy Tab 4 10.1 LTE,243.4,"rgba( 64 ,  54 ,  132 , 0.2)"
2014-03-01,Samsung,G3812B Galaxy S3 Slim,133,"rgba( 64 ,  54 ,  132 , 0.2)"
2014-03-01,Samsung,I8200 Galaxy S III mini VE,121.6,"rgba( 64 ,  54 ,  132 , 0.2)"
2014-06-01,Samsung,Galaxy S5 Duos,142,"rgba( 64 ,  54 ,  132 , 0.2)"
2014-03-01,Samsung,Galaxy S5 (octa-core),142,"rgba( 64 ,  54 ,  132 , 0.2)"
2014-02-01,Samsung,Galaxy S5 CDMA,142,"rgba( 64 ,  54 ,  132 , 0.2)"
2014-02-01,Samsung,Galaxy S5,142,"rgba( 64 ,  54 ,  132 , 0.2)"
2014-11-01,Samsung,Galaxy Core LTE G386W,132.9,"rgba( 64 ,  54 ,  132 , 0.2)"
2014-02-01,Samsung,Galaxy Core LTE,132.9,"rgba( 64 ,  54 ,  132 , 0.2)"
2014-02-01,Samsung,S5611,118.9,"rgba( 64 ,  54 ,  132 , 0.2)"
2013-10-01,Samsung,E1272,95,"rgba( 64 ,  54 ,  132 , 0.2)"
2014-02-01,Samsung,Galaxy Star Trios S5283,106,"rgba( 64 ,  54 ,  132 , 0.2)"
2014-01-01,Samsung,Galaxy Note 3 Neo Duos,148.4,"rgba( 64 ,  54 ,  132 , 0.2)"
2014-01-01,Samsung,Galaxy Note 3 Neo,148.4,"rgba( 64 ,  54 ,  132 , 0.2)"
2014-01-01,Samsung,Galaxy Tab 3 Lite 7.0 3G,193.4,"rgba( 64 ,  54 ,  132 , 0.2)"
2014-01-01,Samsung,Galaxy Tab 3 Lite 7.0,193.4,"rgba( 64 ,  54 ,  132 , 0.2)"
2014-01-01,Samsung,Galaxy Grand Neo,143.7,"rgba( 64 ,  54 ,  132 , 0.2)"
2014-01-01,Samsung,Galaxy Note Pro 12.2 LTE,295.6,"rgba( 64 ,  54 ,  132 , 0.2)"
2014-01-01,Samsung,Galaxy Note Pro 12.2 3G,295.5,"rgba( 64 ,  54 ,  132 , 0.2)"
2014-01-01,Samsung,Galaxy Note Pro 12.2,295.6,"rgba( 64 ,  54 ,  132 , 0.2)"
2014-01-01,Samsung,Galaxy Tab Pro 12.2 LTE,295.6,"rgba( 64 ,  54 ,  132 , 0.2)"
2014-01-01,Samsung,Galaxy Tab Pro 12.2 3G,295.6,"rgba( 64 ,  54 ,  132 , 0.2)"
2014-01-01,Samsung,Galaxy Tab Pro 12.2,295.4,"rgba( 64 ,  54 ,  132 , 0.2)"
2014-01-01,Samsung,Galaxy Tab Pro 10.1 LTE,243.1,"rgba( 64 ,  54 ,  132 , 0.2)"
2014-01-01,Samsung,Galaxy Tab Pro 10.1,243.1,"rgba( 64 ,  54 ,  132 , 0.2)"
2014-01-01,Samsung,Galaxy Tab Pro 8.4 3G/LTE,219,"rgba( 64 ,  54 ,  132 , 0.2)"
2014-01-01,Samsung,Galaxy Tab Pro 8.4,219,"rgba( 64 ,  54 ,  132 , 0.2)"
2014-01-01,Samsung,Galaxy Camera 2 GC200,132.5,"rgba( 64 ,  54 ,  132 , 0.2)"
2013-12-01,Samsung,Galaxy Core Advance,133.3,"rgba( 64 ,  54 ,  132 , 0.2)"
2013-12-01,Samsung,Galaxy S4 Active LTE-A,139.7,"rgba( 64 ,  54 ,  132 , 0.2)"
2013-12-01,Samsung,Galaxy J,137,"rgba( 64 ,  54 ,  132 , 0.2)"
2013-12-01,Samsung,Galaxy Win Pro G3812,132.7,"rgba( 64 ,  54 ,  132 , 0.2)"
2013-11-01,Samsung,Galaxy S Duos 2 S7582,121.5,"rgba( 64 ,  54 ,  132 , 0.2)"
2013-11-01,Samsung,Galaxy Grand 2,146.8,"rgba( 64 ,  54 ,  132 , 0.2)"
2013-10-01,Samsung,I9230 Galaxy Golden,118,"rgba( 64 ,  54 ,  132 , 0.2)"
2013-10-01,Samsung,Galaxy Express 2,132.4,"rgba( 64 ,  54 ,  132 , 0.2)"
2013-10-01,Samsung,C3590,100.9,"rgba( 64 ,  54 ,  132 , 0.2)"
2013-07-01,Samsung,I9506 Galaxy S4,136.6,"rgba( 64 ,  54 ,  132 , 0.2)"
2013-10-01,Samsung,Galaxy Light,121.4,"rgba( 64 ,  54 ,  132 , 0.2)"
2013-10-01,Samsung,Galaxy Round G910S,151.1,"rgba( 64 ,  54 ,  132 , 0.2)"
2013-10-01,Samsung,Galaxy Fresh S7390,121.5,"rgba( 64 ,  54 ,  132 , 0.2)"
2013-10-01,Samsung,Galaxy Core Plus,129.7,"rgba( 64 ,  54 ,  132 , 0.2)"
2013-10-01,Samsung,Galaxy Fame Lite Duos S6792L,113.2,"rgba( 64 ,  54 ,  132 , 0.2)"
2013-10-01,Samsung,Galaxy Fame Lite S6790,113.2,"rgba( 64 ,  54 ,  132 , 0.2)"
2013-10-01,Samsung,Galaxy Star Pro S7260,121.2,"rgba( 64 ,  54 ,  132 , 0.2)"
2013-09-01,Samsung,Galaxy Note 10.1 (2014 Edition),243.1,"rgba( 64 ,  54 ,  132 , 0.2)"
2013-09-01,Samsung,Galaxy Note 3,151.2,"rgba( 64 ,  54 ,  132 , 0.2)"
2013-07-01,Samsung,Ch@t 333,112.1,"rgba( 64 ,  54 ,  132 , 0.2)"
2013-07-01,Samsung,Galaxy Prevail 2,122,"rgba( 64 ,  54 ,  132 , 0.2)"
2013-07-01,Samsung,Gravity Q T289,112.5,"rgba( 64 ,  54 ,  132 , 0.2)"
2013-06-01,Samsung,ATIV S Neo,135.4,"rgba( 64 ,  54 ,  132 , 0.2)"
2013-06-01,Samsung,Galaxy S4 zoom,125.5,"rgba( 64 ,  54 ,  132 , 0.2)"
2013-01-01,Samsung,Galaxy S II TV,121.2,"rgba( 64 ,  54 ,  132 , 0.2)"
2013-06-01,Samsung,Galaxy Ace 3,121.2,"rgba( 64 ,  54 ,  132 , 0.2)"
2013-05-01,Samsung,I9190 Galaxy S4 mini,124.6,"rgba( 64 ,  54 ,  132 , 0.2)"
2013-06-01,Samsung,I9295 Galaxy S4 Active,139.7,"rgba( 64 ,  54 ,  132 , 0.2)"
2013-06-01,Samsung,Galaxy Tab 3 8.0,209.8,"rgba( 64 ,  54 ,  132 , 0.2)"
2013-06-01,Samsung,Galaxy Tab 3 10.1 P5220,243.1,"rgba( 64 ,  54 ,  132 , 0.2)"
2013-06-01,Samsung,Galaxy Tab 3 10.1 P5200,243.1,"rgba( 64 ,  54 ,  132 , 0.2)"
2013-06-01,Samsung,Galaxy Tab 3 10.1 P5210,243.1,"rgba( 64 ,  54 ,  132 , 0.2)"
2013-05-01,Samsung,Galaxy Exhibit T599,121.4,"rgba( 64 ,  54 ,  132 , 0.2)"
2013-05-01,Samsung,Galaxy Core I8260,129.3,"rgba( 64 ,  54 ,  132 , 0.2)"
2013-04-01,Samsung,Galaxy Tab 3 7.0 WiFi,188,"rgba( 64 ,  54 ,  132 , 0.2)"
2013-04-01,Samsung,Galaxy Tab 3 7.0,188,"rgba( 64 ,  54 ,  132 , 0.2)"
2013-04-01,Samsung,Galaxy Mega 6.3 I9200,167.6,"rgba( 64 ,  54 ,  132 , 0.2)"
2013-04-01,Samsung,Galaxy Mega 5.8 I9150,162.6,"rgba( 64 ,  54 ,  132 , 0.2)"
2013-04-01,Samsung,Galaxy Trend II Duos S7572,121.5,"rgba( 64 ,  54 ,  132 , 0.2)"
2013-04-01,Samsung,Galaxy Win I8550,133.3,"rgba( 64 ,  54 ,  132 , 0.2)"
2013-04-01,Samsung,Galaxy Pocket Neo S5310,105,"rgba( 64 ,  54 ,  132 , 0.2)"
2013-04-01,Samsung,Galaxy Star S5280,105,"rgba( 64 ,  54 ,  132 , 0.2)"
2013-03-01,Samsung,I9505 Galaxy S4,136.6,"rgba( 64 ,  54 ,  132 , 0.2)"
2013-03-01,Samsung,I9500 Galaxy S4,136.6,"rgba( 64 ,  54 ,  132 , 0.2)"
2013-03-01,Samsung,I9502 Galaxy S4,136.6,"rgba( 64 ,  54 ,  132 , 0.2)"
2013-05-01,Samsung,Galaxy S4 CDMA,136.7,"rgba( 64 ,  54 ,  132 , 0.2)"
2013-02-01,Samsung,Galaxy Note 8.0,210.8,"rgba( 64 ,  54 ,  132 , 0.2)"
2013-02-01,Samsung,Galaxy Note 8.0 Wi-Fi,210.8,"rgba( 64 ,  54 ,  132 , 0.2)"
2013-03-01,Samsung,Galaxy Y Plus S5303,104.9,"rgba( 64 ,  54 ,  132 , 0.2)"
2013-02-01,Samsung,Rex 90 S5292,113,"rgba( 64 ,  54 ,  132 , 0.2)"
2013-02-01,Samsung,Rex 80 S5222R,102,"rgba( 64 ,  54 ,  132 , 0.2)"
2013-02-01,Samsung,Rex 70 S3802,104.9,"rgba( 64 ,  54 ,  132 , 0.2)"
2013-02-01,Samsung,Rex 60 C3312R,101.8,"rgba( 64 ,  54 ,  132 , 0.2)"
2013-02-01,Samsung,Metro E2202,110.7,"rgba( 64 ,  54 ,  132 , 0.2)"
2013-02-01,Samsung,E1282T,109.2,"rgba( 64 ,  54 ,  132 , 0.2)"
2013-02-01,Samsung,E1207T,108,"rgba( 64 ,  54 ,  132 , 0.2)"
2013-02-01,Samsung,Galaxy Young S6310,109.4,"rgba( 64 ,  54 ,  132 , 0.2)"
2013-02-01,Samsung,Galaxy Fame S6810,113.2,"rgba( 64 ,  54 ,  132 , 0.2)"
2013-01-01,Samsung,Galaxy Express I8730,132.2,"rgba( 64 ,  54 ,  132 , 0.2)"
2013-01-01,Samsung,S7710 Galaxy Xcover 2,130.5,"rgba( 64 ,  54 ,  132 , 0.2)"
2013-01-01,Samsung,I9105 Galaxy S II Plus,125.3,"rgba( 64 ,  54 ,  132 , 0.2)"
2013-01-01,Samsung,Ativ Odyssey I930,122.4,"rgba( 64 ,  54 ,  132 , 0.2)"
2012-12-01,Samsung,Galaxy Grand I9082,143.5,"rgba( 64 ,  54 ,  132 , 0.2)"
2012-12-01,Samsung,Galaxy Grand I9080,143.5,"rgba( 64 ,  54 ,  132 , 0.2)"
2012-12-01,Samsung,Star Deluxe Duos S5292,113,"rgba( 64 ,  54 ,  132 , 0.2)"
2012-12-01,Samsung,Galaxy Note LTE 10.1 N8020,262,"rgba( 64 ,  54 ,  132 , 0.2)"
2012-11-01,Samsung,A997 Rugby III,104.1,"rgba( 64 ,  54 ,  132 , 0.2)"
2012-11-01,Samsung,Galaxy Axiom R830,121.7,"rgba( 64 ,  54 ,  132 , 0.2)"
2012-11-01,Samsung,Galaxy Stratosphere II I415,126.2,"rgba( 64 ,  54 ,  132 , 0.2)"
2012-11-01,Samsung,Galaxy Discover S730M,112.8,"rgba( 64 ,  54 ,  132 , 0.2)"
2013-01-01,Samsung,Galaxy Pop SHV-E220,134.2,"rgba( 64 ,  54 ,  132 , 0.2)"
2012-11-01,Samsung,Galaxy Premier I9260,134.2,"rgba( 64 ,  54 ,  132 , 0.2)"
2012-10-01,Samsung,Google Nexus 10 P8110,263.9,"rgba( 64 ,  54 ,  132 , 0.2)"
2012-10-01,Samsung,Ativ Tab P8510,265.8,"rgba( 64 ,  54 ,  132 , 0.2)"
2012-10-01,Samsung,Comment 2 R390C,110,"rgba( 64 ,  54 ,  132 , 0.2)"
2012-10-01,Samsung,I8190 Galaxy S III mini,121.6,"rgba( 64 ,  54 ,  132 , 0.2)"
2012-10-01,Samsung,Galaxy Music S6010,110.1,"rgba( 64 ,  54 ,  132 , 0.2)"
2012-10-01,Samsung,Galaxy Music Duos S6012,110.1,"rgba( 64 ,  54 ,  132 , 0.2)"
2012-10-01,Samsung,Galaxy Rugby Pro I547,128,"rgba( 64 ,  54 ,  132 , 0.2)"
2012-10-01,Samsung,Galaxy Express I437,132.6,"rgba( 64 ,  54 ,  132 , 0.2)"
2012-07-01,Samsung,Ch@t 357,111.9,"rgba( 64 ,  54 ,  132 , 0.2)"
2012-09-01,Samsung,I9305 Galaxy S III,136.6,"rgba( 64 ,  54 ,  132 , 0.2)"
2012-09-01,Samsung,Galaxy Victory 4G LTE L300,121.9,"rgba( 64 ,  54 ,  132 , 0.2)"
2012-09-01,Samsung,Galaxy S Relay 4G T699,126,"rgba( 64 ,  54 ,  132 , 0.2)"
2012-09-01,Samsung,Champ Neo Duos C3262,96.9,"rgba( 64 ,  54 ,  132 , 0.2)"
2012-08-01,Samsung,Galaxy Pocket Duos S5302,103.9,"rgba( 64 ,  54 ,  132 , 0.2)"
2012-08-01,Samsung,Galaxy Note II N7100,151.1,"rgba( 64 ,  54 ,  132 , 0.2)"
2012-07-01,Samsung,Galaxy Note II CDMA,151.1,"rgba( 64 ,  54 ,  132 , 0.2)"
2012-08-01,Samsung,Ativ S I8750,137.2,"rgba( 64 ,  54 ,  132 , 0.2)"
2012-08-01,Samsung,Galaxy Camera GC100,128.7,"rgba( 64 ,  54 ,  132 , 0.2)"
2012-08-01,Samsung,Galaxy Rush M830,122.9,"rgba( 64 ,  54 ,  132 , 0.2)"
2012-08-01,Samsung,Galaxy Stellar 4G I200,122,"rgba( 64 ,  54 ,  132 , 0.2)"
2011-08-01,Samsung,Galaxy Reverb M950,122,"rgba( 64 ,  54 ,  132 , 0.2)"
2012-08-01,Samsung,Galaxy Tab 2 7.0 I705,193.8,"rgba( 64 ,  54 ,  132 , 0.2)"
2012-08-01,Samsung,Galaxy Note 10.1 N8000,262,"rgba( 64 ,  54 ,  132 , 0.2)"
2012-08-01,Samsung,Galaxy Note 10.1 N8010,262,"rgba( 64 ,  54 ,  132 , 0.2)"
2012-08-01,Samsung,Array M390,112,"rgba( 64 ,  54 ,  132 , 0.2)"
2012-08-01,Samsung,Galaxy S Lightray 4G R940,130,"rgba( 64 ,  54 ,  132 , 0.2)"
2012-07-01,Samsung,Galaxy S Duos S7562,121.5,"rgba( 64 ,  54 ,  132 , 0.2)"
2012-08-01,Samsung,Manhattan E3300,113.9,"rgba( 64 ,  54 ,  132 , 0.2)"
2012-08-01,Samsung,E2262,109.2,"rgba( 64 ,  54 ,  132 , 0.2)"
2012-06-01,Samsung,E1260B,103,"rgba( 64 ,  54 ,  132 , 0.2)"
2012-01-01,Samsung,E1200 Pusha,108,"rgba( 64 ,  54 ,  132 , 0.2)"
2012-07-01,Samsung,E2252,113,"rgba( 64 ,  54 ,  132 , 0.2)"
2012-07-01,Samsung,Galaxy Chat B5330,118.9,"rgba( 64 ,  54 ,  132 , 0.2)"
2012-07-01,Samsung,U485 Intensity III,112,"rgba( 64 ,  54 ,  132 , 0.2)"
2012-06-01,Samsung,Galaxy I8250,122.5,"rgba( 64 ,  54 ,  132 , 0.2)"
2012-05-01,Samsung,Galaxy Ace Advance S6800,112.7,"rgba( 64 ,  54 ,  132 , 0.2)"
2012-05-01,Samsung,Galaxy Ace Duos S6802,112.7,"rgba( 64 ,  54 ,  132 , 0.2)"
2012-05-01,Samsung,Galaxy Appeal I827,112,"rgba( 64 ,  54 ,  132 , 0.2)"
2012-01-01,Samsung,Galaxy Tab 8.9 4G P7320T,230.9,"rgba( 64 ,  54 ,  132 , 0.2)"
2012-05-01,Samsung,C3780,117.7,"rgba( 64 ,  54 ,  132 , 0.2)"
2012-05-01,Samsung,C3782 Evan,117.7,"rgba( 64 ,  54 ,  132 , 0.2)"
2012-05-01,Samsung,Galaxy Proclaim S720C,114.3,"rgba( 64 ,  54 ,  132 , 0.2)"
2012-05-01,Samsung,Omnia M S7530,121.6,"rgba( 64 ,  54 ,  132 , 0.2)"
2012-05-01,Samsung,I9500 Fraser,153.9,"rgba( 64 ,  54 ,  132 , 0.2)"
2012-05-01,Samsung,Focus 2 I667,121.7,"rgba( 64 ,  54 ,  132 , 0.2)"
2012-06-01,Samsung,Galaxy S III T999,136.6,"rgba( 64 ,  54 ,  132 , 0.2)"
2012-06-01,Samsung,Galaxy S III I747,136.6,"rgba( 64 ,  54 ,  132 , 0.2)"
2012-06-01,Samsung,Galaxy S III CDMA,137.2,"rgba( 64 ,  54 ,  132 , 0.2)"
2012-05-01,Samsung,I9300 Galaxy S III,136.6,"rgba( 64 ,  54 ,  132 , 0.2)"
2012-03-01,Samsung,E2350B,98,"rgba( 64 ,  54 ,  132 , 0.2)"
2012-02-01,Samsung,U380 Brightside,111,"rgba( 64 ,  54 ,  132 , 0.2)"
2012-03-01,Samsung,Galaxy Player 70 Plus,141.3,"rgba( 64 ,  54 ,  132 , 0.2)"
2012-01-01,Samsung,Galaxy Pocket plus S5301,104.9,"rgba( 64 ,  54 ,  132 , 0.2)"
2012-02-01,Samsung,Galaxy Pocket S5300,103.7,"rgba( 64 ,  54 ,  132 , 0.2)"
2012-02-01,Samsung,I8530 Galaxy Beam,124,"rgba( 64 ,  54 ,  132 , 0.2)"
2012-02-01,Samsung,Galaxy Tab 2 10.1 P5110,256.6,"rgba( 64 ,  54 ,  132 , 0.2)"
2012-01-01,Samsung,Galaxy Tab 2 10.1 CDMA,256.6,"rgba( 64 ,  54 ,  132 , 0.2)"
2012-02-01,Samsung,Galaxy Tab 2 10.1 P5100,256.6,"rgba( 64 ,  54 ,  132 , 0.2)"
2012-02-01,Samsung,Rugby Smart I847,122.4,"rgba( 64 ,  54 ,  132 , 0.2)"
2011-12-01,Samsung,W999,111,"rgba( 64 ,  54 ,  132 , 0.2)"
2012-04-01,Samsung,Galaxy Ace II X S7560M,121.5,"rgba( 64 ,  54 ,  132 , 0.2)"
2012-02-01,Samsung,Galaxy Ace 2 I8160,118.3,"rgba( 64 ,  54 ,  132 , 0.2)"
2012-02-01,Samsung,Galaxy mini 2 S6500,109.4,"rgba( 64 ,  54 ,  132 , 0.2)"
2012-02-01,Samsung,Galaxy Ace Duos I589,112.4,"rgba( 64 ,  54 ,  132 , 0.2)"
2012-02-01,Samsung,Galaxy Pop Plus S5570i,110.4,"rgba( 64 ,  54 ,  132 , 0.2)"
2012-02-01,Samsung,Galaxy Tab 2 7.0 P3110,193.7,"rgba( 64 ,  54 ,  132 , 0.2)"
2012-02-01,Samsung,Galaxy Tab 2 7.0 P3100,193.7,"rgba( 64 ,  54 ,  132 , 0.2)"
2012-01-01,Samsung,I9070 Galaxy S Advance,123.2,"rgba( 64 ,  54 ,  132 , 0.2)"
2012-01-01,Samsung,C3312 Duos,102,"rgba( 64 ,  54 ,  132 , 0.2)"
2012-01-01,Samsung,Star 3 s5220,102,"rgba( 64 ,  54 ,  132 , 0.2)"
2012-01-01,Samsung,Star 3 Duos S5222,102,"rgba( 64 ,  54 ,  132 , 0.2)"
2012-01-01,Samsung,Galaxy Nexus I9250M,135.5,"rgba( 64 ,  54 ,  132 , 0.2)"
2012-01-01,Samsung,Galaxy Attain 4G,113.1,"rgba( 64 ,  54 ,  132 , 0.2)"
2012-01-01,Samsung,Galaxy S Blaze 4G T769,121.9,"rgba( 64 ,  54 ,  132 , 0.2)"
2012-01-01,Samsung,Galaxy Tab 7.7 LTE I815,196.6,"rgba( 64 ,  54 ,  132 , 0.2)"
2012-01-01,Samsung,Galaxy Nexus LTE L700,134.6,"rgba( 64 ,  54 ,  132 , 0.2)"
2012-01-01,Samsung,Exhilarate i577,122,"rgba( 64 ,  54 ,  132 , 0.2)"
2012-03-01,Samsung,Galaxy Note T879,146.8,"rgba( 64 ,  54 ,  132 , 0.2)"
2012-01-01,Samsung,Galaxy Note I717,146.8,"rgba( 64 ,  54 ,  132 , 0.2)"
2012-01-01,Samsung,Galaxy M Style M340S,122.5,"rgba( 64 ,  54 ,  132 , 0.2)"
2012-01-01,Samsung,Galaxy Ace Plus S7500,114.5,"rgba( 64 ,  54 ,  132 , 0.2)"
2011-12-01,Samsung,I929 Galaxy S II Duos,129.8,"rgba( 64 ,  54 ,  132 , 0.2)"
2011-12-01,Samsung,Galaxy Y Duos S6102,109.8,"rgba( 64 ,  54 ,  132 , 0.2)"
2011-12-01,Samsung,Galaxy Y Pro Duos B5512,110.8,"rgba( 64 ,  54 ,  132 , 0.2)"
2011-11-01,Samsung,E2600,97,"rgba( 64 ,  54 ,  132 , 0.2)"
2012-01-01,Samsung,M370,96.5,"rgba( 64 ,  54 ,  132 , 0.2)"
2011-11-01,Samsung,R680 Repp,110,"rgba( 64 ,  54 ,  132 , 0.2)"
2011-11-01,Samsung,I110 Illusion,114.4,"rgba( 64 ,  54 ,  132 , 0.2)"
2011-04-01,Samsung,E1050,107.5,"rgba( 64 ,  54 ,  132 , 0.2)"
2011-08-01,Samsung,E1232B,110.6,"rgba( 64 ,  54 ,  132 , 0.2)"
2011-08-01,Samsung,E1230,110.6,"rgba( 64 ,  54 ,  132 , 0.2)"
2011-09-01,Samsung,Focus S I937,126,"rgba( 64 ,  54 ,  132 , 0.2)"
2011-09-01,Samsung,Focus Flash I677,116.1,"rgba( 64 ,  54 ,  132 , 0.2)"
2011-10-01,Samsung,Galaxy S II Skyrocket i727,129.8,"rgba( 64 ,  54 ,  132 , 0.2)"
2011-10-01,Samsung,C3330 Champ 2,96,"rgba( 64 ,  54 ,  132 , 0.2)"
2011-10-01,Samsung,Exhibit II 4G T679,115,"rgba( 64 ,  54 ,  132 , 0.2)"
2011-10-01,Samsung,C3350,122,"rgba( 64 ,  54 ,  132 , 0.2)"
2011-10-01,Samsung,C3520,102,"rgba( 64 ,  54 ,  132 , 0.2)"
2011-10-01,Samsung,Galaxy Nexus i515,135.5,"rgba( 64 ,  54 ,  132 , 0.2)"
2011-10-01,Samsung,Galaxy Nexus I9250,135.5,"rgba( 64 ,  54 ,  132 , 0.2)"
2011-07-01,Samsung,I9100G Galaxy S II,125.3,"rgba( 64 ,  54 ,  132 , 0.2)"
2011-10-01,Samsung,I405 Stratosphere,126,"rgba( 64 ,  54 ,  132 , 0.2)"
2011-10-01,Samsung,R730 Transfix,114,"rgba( 64 ,  54 ,  132 , 0.2)"
2011-10-01,Samsung,i927 Captivate Glide,124,"rgba( 64 ,  54 ,  132 , 0.2)"
2011-10-01,Samsung,DoubleTime I857,113,"rgba( 64 ,  54 ,  132 , 0.2)"
2011-09-01,Samsung,M930 Transform Ultra,116,"rgba( 64 ,  54 ,  132 , 0.2)"
2011-01-01,Samsung,P6210 Galaxy Tab 7.0 Plus,193.7,"rgba( 64 ,  54 ,  132 , 0.2)"
2011-09-01,Samsung,P6200 Galaxy Tab 7.0 Plus,193.7,"rgba( 64 ,  54 ,  132 , 0.2)"
2011-09-01,Samsung,Omnia W I8350,115.6,"rgba( 64 ,  54 ,  132 , 0.2)"
2011-09-01,Samsung,Galaxy S II HD LTE,129.8,"rgba( 64 ,  54 ,  132 , 0.2)"
2011-09-01,Samsung,Ch@t 527,103,"rgba( 64 ,  54 ,  132 , 0.2)"
2011-01-01,Samsung,P6810 Galaxy Tab 7.7,196.7,"rgba( 64 ,  54 ,  132 , 0.2)"
2011-09-01,Samsung,P6800 Galaxy Tab 7.7,196.7,"rgba( 64 ,  54 ,  132 , 0.2)"
2011-09-01,Samsung,Galaxy Note N7000,146.9,"rgba( 64 ,  54 ,  132 , 0.2)"
2011-08-01,Samsung,Galaxy S II I777,126,"rgba( 64 ,  54 ,  132 , 0.2)"
2011-10-01,Samsung,Galaxy S II X T989D,131,"rgba( 64 ,  54 ,  132 , 0.2)"
2011-08-01,Samsung,Galaxy S II T989,129.8,"rgba( 64 ,  54 ,  132 , 0.2)"
2011-08-01,Samsung,Galaxy S II Epic 4G Touch,130,"rgba( 64 ,  54 ,  132 , 0.2)"
2011-08-01,Samsung,S8600 Wave 3,125.9,"rgba( 64 ,  54 ,  132 , 0.2)"
2011-08-01,Samsung,Wave M S7250,113.8,"rgba( 64 ,  54 ,  132 , 0.2)"
2011-08-01,Samsung,Wave Y S5380,110,"rgba( 64 ,  54 ,  132 , 0.2)"
2011-07-01,Samsung,Galaxy S II LTE i727R,130.9,"rgba( 64 ,  54 ,  132 , 0.2)"
2011-08-01,Samsung,Galaxy S II LTE I9210,130.9,"rgba( 64 ,  54 ,  132 , 0.2)"
2011-08-01,Samsung,Galaxy Tab 8.9 LTE I957,230.9,"rgba( 64 ,  54 ,  132 , 0.2)"
2011-08-01,Samsung,Galaxy W I8150,115.5,"rgba( 64 ,  54 ,  132 , 0.2)"
2011-08-01,Samsung,Galaxy M Pro B7800,113.5,"rgba( 64 ,  54 ,  132 , 0.2)"
2011-08-01,Samsung,Galaxy Y Pro B5510,110.8,"rgba( 64 ,  54 ,  132 , 0.2)"
2011-01-01,Samsung,Galaxy Y TV S5367,107,"rgba( 64 ,  54 ,  132 , 0.2)"
2011-08-01,Samsung,Galaxy Y S5360,104,"rgba( 64 ,  54 ,  132 , 0.2)"
2011-08-01,Samsung,Gravity TXT T379,112,"rgba( 64 ,  54 ,  132 , 0.2)"
2011-08-01,Samsung,Galaxy Q T589R,113.9,"rgba( 64 ,  54 ,  132 , 0.2)"
2011-08-01,Samsung,S5610,118.9,"rgba( 64 ,  54 ,  132 , 0.2)"
2011-08-01,Samsung,S3770,96.3,"rgba( 64 ,  54 ,  132 , 0.2)"
2011-08-01,Samsung,S5690 Galaxy Xcover,121.5,"rgba( 64 ,  54 ,  132 , 0.2)"
2011-07-01,Samsung,Galaxy S II 4G I9100M,125.3,"rgba( 64 ,  54 ,  132 , 0.2)"
2011-06-01,Samsung,I9103 Galaxy R,125,"rgba( 64 ,  54 ,  132 , 0.2)"
2011-06-01,Samsung,R720 Admire,116,"rgba( 64 ,  54 ,  132 , 0.2)"
2011-08-01,Samsung,Convoy 2,99,"rgba( 64 ,  54 ,  132 , 0.2)"
2011-06-01,Samsung,Conquer 4G,116.1,"rgba( 64 ,  54 ,  132 , 0.2)"
2011-07-01,Samsung,R640 Character,107,"rgba( 64 ,  54 ,  132 , 0.2)"
2011-07-01,Samsung,R380 Freeform III,112,"rgba( 64 ,  54 ,  132 , 0.2)"
2011-06-01,Samsung,Trender,107,"rgba( 64 ,  54 ,  132 , 0.2)"
2011-06-01,Samsung,Gravity SMART,114,"rgba( 64 ,  54 ,  132 , 0.2)"
2011-06-01,Samsung,Exhibit 4G,119,"rgba( 64 ,  54 ,  132 , 0.2)"
2011-06-01,Samsung,C414,98.5,"rgba( 64 ,  54 ,  132 , 0.2)"
2011-07-01,Samsung,E1195,88,"rgba( 64 ,  54 ,  132 , 0.2)"
2011-07-01,Samsung,E1190,88,"rgba( 64 ,  54 ,  132 , 0.2)"
2011-04-01,Samsung,C3560,94.8,"rgba( 64 ,  54 ,  132 , 0.2)"
2011-05-01,Samsung,Dart T499,104,"rgba( 64 ,  54 ,  132 , 0.2)"
2011-04-01,Samsung,C3322,114,"rgba( 64 ,  54 ,  132 , 0.2)"
2011-05-01,Samsung,R260 Chrono,94,"rgba( 64 ,  54 ,  132 , 0.2)"
2011-04-01,Samsung,E2232,109.2,"rgba( 64 ,  54 ,  132 , 0.2)"
2011-04-01,Samsung,E1182,106.9,"rgba( 64 ,  54 ,  132 , 0.2)"
2011-04-01,Samsung,I9001 Galaxy S Plus,122.4,"rgba( 64 ,  54 ,  132 , 0.2)"
2011-01-01,Samsung,DuosTV I6712,109.5,"rgba( 64 ,  54 ,  132 , 0.2)"
2011-04-01,Samsung,C6712 Star II DUOS,109.5,"rgba( 64 ,  54 ,  132 , 0.2)"
2011-05-01,Samsung,Ch@t 222,109.5,"rgba( 64 ,  54 ,  132 , 0.2)"
2011-05-01,Samsung,Ch@t 220,109.5,"rgba( 64 ,  54 ,  132 , 0.2)"
2011-04-01,Samsung,M580 Replenish,123,"rgba( 64 ,  54 ,  132 , 0.2)"
2011-04-01,Samsung,Galaxy Prevail,113,"rgba( 64 ,  54 ,  132 , 0.2)"
2011-03-01,Samsung,M220L Galaxy Neo,115.9,"rgba( 64 ,  54 ,  132 , 0.2)"
2011-03-01,Samsung,Google Nexus S I9020A,123.9,"rgba( 64 ,  54 ,  132 , 0.2)"
2011-03-01,Samsung,Google Nexus S I9023,123.9,"rgba( 64 ,  54 ,  132 , 0.2)"
2011-04-01,Samsung,E2230,109,"rgba( 64 ,  54 ,  132 , 0.2)"
2011-01-01,Samsung,P1010 Galaxy Tab Wi-Fi,190.1,"rgba( 64 ,  54 ,  132 , 0.2)"
2011-03-01,Samsung,P7500 Galaxy Tab 10.1 3G,256.7,"rgba( 64 ,  54 ,  132 , 0.2)"
2011-01-01,Samsung,Galaxy Tab 10.1 LTE I905,256.7,"rgba( 64 ,  54 ,  132 , 0.2)"
2011-03-01,Samsung,Galaxy Tab 10.1 P7510,256.7,"rgba( 64 ,  54 ,  132 , 0.2)"
2011-03-01,Samsung,Galaxy Tab 8.9 P7300,230.9,"rgba( 64 ,  54 ,  132 , 0.2)"
2011-03-01,Samsung,Galaxy Tab 8.9 P7310,230.9,"rgba( 64 ,  54 ,  132 , 0.2)"
2011-03-01,Samsung,Google Nexus S 4G,123.9,"rgba( 64 ,  54 ,  132 , 0.2)"
2011-03-01,Samsung,M260 Factor,97,"rgba( 64 ,  54 ,  132 , 0.2)"
2011-03-01,Samsung,S3850 Corby II,109.9,"rgba( 64 ,  54 ,  132 , 0.2)"
2011-03-01,Samsung,Galaxy Pro B7510,108.6,"rgba( 64 ,  54 ,  132 , 0.2)"
2011-02-01,Samsung,I9100 Galaxy S II,125.3,"rgba( 64 ,  54 ,  132 , 0.2)"
2011-02-01,Samsung,E2652W Champ Duos,99.9,"rgba( 64 ,  54 ,  132 , 0.2)"
2011-02-01,Samsung,E2652 Champ Duos,99.9,"rgba( 64 ,  54 ,  132 , 0.2)"
2011-02-01,Samsung,S5780 Wave 578,107.9,"rgba( 64 ,  54 ,  132 , 0.2)"
2011-02-01,Samsung,P7100 Galaxy Tab 10.1v,246.2,"rgba( 64 ,  54 ,  132 , 0.2)"
2011-02-01,Samsung,Galaxy S WiFi 5.0,141.3,"rgba( 64 ,  54 ,  132 , 0.2)"
2011-02-01,Samsung,Ch@t 350,99.5,"rgba( 64 ,  54 ,  132 , 0.2)"
2011-01-01,Samsung,E3213 Hero,112.8,"rgba( 64 ,  54 ,  132 , 0.2)"
2011-02-01,Samsung,E3210,112.8,"rgba( 64 ,  54 ,  132 , 0.2)"
2011-01-01,Samsung,E2330,98,"rgba( 64 ,  54 ,  132 , 0.2)"
2011-02-01,Samsung,I9003 Galaxy SL,123.7,"rgba( 64 ,  54 ,  132 , 0.2)"
2011-01-01,Samsung,Galaxy Ace S5830I,112.4,"rgba( 64 ,  54 ,  132 , 0.2)"
2011-01-01,Samsung,Galaxy Ace S5830,112.4,"rgba( 64 ,  54 ,  132 , 0.2)"
2011-01-01,Samsung,Galaxy Fit S5670,110.2,"rgba( 64 ,  54 ,  132 , 0.2)"
2011-01-01,Samsung,Galaxy Gio S5660,110.5,"rgba( 64 ,  54 ,  132 , 0.2)"
2011-01-01,Samsung,Galaxy Mini S5570,110.4,"rgba( 64 ,  54 ,  132 , 0.2)"
2011-03-01,Samsung,Galaxy Pop i559,110.9,"rgba( 64 ,  54 ,  132 , 0.2)"
2011-01-01,Samsung,Galaxy S 4G T959,122.4,"rgba( 64 ,  54 ,  132 , 0.2)"
2011-01-01,Samsung,S5260 Star II,107.5,"rgba( 64 ,  54 ,  132 , 0.2)"
2011-01-01,Samsung,I997 Infuse 4G,132,"rgba( 64 ,  54 ,  132 , 0.2)"
2011-01-01,Samsung,R910 Galaxy Indulge,132,"rgba( 64 ,  54 ,  132 , 0.2)"
2011-01-01,Samsung,Droid Charge I510,130,"rgba( 64 ,  54 ,  132 , 0.2)"
2010-12-01,Samsung,Google Nexus S,123.9,"rgba( 64 ,  54 ,  132 , 0.2)"
2010-10-01,Samsung,M190S Galaxy S Hoppin,122.4,"rgba( 64 ,  54 ,  132 , 0.2)"
2010-11-01,Samsung,Ch@t 335,111.2,"rgba( 64 ,  54 ,  132 , 0.2)"
2010-12-01,Samsung,C3630,115.2,"rgba( 64 ,  54 ,  132 , 0.2)"
2010-11-01,Samsung,C3530,112.2,"rgba( 64 ,  54 ,  132 , 0.2)"
2010-11-01,Samsung,I9010 Galaxy S Giorgio Armani,122.5,"rgba( 64 ,  54 ,  132 , 0.2)"
2010-11-01,Samsung,A817 Solstice II,109,"rgba( 64 ,  54 ,  132 , 0.2)"
2010-11-01,Samsung,A667 Evergreen,116,"rgba( 64 ,  54 ,  132 , 0.2)"
2010-11-01,Samsung,E2530,94.4,"rgba( 64 ,  54 ,  132 , 0.2)"
2011-01-01,Samsung,I100 Gem,113.8,"rgba( 64 ,  54 ,  132 , 0.2)"
2011-01-01,Samsung,R710 Suede,112.9,"rgba( 64 ,  54 ,  132 , 0.2)"
2010-11-01,Samsung,U750 Zeal,101.9,"rgba( 64 ,  54 ,  132 , 0.2)"
2010-11-01,Samsung,Continuum I400,125,"rgba( 64 ,  54 ,  132 , 0.2)"
2011-01-01,Samsung,Ch@t 322 Wi-Fi,109.5,"rgba( 64 ,  54 ,  132 , 0.2)"
2010-10-01,Samsung,Ch@t 322,109.5,"rgba( 64 ,  54 ,  132 , 0.2)"
2010-10-01,Samsung,E1252,112.7,"rgba( 64 ,  54 ,  132 , 0.2)"
2011-01-01,Samsung,Breeze B209,108,"rgba( 64 ,  54 ,  132 , 0.2)"
2011-01-01,Samsung,Hero Plus B159,108.5,"rgba( 64 ,  54 ,  132 , 0.2)"
2010-01-01,Samsung,W169 Duos,115.5,"rgba( 64 ,  54 ,  132 , 0.2)"
2010-01-01,Samsung,Mpower Muzik 219,112,"rgba( 64 ,  54 ,  132 , 0.2)"
2010-01-01,Samsung,Mpower Txt M369,112,"rgba( 64 ,  54 ,  132 , 0.2)"
2010-01-01,Samsung,Mpower TV S239,118.5,"rgba( 64 ,  54 ,  132 , 0.2)"
2010-01-01,Samsung,E1225 Dual Sim Shift,109.1,"rgba( 64 ,  54 ,  132 , 0.2)"
2010-01-01,Samsung,Guru E1081T,107.4,"rgba( 64 ,  54 ,  132 , 0.2)"
2010-10-01,Samsung,Focus,124.7,"rgba( 64 ,  54 ,  132 , 0.2)"
2010-10-01,Samsung,I8700 Omnia 7,122.4,"rgba( 64 ,  54 ,  132 , 0.2)"
2010-10-01,Samsung,S5750 Wave575,109.5,"rgba( 64 ,  54 ,  132 , 0.2)"
2010-10-01,Samsung,S8530 Wave II,123.9,"rgba( 64 ,  54 ,  132 , 0.2)"
2010-11-01,Samsung,M210S Wave2,123.9,"rgba( 64 ,  54 ,  132 , 0.2)"
2010-11-01,Samsung,Galaxy Tab T-Mobile T849,190.1,"rgba( 64 ,  54 ,  132 , 0.2)"
2010-09-01,Samsung,P1000 Galaxy Tab,190.1,"rgba( 64 ,  54 ,  132 , 0.2)"
2010-09-01,Samsung,Galaxy Tab CDMA P100,190.5,"rgba( 64 ,  54 ,  132 , 0.2)"
2011-01-01,Samsung,Galaxy Tab 4G LTE,190.1,"rgba( 64 ,  54 ,  132 , 0.2)"
2010-11-01,Samsung,R580 Profile,117,"rgba( 64 ,  54 ,  132 , 0.2)"
2010-11-01,Samsung,R570 Messenger III,116.6,"rgba( 64 ,  54 ,  132 , 0.2)"
2010-09-01,Samsung,I909 Galaxy S,123,"rgba( 64 ,  54 ,  132 , 0.2)"
2010-01-01,Samsung,A200K Nori F,106,"rgba( 64 ,  54 ,  132 , 0.2)"
2010-10-01,Samsung,M130K Galaxy K,119.5,"rgba( 64 ,  54 ,  132 , 0.2)"
2010-10-01,Samsung,Mesmerize i500,124.5,"rgba( 64 ,  54 ,  132 , 0.2)"
2010-10-01,Samsung,M920 Transform,117,"rgba( 64 ,  54 ,  132 , 0.2)"
2010-10-01,Samsung,R360 Freeform II,104.9,"rgba( 64 ,  54 ,  132 , 0.2)"
2010-10-01,Samsung,Galaxy 551,111,"rgba( 64 ,  54 ,  132 , 0.2)"
2010-09-01,Samsung,Xcover 271,120.7,"rgba( 64 ,  54 ,  132 , 0.2)"
2010-09-01,Samsung,R900 Craft,114.3,"rgba( 64 ,  54 ,  132 , 0.2)"
2010-08-01,Samsung,S7230E Wave 723,109.5,"rgba( 64 ,  54 ,  132 , 0.2)"
2010-11-01,Samsung,C3750,98,"rgba( 64 ,  54 ,  132 , 0.2)"
2011-01-01,Samsung,C3752,97.9,"rgba( 64 ,  54 ,  132 , 0.2)"
2010-08-01,Samsung,M130L Galaxy U,119.5,"rgba( 64 ,  54 ,  132 , 0.2)"
2010-08-01,Samsung,E2152,111.6,"rgba( 64 ,  54 ,  132 , 0.2)"
2010-08-01,Samsung,S5530,105,"rgba( 64 ,  54 ,  132 , 0.2)"
2010-08-01,Samsung,U360 Gusto,101,"rgba( 64 ,  54 ,  132 , 0.2)"
2010-06-01,Samsung,Fascinate,125,"rgba( 64 ,  54 ,  132 , 0.2)"
2010-06-01,Samsung,Vibrant,122.4,"rgba( 64 ,  54 ,  132 , 0.2)"
2010-08-01,Samsung,A927 Flight II,111.8,"rgba( 64 ,  54 ,  132 , 0.2)"
2010-05-01,Samsung,C5010 Squash,115,"rgba( 64 ,  54 ,  132 , 0.2)"
2010-06-01,Samsung,i897 Captivate,122.4,"rgba( 64 ,  54 ,  132 , 0.2)"
2010-06-01,Samsung,B7350 Omnia PRO 4,117.7,"rgba( 64 ,  54 ,  132 , 0.2)"
2010-06-01,Samsung,B6520 Omnia PRO 5,116.5,"rgba( 64 ,  54 ,  132 , 0.2)"
2010-07-01,Samsung,U320 Haven,100,"rgba( 64 ,  54 ,  132 , 0.2)"
2010-07-01,Samsung,U460 Intensity II,124,"rgba( 64 ,  54 ,  132 , 0.2)"
2010-05-01,Samsung,M350 Seek,105,"rgba( 64 ,  54 ,  132 , 0.2)"
2010-06-01,Samsung,Epic 4G,124,"rgba( 64 ,  54 ,  132 , 0.2)"
2010-06-01,Samsung,Acclaim,114,"rgba( 64 ,  54 ,  132 , 0.2)"
2010-07-01,Samsung,Intercept,113,"rgba( 64 ,  54 ,  132 , 0.2)"
2010-05-01,Samsung,R360 Messenger Touch,105,"rgba( 64 ,  54 ,  132 , 0.2)"
2010-04-01,Samsung,i225 Exec,117,"rgba( 64 ,  54 ,  132 , 0.2)"
2010-04-01,Samsung,M570 Restore,117,"rgba( 64 ,  54 ,  132 , 0.2)"
2009-08-01,Samsung,R351 Freeform,112,"rgba( 64 ,  54 ,  132 , 0.2)"
2010-07-01,Samsung,T369,114,"rgba( 64 ,  54 ,  132 , 0.2)"
2010-06-01,Samsung,S5330 Wave533,109.5,"rgba( 64 ,  54 ,  132 , 0.2)"
2010-06-01,Samsung,S5250 Wave525,109.5,"rgba( 64 ,  54 ,  132 , 0.2)"
2010-06-01,Samsung,I5500 Galaxy 5,108,"rgba( 64 ,  54 ,  132 , 0.2)"
2010-06-01,Samsung,I5801 Galaxy Apollo,113.5,"rgba( 64 ,  54 ,  132 , 0.2)"
2010-06-01,Samsung,I5800 Galaxy 3,113.5,"rgba( 64 ,  54 ,  132 , 0.2)"
2010-06-01,Samsung,B7722,113.5,"rgba( 64 ,  54 ,  132 , 0.2)"
2010-05-01,Samsung,A847 Rugby II,102,"rgba( 64 ,  54 ,  132 , 0.2)"
2010-05-01,Samsung,C3300K Champ,96.3,"rgba( 64 ,  54 ,  132 , 0.2)"
2010-04-01,Samsung,W960 AMOLED 3D,113.9,"rgba( 64 ,  54 ,  132 , 0.2)"
2010-06-01,Samsung,M110S Galaxy S,122.4,"rgba( 64 ,  54 ,  132 , 0.2)"
2010-04-01,Samsung,Galaxy A,119.5,"rgba( 64 ,  54 ,  132 , 0.2)"
2010-03-01,Samsung,I9000 Galaxy S,122.4,"rgba( 64 ,  54 ,  132 , 0.2)"
2010-03-01,Samsung,I6500U Galaxy,117,"rgba( 64 ,  54 ,  132 , 0.2)"
2010-04-01,Samsung,S3370,99.9,"rgba( 64 ,  54 ,  132 , 0.2)"
2010-04-01,Samsung,E1170,108.7,"rgba( 64 ,  54 ,  132 , 0.2)"
2010-04-01,Samsung,Corby TV F339,103,"rgba( 64 ,  54 ,  132 , 0.2)"
2010-03-01,Samsung,S3650W Corby,103,"rgba( 64 ,  54 ,  132 , 0.2)"
2010-03-01,Samsung,W9705,100.5,"rgba( 64 ,  54 ,  132 , 0.2)"
2010-03-01,Samsung,A687 Strive,105.9,"rgba( 64 ,  54 ,  132 , 0.2)"
2010-03-01,Samsung,A697 Sunburst,101,"rgba( 64 ,  54 ,  132 , 0.2)"
2010-02-01,Samsung,S8500 Wave,118,"rgba( 64 ,  54 ,  132 , 0.2)"
2010-02-01,Samsung,I8520 Galaxy Beam,123,"rgba( 64 ,  54 ,  132 , 0.2)"
2010-02-01,Samsung,B3410W Ch@t,102.3,"rgba( 64 ,  54 ,  132 , 0.2)"
2010-02-01,Samsung,M3710 Corby Beat,105,"rgba( 64 ,  54 ,  132 , 0.2)"
2010-02-01,Samsung,E2370 Xcover,112,"rgba( 64 ,  54 ,  132 , 0.2)"
2010-02-01,Samsung,E2550 Monte Slider,98.5,"rgba( 64 ,  54 ,  132 , 0.2)"
2010-02-01,Samsung,C3200 Monte Bar,111.8,"rgba( 64 ,  54 ,  132 , 0.2)"
2010-02-01,Samsung,S5620 Monte,108.8,"rgba( 64 ,  54 ,  132 , 0.2)"
2010-01-01,Samsung,S5550 Shark 2,101.8,"rgba( 64 ,  54 ,  132 , 0.2)"
2010-01-01,Samsung,S3550 Shark 3,95.8,"rgba( 64 ,  54 ,  132 , 0.2)"
2010-01-01,Samsung,S5350 Shark,115.2,"rgba( 64 ,  54 ,  132 , 0.2)"
2010-02-01,Samsung,E1150,88,"rgba( 64 ,  54 ,  132 , 0.2)"
2010-01-01,Samsung,C6112,105.8,"rgba( 64 ,  54 ,  132 , 0.2)"
2010-01-01,Samsung,M2520 Beat Techno,101,"rgba( 64 ,  54 ,  132 , 0.2)"
2009-12-01,Samsung,C3510 Genoa,103.9,"rgba( 64 ,  54 ,  132 , 0.2)"
2009-12-01,Samsung,M5650 Lindy,106,"rgba( 64 ,  54 ,  132 , 0.2)"
2009-12-01,Samsung,S7070 Diva,101,"rgba( 64 ,  54 ,  132 , 0.2)"
2012-01-01,Samsung,C3730C,104,"rgba( 64 ,  54 ,  132 , 0.2)"
2009-12-01,Samsung,S5150 Diva folder,94,"rgba( 64 ,  54 ,  132 , 0.2)"
2009-11-01,Samsung,C5130,97.5,"rgba( 64 ,  54 ,  132 , 0.2)"
2009-11-01,Samsung,B5722,104,"rgba( 64 ,  54 ,  132 , 0.2)"
2009-10-01,Samsung,M3310L,101.8,"rgba( 64 ,  54 ,  132 , 0.2)"
2009-10-01,Samsung,M3310,101,"rgba( 64 ,  54 ,  132 , 0.2)"
2009-10-01,Samsung,A897 Mythic,114,"rgba( 64 ,  54 ,  132 , 0.2)"
2009-12-01,Samsung,S5500 Eco,94.8,"rgba( 64 ,  54 ,  132 , 0.2)"
2009-11-01,Samsung,T139,95,"rgba( 64 ,  54 ,  132 , 0.2)"
2009-10-01,Samsung,A797 Flight,105.9,"rgba( 64 ,  54 ,  132 , 0.2)"
2009-10-01,Samsung,B3410,102.3,"rgba( 64 ,  54 ,  132 , 0.2)"
2009-11-01,Samsung,M715 T*OMNIA II,117,"rgba( 64 ,  54 ,  132 , 0.2)"
2009-12-01,Samsung,A886 Forever,109.2,"rgba( 64 ,  54 ,  132 , 0.2)"
2009-10-01,Samsung,S5560 Marvel,106,"rgba( 64 ,  54 ,  132 , 0.2)"
2009-11-01,Samsung,S5630C,113.6,"rgba( 64 ,  54 ,  132 , 0.2)"
2009-09-01,Samsung,I5700 Galaxy Spica,115,"rgba( 64 ,  54 ,  132 , 0.2)"
2009-09-01,Samsung,E1390,108,"rgba( 64 ,  54 ,  132 , 0.2)"
2009-09-01,Samsung,E1160,105.9,"rgba( 64 ,  54 ,  132 , 0.2)"
2009-09-01,Samsung,E2130,107,"rgba( 64 ,  54 ,  132 , 0.2)"
2009-10-01,Samsung,E1130B,107,"rgba( 64 ,  54 ,  132 , 0.2)"
2009-10-01,Samsung,T401G,111.8,"rgba( 64 ,  54 ,  132 , 0.2)"
2009-10-01,Samsung,B7620 Giorgio Armani,118.5,"rgba( 64 ,  54 ,  132 , 0.2)"
2009-10-01,Samsung,T939 Behold 2,116.8,"rgba( 64 ,  54 ,  132 , 0.2)"
2009-09-01,Samsung,W880 AMOLED 12M,115.8,"rgba( 64 ,  54 ,  132 , 0.2)"
2009-09-01,Samsung,Vodafone 360 H1,115.9,"rgba( 64 ,  54 ,  132 , 0.2)"
2009-09-01,Samsung,Vodafone 360 M1,112,"rgba( 64 ,  54 ,  132 , 0.2)"
2009-09-01,Samsung,B5310 CorbyPRO,105,"rgba( 64 ,  54 ,  132 , 0.2)"
2009-09-01,Samsung,B3210 CorbyTXT,112,"rgba( 64 ,  54 ,  132 , 0.2)"
2009-02-01,Samsung,F480i,98.4,"rgba( 64 ,  54 ,  132 , 0.2)"
2009-09-01,Samsung,B7330 OmniaPRO,114.9,"rgba( 64 ,  54 ,  132 , 0.2)"
2009-09-01,Samsung,E1085T,107.4,"rgba( 64 ,  54 ,  132 , 0.2)"
2009-09-01,Samsung,E1080T,107.4,"rgba( 64 ,  54 ,  132 , 0.2)"
2009-10-01,Samsung,S5510,93.8,"rgba( 64 ,  54 ,  132 , 0.2)"
2009-09-01,Samsung,S5230W Star WiFi,104,"rgba( 64 ,  54 ,  132 , 0.2)"
2009-09-01,Samsung,S7550 Blue Earth,108,"rgba( 64 ,  54 ,  132 , 0.2)"
2009-08-01,Samsung,S3650 Corby,103,"rgba( 64 ,  54 ,  132 , 0.2)"
2009-08-01,Samsung,B3310,91,"rgba( 64 ,  54 ,  132 , 0.2)"
2009-08-01,Samsung,C3212,111.6,"rgba( 64 ,  54 ,  132 , 0.2)"
2009-07-01,Samsung,U450 DoubleTake,108,"rgba( 64 ,  54 ,  132 , 0.2)"
2010-07-01,Samsung,i220 Code,117,"rgba( 64 ,  54 ,  132 , 0.2)"
2010-02-01,Samsung,R860 Caliber,116,"rgba( 64 ,  54 ,  132 , 0.2)"
2009-09-01,Samsung,R520 Trill,101,"rgba( 64 ,  54 ,  132 , 0.2)"
2009-08-01,Samsung,M900 Moment,117,"rgba( 64 ,  54 ,  132 , 0.2)"
2009-03-01,Samsung,i350 Intrepid,124,"rgba( 64 ,  54 ,  132 , 0.2)"
2009-03-01,Samsung,M850 Instinct HD,118,"rgba( 64 ,  54 ,  132 , 0.2)"
2009-07-01,Samsung,U450 Intensity,108,"rgba( 64 ,  54 ,  132 , 0.2)"
2009-04-01,Samsung,U960 Rogue,109,"rgba( 64 ,  54 ,  132 , 0.2)"
2009-08-01,Samsung,S3100,95,"rgba( 64 ,  54 ,  132 , 0.2)"
2009-07-01,Samsung,A887 Solstice,109,"rgba( 64 ,  54 ,  132 , 0.2)"
2009-08-01,Samsung,E2120,104.5,"rgba( 64 ,  54 ,  132 , 0.2)"
2009-08-01,Samsung,S5233T,106,"rgba( 64 ,  54 ,  132 , 0.2)"
2009-08-01,Samsung,I6220 Star TV,105,"rgba( 64 ,  54 ,  132 , 0.2)"
2009-07-01,Samsung,S9110,57.5,"rgba( 64 ,  54 ,  132 , 0.2)"
2009-07-01,Samsung,T469 Gravity 2,114.3,"rgba( 64 ,  54 ,  132 , 0.2)"
2009-07-01,Samsung,T559 Comeback,109.2,"rgba( 64 ,  54 ,  132 , 0.2)"
2009-06-01,Samsung,T746 Impact,108,"rgba( 64 ,  54 ,  132 , 0.2)"
2009-06-01,Samsung,S5600v Blade,102.8,"rgba( 64 ,  54 ,  132 , 0.2)"
2009-06-01,Samsung,S6700,108,"rgba( 64 ,  54 ,  132 , 0.2)"
2009-06-01,Samsung,C5510,99.8,"rgba( 64 ,  54 ,  132 , 0.2)"
2009-06-01,Samsung,M2510,99.5,"rgba( 64 ,  54 ,  132 , 0.2)"
2009-06-01,Samsung,M2310,93,"rgba( 64 ,  54 ,  132 , 0.2)"
2009-06-01,Samsung,W850,115.2,"rgba( 64 ,  54 ,  132 , 0.2)"
2009-06-01,Samsung,S8000 Jet,108.8,"rgba( 64 ,  54 ,  132 , 0.2)"
2009-06-01,Samsung,I8000 Omnia II,118,"rgba( 64 ,  54 ,  132 , 0.2)"
2009-06-01,Samsung,B7610 OmniaPRO,112.6,"rgba( 64 ,  54 ,  132 , 0.2)"
2009-05-01,Samsung,B7320 OmniaPRO,111.8,"rgba( 64 ,  54 ,  132 , 0.2)"
2009-06-01,Samsung,B7300 OmniaLITE,107,"rgba( 64 ,  54 ,  132 , 0.2)"
2009-06-01,Samsung,M8910 Pixon12,108,"rgba( 64 ,  54 ,  132 , 0.2)"
2009-06-01,Samsung,E1107 Crest Solar,105.2,"rgba( 64 ,  54 ,  132 , 0.2)"
2009-06-01,Samsung,M2710 Beat Twist,96.5,"rgba( 64 ,  54 ,  132 , 0.2)"
2009-02-01,Samsung,S5050,105,"rgba( 64 ,  54 ,  132 , 0.2)"
2009-05-01,Samsung,T349,114,"rgba( 64 ,  54 ,  132 , 0.2)"
2009-05-01,Samsung,S5200,104,"rgba( 64 ,  54 ,  132 , 0.2)"
2009-05-01,Samsung,i637 Jack,117,"rgba( 64 ,  54 ,  132 , 0.2)"
2009-02-01,Samsung,S3310,109.9,"rgba( 64 ,  54 ,  132 , 0.2)"
2009-05-01,Samsung,C3060R,114,"rgba( 64 ,  54 ,  132 , 0.2)"
2009-05-01,Samsung,A167,90,"rgba( 64 ,  54 ,  132 , 0.2)"
2009-05-01,Samsung,A177,109,"rgba( 64 ,  54 ,  132 , 0.2)"
2009-04-01,Samsung,I7500 Galaxy,115.9,"rgba( 64 ,  54 ,  132 , 0.2)"
2008-12-01,Samsung,I6210,101.5,"rgba( 64 ,  54 ,  132 , 0.2)"
2009-04-01,Samsung,E1360,96.8,"rgba( 64 ,  54 ,  132 , 0.2)"
2009-04-01,Samsung,E1210,108,"rgba( 64 ,  54 ,  132 , 0.2)"
2009-04-01,Samsung,A657,115,"rgba( 64 ,  54 ,  132 , 0.2)"
2009-03-01,Samsung,A877 Impression,114,"rgba( 64 ,  54 ,  132 , 0.2)"
2009-03-01,Samsung,A257 Magnet,109,"rgba( 64 ,  54 ,  132 , 0.2)"
2009-03-01,Samsung,Propel Pro,99,"rgba( 64 ,  54 ,  132 , 0.2)"
2009-03-01,Samsung,B2100 Xplorer,113,"rgba( 64 ,  54 ,  132 , 0.2)"
2009-03-01,Samsung,S5230 Star,104,"rgba( 64 ,  54 ,  132 , 0.2)"
2009-03-01,Samsung,S5600 Preston,102.8,"rgba( 64 ,  54 ,  132 , 0.2)"
2009-02-01,Samsung,i8910 Omnia HD,123,"rgba( 64 ,  54 ,  132 , 0.2)"
2009-02-01,Samsung,S8300 UltraTOUCH,110,"rgba( 64 ,  54 ,  132 , 0.2)"
2009-02-01,Samsung,M7600 Beat DJ,112,"rgba( 64 ,  54 ,  132 , 0.2)"
2009-02-01,Samsung,M6710 Beat DISC,106.8,"rgba( 64 ,  54 ,  132 , 0.2)"
2009-02-01,Samsung,S7350 Ultra s,109,"rgba( 64 ,  54 ,  132 , 0.2)"
2009-02-01,Samsung,S7220 Ultra b,114,"rgba( 64 ,  54 ,  132 , 0.2)"
2009-03-01,Samsung,C5220,99,"rgba( 64 ,  54 ,  132 , 0.2)"
2009-02-01,Samsung,S3500,99.9,"rgba( 64 ,  54 ,  132 , 0.2)"
2009-02-01,Samsung,S3110,109,"rgba( 64 ,  54 ,  132 , 0.2)"
2009-04-01,Samsung,P250,102.5,"rgba( 64 ,  54 ,  132 , 0.2)"
2009-02-01,Samsung,i7410,111.7,"rgba( 64 ,  54 ,  132 , 0.2)"
2009-02-01,Samsung,T929 Memoir,105.9,"rgba( 64 ,  54 ,  132 , 0.2)"
2009-02-01,Samsung,C3050 Stratus,97,"rgba( 64 ,  54 ,  132 , 0.2)"
2009-02-01,Samsung,C3010,110.5,"rgba( 64 ,  54 ,  132 , 0.2)"
2009-01-01,Samsung,C3110,99.8,"rgba( 64 ,  54 ,  132 , 0.2)"
2008-10-01,Samsung,C6625,113.3,"rgba( 64 ,  54 ,  132 , 0.2)"
2009-02-01,Samsung,E1310,97,"rgba( 64 ,  54 ,  132 , 0.2)"
2009-02-01,Samsung,E1120,105.6,"rgba( 64 ,  54 ,  132 , 0.2)"
2009-02-01,Samsung,E1100,105,"rgba( 64 ,  54 ,  132 , 0.2)"
2009-02-01,Samsung,E1070,100.8,"rgba( 64 ,  54 ,  132 , 0.2)"
2009-02-01,Samsung,E2210B,96,"rgba( 64 ,  54 ,  132 , 0.2)"
2009-01-01,Samsung,E1125,106,"rgba( 64 ,  54 ,  132 , 0.2)"
2009-01-01,Samsung,E2100B,108,"rgba( 64 ,  54 ,  132 , 0.2)"
2008-12-01,Samsung,B520,96,"rgba( 64 ,  54 ,  132 , 0.2)"
2009-02-01,Samsung,B5702,106,"rgba( 64 ,  54 ,  132 , 0.2)"
2009-02-01,Samsung,C5212,112.7,"rgba( 64 ,  54 ,  132 , 0.2)"
2009-04-01,Samsung,SCH-W699,98,"rgba( 64 ,  54 ,  132 , 0.2)"
2009-01-01,Samsung,W259 Duos,115.5,"rgba( 64 ,  54 ,  132 , 0.2)"
2009-01-01,Samsung,W299 Duos,113,"rgba( 64 ,  54 ,  132 , 0.2)"
2008-12-01,Samsung,S9402 Ego,115,"rgba( 64 ,  54 ,  132 , 0.2)"
2008-11-01,Samsung,S3030 Tobi,94.7,"rgba( 64 ,  54 ,  132 , 0.2)"
2008-11-01,Samsung,U810 Renown,98.3,"rgba( 64 ,  54 ,  132 , 0.2)"
2008-11-01,Samsung,i770 Saga,124,"rgba( 64 ,  54 ,  132 , 0.2)"
2008-11-01,Samsung,A867 Eternity,109,"rgba( 64 ,  54 ,  132 , 0.2)"
2008-11-01,Samsung,A777,102,"rgba( 64 ,  54 ,  132 , 0.2)"
2008-11-01,Samsung,T919 Behold,98,"rgba( 64 ,  54 ,  132 , 0.2)"
2008-11-01,Samsung,T459 Gravity,114.3,"rgba( 64 ,  54 ,  132 , 0.2)"
2008-11-01,Samsung,E2510,88,"rgba( 64 ,  54 ,  132 , 0.2)"
2008-01-01,Samsung,T219,88,"rgba( 64 ,  54 ,  132 , 0.2)"
2008-01-01,Samsung,E1410,108,"rgba( 64 ,  54 ,  132 , 0.2)"
2008-01-01,Samsung,T119,104.9,"rgba( 64 ,  54 ,  132 , 0.2)"
2009-01-01,Samsung,E1117,106.4,"rgba( 64 ,  54 ,  132 , 0.2)"
2008-11-01,Samsung,E1110,106.4,"rgba( 64 ,  54 ,  132 , 0.2)"
2008-10-01,Samsung,C6620,113.3,"rgba( 64 ,  54 ,  132 , 0.2)"
2008-10-01,Samsung,i907 Epix,116,"rgba( 64 ,  54 ,  132 , 0.2)"
2008-10-01,Samsung,A767 Propel,98,"rgba( 64 ,  54 ,  132 , 0.2)"
2008-10-01,Samsung,i7110,118,"rgba( 64 ,  54 ,  132 , 0.2)"
2008-10-01,Samsung,F275,103.2,"rgba( 64 ,  54 ,  132 , 0.2)"
2008-10-01,Samsung,F270 Beat,103.2,"rgba( 64 ,  54 ,  132 , 0.2)"
2008-09-01,Samsung,M8800 Pixon,107.9,"rgba( 64 ,  54 ,  132 , 0.2)"
2008-10-01,Samsung,S3600,98,"rgba( 64 ,  54 ,  132 , 0.2)"
2008-09-01,Samsung,M7500 Emporio Armani,114.9,"rgba( 64 ,  54 ,  132 , 0.2)"
2008-09-01,Samsung,M3200 Beat s,96.5,"rgba( 64 ,  54 ,  132 , 0.2)"
2008-06-01,Samsung,T339,92,"rgba( 64 ,  54 ,  132 , 0.2)"
2008-06-01,Samsung,T229,89,"rgba( 64 ,  54 ,  132 , 0.2)"
2008-09-01,Samsung,C510,80,"rgba( 64 ,  54 ,  132 , 0.2)"
2008-10-01,Samsung,A637,86,"rgba( 64 ,  54 ,  132 , 0.2)"
2008-09-01,Samsung,A837 Rugby,100,"rgba( 64 ,  54 ,  132 , 0.2)"
2008-09-01,Samsung,A237,95,"rgba( 64 ,  54 ,  132 , 0.2)"
2008-07-01,Samsung,B320,89.9,"rgba( 64 ,  54 ,  132 , 0.2)"
2008-09-01,Samsung,B210,110,"rgba( 64 ,  54 ,  132 , 0.2)"
2008-09-01,Samsung,M3510 Beat b,109,"rgba( 64 ,  54 ,  132 , 0.2)"
2008-09-01,Samsung,M200,107.6,"rgba( 64 ,  54 ,  132 , 0.2)"
2008-09-01,Samsung,P270,99.5,"rgba( 64 ,  54 ,  132 , 0.2)"
2008-09-01,Samsung,B2700,115,"rgba( 64 ,  54 ,  132 , 0.2)"
2008-08-01,Samsung,F268,99,"rgba( 64 ,  54 ,  132 , 0.2)"
2008-10-01,Samsung,T109,89,"rgba( 64 ,  54 ,  132 , 0.2)"
2008-08-01,Samsung,E200 ECO,108,"rgba( 64 ,  54 ,  132 , 0.2)"
2008-08-01,Samsung,D980,97.5,"rgba( 64 ,  54 ,  132 , 0.2)"
2008-09-01,Samsung,B510,95,"rgba( 64 ,  54 ,  132 , 0.2)"
2008-01-01,Samsung,E215,90.6,"rgba( 64 ,  54 ,  132 , 0.2)"
2008-09-01,Samsung,B130,104,"rgba( 64 ,  54 ,  132 , 0.2)"
2008-07-01,Samsung,i8510 INNOV8,106.5,"rgba( 64 ,  54 ,  132 , 0.2)"
2008-07-01,Samsung,S7330,104.8,"rgba( 64 ,  54 ,  132 , 0.2)"
2008-07-01,Samsung,i740,107,"rgba( 64 ,  54 ,  132 , 0.2)"
2008-06-01,Samsung,J800 Luxe,99.5,"rgba( 64 ,  54 ,  132 , 0.2)"
2008-07-01,Samsung,M150,106.5,"rgba( 64 ,  54 ,  132 , 0.2)"
2008-04-01,Samsung,M140,103,"rgba( 64 ,  54 ,  132 , 0.2)"
2008-06-01,Samsung,M130,103.5,"rgba( 64 ,  54 ,  132 , 0.2)"
2008-06-01,Samsung,L700,109,"rgba( 64 ,  54 ,  132 , 0.2)"
2008-06-01,Samsung,i900 Omnia,112,"rgba( 64 ,  54 ,  132 , 0.2)"
2008-05-01,Samsung,U800 Soul b,111,"rgba( 64 ,  54 ,  132 , 0.2)"
2008-04-01,Samsung,L870,103.5,"rgba( 64 ,  54 ,  132 , 0.2)"
2008-04-01,Samsung,M620,98,"rgba( 64 ,  54 ,  132 , 0.2)"
2008-06-01,Samsung,Impact sf,89.9,"rgba( 64 ,  54 ,  132 , 0.2)"
2008-06-01,Samsung,Impact b,105,"rgba( 64 ,  54 ,  132 , 0.2)"
2008-06-01,Samsung,B300,87,"rgba( 64 ,  54 ,  132 , 0.2)"
2008-06-01,Samsung,Impact,95,"rgba( 64 ,  54 ,  132 , 0.2)"
2008-04-01,Samsung,D780,115,"rgba( 64 ,  54 ,  132 , 0.2)"
2008-01-01,Samsung,V820L,103,"rgba( 64 ,  54 ,  132 , 0.2)"
2008-03-01,Samsung,F110,101.5,"rgba( 64 ,  54 ,  132 , 0.2)"
2008-03-01,Samsung,G400 Soul,102.8,"rgba( 64 ,  54 ,  132 , 0.2)"
2008-02-01,Samsung,U900 Soul,105.9,"rgba( 64 ,  54 ,  132 , 0.2)"
2008-05-01,Samsung,L810v Steel,104.2,"rgba( 64 ,  54 ,  132 , 0.2)"
2008-02-01,Samsung,F480,98.4,"rgba( 64 ,  54 ,  132 , 0.2)"
2008-02-01,Samsung,G810,103,"rgba( 64 ,  54 ,  132 , 0.2)"
2008-05-01,Samsung,M310,87,"rgba( 64 ,  54 ,  132 , 0.2)"
2008-04-01,Samsung,B200,104,"rgba( 64 ,  54 ,  132 , 0.2)"
2008-04-01,Samsung,B110,103.5,"rgba( 64 ,  54 ,  132 , 0.2)"
2008-04-01,Samsung,A827 Access,114,"rgba( 64 ,  54 ,  132 , 0.2)"
2008-02-01,Samsung,P960,102,"rgba( 64 ,  54 ,  132 , 0.2)"
2008-04-01,Samsung,P220,106,"rgba( 64 ,  54 ,  132 , 0.2)"
2007-12-01,Samsung,P180,97,"rgba( 64 ,  54 ,  132 , 0.2)"
2008-02-01,Samsung,i200,116.7,"rgba( 64 ,  54 ,  132 , 0.2)"
2008-02-01,Samsung,F400,103.2,"rgba( 64 ,  54 ,  132 , 0.2)"
2008-02-01,Samsung,J700,99.5,"rgba( 64 ,  54 ,  132 , 0.2)"
2008-02-01,Samsung,J630,100.7,"rgba( 64 ,  54 ,  132 , 0.2)"
2008-02-01,Samsung,J210,103,"rgba( 64 ,  54 ,  132 , 0.2)"
2008-02-01,Samsung,J150,111,"rgba( 64 ,  54 ,  132 , 0.2)"
2008-02-01,Samsung,L770,102,"rgba( 64 ,  54 ,  132 , 0.2)"
2008-02-01,Samsung,E251,99.5,"rgba( 64 ,  54 ,  132 , 0.2)"
2008-02-01,Samsung,A746,101,"rgba( 64 ,  54 ,  132 , 0.2)"
2007-06-01,Samsung,A727,114,"rgba( 64 ,  54 ,  132 , 0.2)"
2007-09-01,Samsung,A711,98.5,"rgba( 64 ,  54 ,  132 , 0.2)"
2007-12-01,Samsung,SPH-i325 Ace,118,"rgba( 64 ,  54 ,  132 , 0.2)"
2008-01-01,Samsung,L320,89,"rgba( 64 ,  54 ,  132 , 0.2)"
2008-02-01,Samsung,i640,94.4,"rgba( 64 ,  54 ,  132 , 0.2)"
2008-01-01,Samsung,L310,93.4,"rgba( 64 ,  54 ,  132 , 0.2)"
2008-01-01,Samsung,L170,102.3,"rgba( 64 ,  54 ,  132 , 0.2)"
2008-01-01,Samsung,T819,101.6,"rgba( 64 ,  54 ,  132 , 0.2)"
2008-01-01,Samsung,F490,115,"rgba( 64 ,  54 ,  132 , 0.2)"
2007-10-01,Samsung,G800,101,"rgba( 64 ,  54 ,  132 , 0.2)"
2007-10-01,Samsung,C500,83.4,"rgba( 64 ,  54 ,  132 , 0.2)"
2007-10-01,Samsung,Serenata,109.5,"rgba( 64 ,  54 ,  132 , 0.2)"
2007-10-01,Samsung,D880 Duos,104,"rgba( 64 ,  54 ,  132 , 0.2)"
2007-09-01,Samsung,i780,115.9,"rgba( 64 ,  54 ,  132 , 0.2)"
2007-10-01,Samsung,i560,103,"rgba( 64 ,  54 ,  132 , 0.2)"
2007-08-01,Samsung,i550,115,"rgba( 64 ,  54 ,  132 , 0.2)"
2007-08-01,Samsung,F330,103,"rgba( 64 ,  54 ,  132 , 0.2)"
2007-08-01,Samsung,F250,94,"rgba( 64 ,  54 ,  132 , 0.2)"
2007-08-01,Samsung,i450,101,"rgba( 64 ,  54 ,  132 , 0.2)"
2007-09-01,Samsung,Armani,87.5,"rgba( 64 ,  54 ,  132 , 0.2)"
2007-10-01,Samsung,J610,98.5,"rgba( 64 ,  54 ,  132 , 0.2)"
2007-07-01,Samsung,P260,108,"rgba( 64 ,  54 ,  132 , 0.2)"
2008-01-01,Samsung,J400,99,"rgba( 64 ,  54 ,  132 , 0.2)"
2007-10-01,Samsung,J750,99,"rgba( 64 ,  54 ,  132 , 0.2)"
2007-10-01,Samsung,A737,99,"rgba( 64 ,  54 ,  132 , 0.2)"
2007-10-01,Samsung,T639,94,"rgba( 64 ,  54 ,  132 , 0.2)"
2006-05-01,Samsung,T509,117,"rgba( 64 ,  54 ,  132 , 0.2)"
2007-09-01,Samsung,T429,99.6,"rgba( 64 ,  54 ,  132 , 0.2)"
2007-06-01,Samsung,T409,89,"rgba( 64 ,  54 ,  132 , 0.2)"
2007-11-01,Samsung,T739 Katalyst,100.8,"rgba( 64 ,  54 ,  132 , 0.2)"
2007-08-01,Samsung,T729 Blast,106,"rgba( 64 ,  54 ,  132 , 0.2)"
2007-10-01,Samsung,T539 Beat,90,"rgba( 64 ,  54 ,  132 , 0.2)"
2007-07-01,Samsung,L600,97.5,"rgba( 64 ,  54 ,  132 , 0.2)"
2007-04-01,Samsung,Z630,101,"rgba( 64 ,  54 ,  132 , 0.2)"
2007-07-01,Samsung,G600,101,"rgba( 64 ,  54 ,  132 , 0.2)"
2007-10-01,Samsung,M610,99,"rgba( 64 ,  54 ,  132 , 0.2)"
2007-07-01,Samsung,M600,92,"rgba( 64 ,  54 ,  132 , 0.2)"
2008-01-01,Samsung,M110,109,"rgba( 64 ,  54 ,  132 , 0.2)"
2008-02-01,Samsung,B500,88,"rgba( 64 ,  54 ,  132 , 0.2)"
2008-01-01,Samsung,B100,104,"rgba( 64 ,  54 ,  132 , 0.2)"
2007-07-01,Samsung,S730i,100,"rgba( 64 ,  54 ,  132 , 0.2)"
2007-07-01,Samsung,S720i,96.5,"rgba( 64 ,  54 ,  132 , 0.2)"
2007-08-01,Samsung,J200,103,"rgba( 64 ,  54 ,  132 , 0.2)"
2007-07-01,Samsung,L760,100,"rgba( 64 ,  54 ,  132 , 0.2)"
2007-02-01,Samsung,F700,112,"rgba( 64 ,  54 ,  132 , 0.2)"
2007-06-01,Samsung,E950,98,"rgba( 64 ,  54 ,  132 , 0.2)"
2007-06-01,Samsung,F210,87.8,"rgba( 64 ,  54 ,  132 , 0.2)"
2007-06-01,Samsung,F200,89.5,"rgba( 64 ,  54 ,  132 , 0.2)"
2007-06-01,Samsung,i620,94.9,"rgba( 64 ,  54 ,  132 , 0.2)"
2007-04-01,Samsung,A411,94,"rgba( 64 ,  54 ,  132 , 0.2)"
2007-07-01,Samsung,ZV60,91,"rgba( 64 ,  54 ,  132 , 0.2)"
2007-04-01,Samsung,Z240,94.7,"rgba( 64 ,  54 ,  132 , 0.2)"
2007-07-01,Samsung,Z170,117.5,"rgba( 64 ,  54 ,  132 , 0.2)"
2007-04-01,Samsung,J600,97,"rgba( 64 ,  54 ,  132 , 0.2)"
2007-04-01,Samsung,i400,101,"rgba( 64 ,  54 ,  132 , 0.2)"
2007-02-01,Samsung,U700,102.5,"rgba( 64 ,  54 ,  132 , 0.2)"
2007-02-01,Samsung,U600,103.5,"rgba( 64 ,  54 ,  132 , 0.2)"
2007-02-01,Samsung,U300,100,"rgba( 64 ,  54 ,  132 , 0.2)"
2007-02-01,Samsung,U100,105.5,"rgba( 64 ,  54 ,  132 , 0.2)"
2007-02-01,Samsung,i710,108.8,"rgba( 64 ,  54 ,  132 , 0.2)"
2007-02-01,Samsung,i520,101.7,"rgba( 64 ,  54 ,  132 , 0.2)"
2007-02-01,Samsung,F520,104.8,"rgba( 64 ,  54 ,  132 , 0.2)"
2007-02-01,Samsung,F510,116.5,"rgba( 64 ,  54 ,  132 , 0.2)"
2007-02-01,Samsung,P110,91,"rgba( 64 ,  54 ,  132 , 0.2)"
2007-02-01,Samsung,E840,101.5,"rgba( 64 ,  54 ,  132 , 0.2)"
2007-02-01,Samsung,E830,100,"rgba( 64 ,  54 ,  132 , 0.2)"
2007-02-01,Samsung,E740,97,"rgba( 64 ,  54 ,  132 , 0.2)"
2007-02-01,Samsung,E590,94,"rgba( 64 ,  54 ,  132 , 0.2)"
2007-08-01,Samsung,E230,89.8,"rgba( 64 ,  54 ,  132 , 0.2)"
2007-08-01,Samsung,E210,91,"rgba( 64 ,  54 ,  132 , 0.2)"
2007-02-01,Samsung,E200,108,"rgba( 64 ,  54 ,  132 , 0.2)"
2007-04-01,Samsung,C520,84.4,"rgba( 64 ,  54 ,  132 , 0.2)"
2007-07-01,Samsung,C450,103.5,"rgba( 64 ,  54 ,  132 , 0.2)"
2008-01-01,Samsung,C275,88,"rgba( 64 ,  54 ,  132 , 0.2)"
2008-01-01,Samsung,C270,88.1,"rgba( 64 ,  54 ,  132 , 0.2)"
2007-02-01,Samsung,C260,88,"rgba( 64 ,  54 ,  132 , 0.2)"
2006-12-01,Samsung,i600,113,"rgba( 64 ,  54 ,  132 , 0.2)"
2007-10-01,Samsung,i617 BlackJack II,114,"rgba( 64 ,  54 ,  132 , 0.2)"
2006-12-01,Samsung,i607 BlackJack,113,"rgba( 64 ,  54 ,  132 , 0.2)"
2006-12-01,Samsung,F500,116.4,"rgba( 64 ,  54 ,  132 , 0.2)"
2006-12-01,Samsung,F300,103.5,"rgba( 64 ,  54 ,  132 , 0.2)"
2006-12-01,Samsung,P930,107,"rgba( 64 ,  54 ,  132 , 0.2)"
2007-01-01,Samsung,E790,92,"rgba( 64 ,  54 ,  132 , 0.2)"
2006-11-01,Samsung,E490,94,"rgba( 64 ,  54 ,  132 , 0.2)"
2006-11-01,Samsung,E480,94,"rgba( 64 ,  54 ,  132 , 0.2)"
2006-10-01,Samsung,E390,93,"rgba( 64 ,  54 ,  132 , 0.2)"
2007-07-01,Samsung,X550,90,"rgba( 64 ,  54 ,  132 , 0.2)"
2006-10-01,Samsung,X540,90,"rgba( 64 ,  54 ,  132 , 0.2)"
2006-10-01,Samsung,E250,99.5,"rgba( 64 ,  54 ,  132 , 0.2)"
2006-10-01,Samsung,X520,89,"rgba( 64 ,  54 ,  132 , 0.2)"
2006-10-01,Samsung,X530,95,"rgba( 64 ,  54 ,  132 , 0.2)"
2006-10-01,Samsung,C300,92,"rgba( 64 ,  54 ,  132 , 0.2)"
2007-05-01,Samsung,M300,80,"rgba( 64 ,  54 ,  132 , 0.2)"
2006-11-01,Samsung,E690,94,"rgba( 64 ,  54 ,  132 , 0.2)"
2006-10-01,Samsung,E570,86,"rgba( 64 ,  54 ,  132 , 0.2)"
2006-10-01,Samsung,E420,83.6,"rgba( 64 ,  54 ,  132 , 0.2)"
2006-09-01,Samsung,X830,84,"rgba( 64 ,  54 ,  132 , 0.2)"
2006-10-01,Samsung,E890,99.5,"rgba( 64 ,  54 ,  132 , 0.2)"
2006-09-01,Samsung,P310,86,"rgba( 64 ,  54 ,  132 , 0.2)"
2006-08-01,Samsung,Z720,104.5,"rgba( 64 ,  54 ,  132 , 0.2)"
2006-10-01,Samsung,Z650i,101,"rgba( 64 ,  54 ,  132 , 0.2)"
2006-08-01,Samsung,Z620,103,"rgba( 64 ,  54 ,  132 , 0.2)"
2006-08-01,Samsung,Z370,112,"rgba( 64 ,  54 ,  132 , 0.2)"
2007-04-01,Samsung,Z360,96.8,"rgba( 64 ,  54 ,  132 , 0.2)"
2006-07-01,Samsung,P200,95,"rgba( 64 ,  54 ,  132 , 0.2)"
2006-10-01,Samsung,X510,88,"rgba( 64 ,  54 ,  132 , 0.2)"
2006-06-01,Samsung,X500,88,"rgba( 64 ,  54 ,  132 , 0.2)"
2006-06-01,Samsung,D840,99,"rgba( 64 ,  54 ,  132 , 0.2)"
2006-06-01,Samsung,C240,104,"rgba( 64 ,  54 ,  132 , 0.2)"
2007-07-01,Samsung,C180,105,"rgba( 64 ,  54 ,  132 , 0.2)"
2007-05-01,Samsung,C170,105,"rgba( 64 ,  54 ,  132 , 0.2)"
2007-02-01,Samsung,C160,106.5,"rgba( 64 ,  54 ,  132 , 0.2)"
2007-01-01,Samsung,C140,104.2,"rgba( 64 ,  54 ,  132 , 0.2)"
2006-06-01,Samsung,D830,103,"rgba( 64 ,  54 ,  132 , 0.2)"
2007-01-01,Samsung,D900i,103.5,"rgba( 64 ,  54 ,  132 , 0.2)"
2006-06-01,Samsung,D900,103.5,"rgba( 64 ,  54 ,  132 , 0.2)"
2006-05-01,Samsung,X820,113,"rgba( 64 ,  54 ,  132 , 0.2)"
2006-05-01,Samsung,C130,102.4,"rgba( 64 ,  54 ,  132 , 0.2)"
2006-05-01,Samsung,E500,85,"rgba( 64 ,  54 ,  132 , 0.2)"
2006-07-01,Samsung,E380,93,"rgba( 64 ,  54 ,  132 , 0.2)"
2006-03-01,Samsung,D870,103.5,"rgba( 64 ,  54 ,  132 , 0.2)"
2006-03-01,Samsung,E900,93,"rgba( 64 ,  54 ,  132 , 0.2)"
2006-03-01,Samsung,Z400,96.7,"rgba( 64 ,  54 ,  132 , 0.2)"
2006-03-01,Samsung,Z550,93,"rgba( 64 ,  54 ,  132 , 0.2)"
2006-02-01,Samsung,i320,111,"rgba( 64 ,  54 ,  132 , 0.2)"
2006-03-01,Samsung,i310,111.9,"rgba( 64 ,  54 ,  132 , 0.2)"
2006-07-01,Samsung,ZV40,91,"rgba( 64 ,  54 ,  132 , 0.2)"
2006-02-01,Samsung,Z560,97.3,"rgba( 64 ,  54 ,  132 , 0.2)"
2006-04-01,Samsung,P920,94.4,"rgba( 64 ,  54 ,  132 , 0.2)"
2006-02-01,Samsung,P900,94.5,"rgba( 64 ,  54 ,  132 , 0.2)"
2006-02-01,Samsung,P910,97,"rgba( 64 ,  54 ,  132 , 0.2)"
2006-07-01,Samsung,T629,99,"rgba( 64 ,  54 ,  132 , 0.2)"
2006-02-01,Samsung,D520,101,"rgba( 64 ,  54 ,  132 , 0.2)"
2006-02-01,Samsung,D300,95,"rgba( 64 ,  54 ,  132 , 0.2)"
2006-02-01,Samsung,Z350,97,"rgba( 64 ,  54 ,  132 , 0.2)"
2006-09-01,Samsung,Z230,91,"rgba( 64 ,  54 ,  132 , 0.2)"
2006-02-01,Samsung,Z150,118,"rgba( 64 ,  54 ,  132 , 0.2)"
2006-04-01,Samsung,X680,88,"rgba( 64 ,  54 ,  132 , 0.2)"
2006-04-01,Samsung,X630,104,"rgba( 64 ,  54 ,  132 , 0.2)"
2006-02-01,Samsung,X300,85,"rgba( 64 ,  54 ,  132 , 0.2)"
2006-01-01,Samsung,X160,86.6,"rgba( 64 ,  54 ,  132 , 0.2)"
2006-01-01,Samsung,i300x,113,"rgba( 64 ,  54 ,  132 , 0.2)"
2005-10-01,Samsung,D820,95,"rgba( 64 ,  54 ,  132 , 0.2)"
2006-01-01,Samsung,D810,98,"rgba( 64 ,  54 ,  132 , 0.2)"
2005-10-01,Samsung,D800,97,"rgba( 64 ,  54 ,  132 , 0.2)"
2005-10-01,Samsung,P300,86,"rgba( 64 ,  54 ,  132 , 0.2)"
2005-10-01,Samsung,E770,90,"rgba( 64 ,  54 ,  132 , 0.2)"
2006-03-01,Samsung,E370,86,"rgba( 64 ,  54 ,  132 , 0.2)"
2005-10-01,Samsung,Z320i,97,"rgba( 64 ,  54 ,  132 , 0.2)"
2006-02-01,Samsung,S400i,91,"rgba( 64 ,  54 ,  132 , 0.2)"
2005-01-01,Samsung,D600,96,"rgba( 64 ,  54 ,  132 , 0.2)"
2005-01-01,Samsung,P850,96,"rgba( 64 ,  54 ,  132 , 0.2)"
2005-01-01,Samsung,D510,94,"rgba( 64 ,  54 ,  132 , 0.2)"
2005-04-01,Samsung,X700,108,"rgba( 64 ,  54 ,  132 , 0.2)"
2006-01-01,Samsung,X670,87,"rgba( 64 ,  54 ,  132 , 0.2)"
2005-10-01,Samsung,X150,85,"rgba( 64 ,  54 ,  132 , 0.2)"
2005-01-01,Samsung,Z300,89,"rgba( 64 ,  54 ,  132 , 0.2)"
2005-06-01,Samsung,D550,95,"rgba( 64 ,  54 ,  132 , 0.2)"
2005-01-01,Samsung,D730,95,"rgba( 64 ,  54 ,  132 , 0.2)"
2005-01-01,Samsung,i750,107,"rgba( 64 ,  54 ,  132 , 0.2)"
2005-01-01,Samsung,D720,99,"rgba( 64 ,  54 ,  132 , 0.2)"
2005-01-01,Samsung,i300,113,"rgba( 64 ,  54 ,  132 , 0.2)"
2005-01-01,Samsung,E880,87,"rgba( 64 ,  54 ,  132 , 0.2)"
2005-01-01,Samsung,E350,85,"rgba( 64 ,  54 ,  132 , 0.2)"
2005-04-01,Samsung,X810,89,"rgba( 64 ,  54 ,  132 , 0.2)"
2005-01-01,Samsung,X800,89,"rgba( 64 ,  54 ,  132 , 0.2)"
2005-10-01,Samsung,C120,105,"rgba( 64 ,  54 ,  132 , 0.2)"
2005-04-01,Samsung,C230,105,"rgba( 64 ,  54 ,  132 , 0.2)"
2005-07-01,Samsung,C210,105,"rgba( 64 ,  54 ,  132 , 0.2)"
2005-01-01,Samsung,X620,106,"rgba( 64 ,  54 ,  132 , 0.2)"
2005-01-01,Samsung,X140,105,"rgba( 64 ,  54 ,  132 , 0.2)"
2004-10-01,Samsung,D500,93.5,"rgba( 64 ,  54 ,  132 , 0.2)"
2004-10-01,Samsung,D428,99,"rgba( 64 ,  54 ,  132 , 0.2)"
2004-10-01,Samsung,E630,85,"rgba( 64 ,  54 ,  132 , 0.2)"
2004-10-01,Samsung,E850,90,"rgba( 64 ,  54 ,  132 , 0.2)"
2004-03-01,Samsung,E810,88,"rgba( 64 ,  54 ,  132 , 0.2)"
2004-03-01,Samsung,E800,87,"rgba( 64 ,  54 ,  132 , 0.2)"
2004-10-01,Samsung,Z110,95,"rgba( 64 ,  54 ,  132 , 0.2)"
2004-10-01,Samsung,C200,105,"rgba( 64 ,  54 ,  132 , 0.2)"
2004-01-01,Samsung,X610,111,"rgba( 64 ,  54 ,  132 , 0.2)"
2004-01-01,Samsung,X120,108,"rgba( 64 ,  54 ,  132 , 0.2)"
2004-01-01,Samsung,C110,111,"rgba( 64 ,  54 ,  132 , 0.2)"
2003-10-01,Samsung,D410,97,"rgba( 64 ,  54 ,  132 , 0.2)"
2003-07-01,Samsung,X100,110,"rgba( 64 ,  54 ,  132 , 0.2)"
2016-02-01,Samsung,Galaxy S7,142.4,"rgba( 64 ,  54 ,  132 , 0.2)"
2016-02-01,Samsung,Galaxy S7 edge,150.9,"rgba( 64 ,  54 ,  132 , 0.2)"
2016-02-01,Samsung,Galaxy S7 edge (CDMA),150.9,"rgba( 64 ,  54 ,  132 , 0.2)"
2016-02-01,Samsung,Galaxy S7 (CDMA),142.4,"rgba( 64 ,  54 ,  132 , 0.2)"
2016-02-01,Samsung,Galaxy J1 Nxt,126.6,"rgba( 64 ,  54 ,  132 , 0.2)"
2016-02-01,Samsung,Gear S2 classic 3G,44,"rgba( 64 ,  54 ,  132 , 0.2)"
2016-01-01,Samsung,Galaxy Tab E 8.0,212.1,"rgba( 64 ,  54 ,  132 , 0.2)"
2016-01-01,Samsung,Galaxy J1 (2016),132.6,"rgba( 64 ,  54 ,  132 , 0.2)"
2015-12-01,Samsung,Galaxy A9 (2016),161.7,"rgba( 64 ,  54 ,  132 , 0.2)"
2015-12-01,Samsung,Galaxy A7 (2016),151.5,"rgba( 64 ,  54 ,  132 , 0.2)"
2015-12-01,Samsung,Galaxy A5 (2016),144.8,"rgba( 64 ,  54 ,  132 , 0.2)"
2015-12-01,Samsung,Galaxy A3 (2016),134.5,"rgba( 64 ,  54 ,  132 , 0.2)"
2015-11-01,Samsung,Galaxy J3 (2016),142.3,"rgba( 64 ,  54 ,  132 , 0.2)"
2015-10-01,Samsung,Galaxy View,451.8,"rgba( 64 ,  54 ,  132 , 0.2)"
2015-10-01,Samsung,Galaxy On7,151.8,"rgba( 64 ,  54 ,  132 , 0.2)"
2015-10-01,Samsung,Galaxy On5,142.3,"rgba( 64 ,  54 ,  132 , 0.2)"
2015-10-01,Samsung,Z3,141.6,"rgba( 64 ,  54 ,  132 , 0.2)"
2015-09-01,Samsung,Galaxy J1 Ace,130.1,"rgba( 64 ,  54 ,  132 , 0.2)"
2015-08-01,Samsung,Gear S2 classic,43.6,"rgba( 64 ,  54 ,  132 , 0.2)"
2015-08-01,Samsung,Gear S2,49.8,"rgba( 64 ,  54 ,  132 , 0.2)"
2015-08-01,Samsung,Gear S2 3G,51.8,"rgba( 64 ,  54 ,  132 , 0.2)"
2015-08-01,Samsung,Galaxy Note5 (CDMA),153.2,"rgba( 64 ,  54 ,  132 , 0.2)"
2015-08-01,Samsung,Galaxy Note5,153.2,"rgba( 64 ,  54 ,  132 , 0.2)"
2015-08-01,Samsung,Galaxy Note5 Duos,153.2,"rgba( 64 ,  54 ,  132 , 0.2)"
2015-08-01,Samsung,Galaxy S6 edge+ (CDMA),154.4,"rgba( 64 ,  54 ,  132 , 0.2)"
2015-08-01,Samsung,Galaxy S6 edge+,154.4,"rgba( 64 ,  54 ,  132 , 0.2)"
2015-08-01,Samsung,Galaxy S6 edge+ Duos,154.4,"rgba( 64 ,  54 ,  132 , 0.2)"
2015-08-01,Samsung,Galaxy S5 Neo,142,"rgba( 64 ,  54 ,  132 , 0.2)"
2015-06-01,Samsung,Galaxy S4 mini I9195I,124.6,"rgba( 64 ,  54 ,  132 , 0.2)"
2015-07-01,Samsung,Galaxy Folder,122,"rgba( 64 ,  54 ,  132 , 0.2)"
2015-07-01,Samsung,Galaxy Tab S2 9.7,237.3,"rgba( 64 ,  54 ,  132 , 0.2)"
2015-07-01,Samsung,Galaxy Tab S2 8.0,198.6,"rgba( 64 ,  54 ,  132 , 0.2)"
2015-08-01,Samsung,Galaxy A8 Duos,158,"rgba( 64 ,  54 ,  132 , 0.2)"
2015-07-01,Samsung,Galaxy A8,158,"rgba( 64 ,  54 ,  132 , 0.2)"
2015-07-01,Samsung,Galaxy V Plus,121.4,"rgba( 64 ,  54 ,  132 , 0.2)"
2015-06-01,Samsung,Galaxy J7,152.2,"rgba( 64 ,  54 ,  132 , 0.2)"
2015-06-01,Samsung,Galaxy J5,142.1,"rgba( 64 ,  54 ,  132 , 0.2)"
2015-07-01,Samsung,Galaxy Tab 4 10.1 (2015),243.4,"rgba( 64 ,  54 ,  132 , 0.2)"
2015-06-01,Samsung,Galaxy Tab E 9.6,241.9,"rgba( 64 ,  54 ,  132 , 0.2)"
2015-04-01,Samsung,Guru Plus ,108,"rgba( 64 ,  54 ,  132 , 0.2)"
2015-01-01,Samsung,Metro 360,117.3,"rgba( 64 ,  54 ,  132 , 0.2)"
2015-07-01,Samsung,Xcover 550,129,"rgba( 64 ,  54 ,  132 , 0.2)"
2015-06-01,Samsung,Galaxy S6 active,146.8,"rgba( 64 ,  54 ,  132 , 0.2)"
2015-03-01,Samsung,Galaxy Tab 3 V,193.4,"rgba( 64 ,  54 ,  132 , 0.2)"
2015-07-01,Samsung,Galaxy Tab A & S Pen,242.5,"rgba( 64 ,  54 ,  132 , 0.2)"
2015-03-01,Samsung,Galaxy Tab A 9.7,242.5,"rgba( 64 ,  54 ,  132 , 0.2)"
2015-03-01,Samsung,Galaxy Tab A 8.0,208.3,"rgba( 64 ,  54 ,  132 , 0.2)"
2015-03-01,Samsung,Galaxy Xcover 3,132.9,"rgba( 64 ,  54 ,  132 , 0.2)"
2015-03-01,Samsung,Galaxy S6 edge (CDMA),142,"rgba( 64 ,  54 ,  132 , 0.2)"
2015-03-01,Samsung,Galaxy S6 (CDMA),143.5,"rgba( 64 ,  54 ,  132 , 0.2)"
2015-03-01,Samsung,Galaxy S6 edge,142.1,"rgba( 64 ,  54 ,  132 , 0.2)"
2015-06-01,Samsung,Galaxy S6 Duos,143.4,"rgba( 64 ,  54 ,  132 , 0.2)"
2015-03-01,Samsung,Galaxy S6,143.4,"rgba( 64 ,  54 ,  132 , 0.2)"
2015-01-01,Samsung,Galaxy J1 4G,129,"rgba( 64 ,  54 ,  132 , 0.2)"
2015-01-01,Samsung,Galaxy J1,129,"rgba( 64 ,  54 ,  132 , 0.2)"
2015-09-01,Samsung,Galaxy J2,136.5,"rgba( 64 ,  54 ,  132 , 0.2)"
2015-03-01,Samsung,Galaxy Tab 3 Lite 7.0 VE,193.4,"rgba( 64 ,  54 ,  132 , 0.2)"
2015-01-01,Samsung,Z1,120.4,"rgba( 64 ,  54 ,  132 , 0.2)"
2015-01-01,Samsung,Galaxy A7 Duos,151,"rgba( 64 ,  54 ,  132 , 0.2)"
2015-01-01,Samsung,Galaxy A7,151,"rgba( 64 ,  54 ,  132 , 0.2)"
2015-01-01,Samsung,Galaxy Grand Max,146,"rgba( 64 ,  54 ,  132 , 0.2)"
2015-01-01,Samsung,Galaxy E7,151.3,"rgba( 64 ,  54 ,  132 , 0.2)"
2015-01-01,Samsung,Galaxy E5,141.6,"rgba( 64 ,  54 ,  132 , 0.2)"
2014-11-01,Samsung,Galaxy Core Prime,130.8,"rgba( 64 ,  54 ,  132 , 0.2)"
2014-10-01,Samsung,Galaxy A5 Duos,139.3,"rgba( 64 ,  54 ,  132 , 0.2)"
2014-10-01,Samsung,Galaxy A5,139.3,"rgba( 64 ,  54 ,  132 , 0.2)"
2014-10-01,Samsung,Galaxy A3 Duos,130.1,"rgba( 64 ,  54 ,  132 , 0.2)"
2014-10-01,Samsung,Galaxy A3,130.1,"rgba( 64 ,  54 ,  132 , 0.2)"
2014-10-01,Samsung,Galaxy S5 Plus,142,"rgba( 64 ,  54 ,  132 , 0.2)"
2014-09-01,Samsung,Galaxy Pocket 2,109.9,"rgba( 64 ,  54 ,  132 , 0.2)"
2014-09-01,Samsung,Galaxy V,121.4,"rgba( 64 ,  54 ,  132 , 0.2)"
2014-10-01,Samsung,Galaxy Grand Prime Duos TV,144.7,"rgba( 64 ,  54 ,  132 , 0.2)"
2014-09-01,Samsung,Galaxy Grand Prime,144.8,"rgba( 64 ,  54 ,  132 , 0.2)"
2014-09-01,Samsung,Galaxy Ace Style LTE G357,128.9,"rgba( 64 ,  54 ,  132 , 0.2)"
2014-09-01,Samsung,Galaxy Note Edge,151.3,"rgba( 64 ,  54 ,  132 , 0.2)"
2014-10-01,Samsung,Galaxy Note 4 Duos,153.5,"rgba( 64 ,  54 ,  132 , 0.2)"
2014-10-01,Samsung,Galaxy Note 4 (CDMA),153.5,"rgba( 64 ,  54 ,  132 , 0.2)"
2014-09-01,Samsung,Galaxy Note 4,153.5,"rgba( 64 ,  54 ,  132 , 0.2)"
2014-09-01,Samsung,Galaxy Tab Active LTE,213.1,"rgba( 64 ,  54 ,  132 , 0.2)"
2014-09-01,Samsung,Galaxy Tab Active,213.1,"rgba( 64 ,  54 ,  132 , 0.2)"
2014-09-01,Samsung,Galaxy Mega 2,163.6,"rgba( 64 ,  54 ,  132 , 0.2)"
2014-08-01,Samsung,Gear S,58.1,"rgba( 64 ,  54 ,  132 , 0.2)"
2014-02-01,Samsung,Gear 2 Neo,58.7,"rgba( 64 ,  54 ,  132 , 0.2)"
2014-06-01,Samsung,Gear Live,56.4,"rgba( 64 ,  54 ,  132 , 0.2)"
2014-04-01,Samsung,Gear 2,58.4,"rgba( 64 ,  54 ,  132 , 0.2)"
2003-07-01,Siemens,SX1,109,"rgba( 0 ,  171 ,  181 , 0.2)"
2001-01-01,Siemens,SL45i,105,"rgba( 0 ,  171 ,  181 , 0.2)"
2001-01-01,Siemens,SL42,105,"rgba( 0 ,  171 ,  181 , 0.2)"
2000-01-01,Siemens,SL45,105,"rgba( 0 ,  171 ,  181 , 0.2)"
2005-09-01,Siemens,SG75,98,"rgba( 0 ,  171 ,  181 , 0.2)"
2005-09-01,Siemens,SFG75,90,"rgba( 0 ,  171 ,  181 , 0.2)"
2005-04-01,Siemens,S75,103,"rgba( 0 ,  171 ,  181 , 0.2)"
2005-03-01,Siemens,SP65,109,"rgba( 0 ,  171 ,  181 , 0.2)"
2005-01-01,Siemens,SXG75,111.5,"rgba( 0 ,  171 ,  181 , 0.2)"
2005-01-01,Siemens,M75,110.5,"rgba( 0 ,  171 ,  181 , 0.2)"
2005-01-01,Siemens,CX75,112,"rgba( 0 ,  171 ,  181 , 0.2)"
2004-10-01,Siemens,SX66,125,"rgba( 0 ,  171 ,  181 , 0.2)"
2004-06-01,Siemens,SL65,90,"rgba( 0 ,  171 ,  181 , 0.2)"
2004-03-01,Siemens,S65,109,"rgba( 0 ,  171 ,  181 , 0.2)"
2004-02-01,Siemens,CX65,108,"rgba( 0 ,  171 ,  181 , 0.2)"
2014-09-01,Huawei,Ascend G620s,142.9,"rgba( 229 ,  178 ,  180 , 0.2)"
2014-09-01,Huawei,Ascend Y550,133,"rgba( 229 ,  178 ,  180 , 0.2)"
2014-09-01,Huawei,Ascend G7,153.5,"rgba( 229 ,  178 ,  180 , 0.2)"
2014-08-01,Huawei,Ascend P7 Sapphire Edition,139.8,"rgba( 229 ,  178 ,  180 , 0.2)"
2014-09-01,Huawei,Ascend Mate7,157,"rgba( 229 ,  178 ,  180 , 0.2)"
2014-08-01,Huawei,Honor 3C Play,142.2,"rgba( 229 ,  178 ,  180 , 0.2)"
2014-06-01,Huawei,Honor 6,139.6,"rgba( 229 ,  178 ,  180 , 0.2)"
2014-05-01,Huawei,Honor 3X Pro,149.5,"rgba( 229 ,  178 ,  180 , 0.2)"
2014-05-01,Huawei,Honor 3C 4G,139.5,"rgba( 229 ,  178 ,  180 , 0.2)"
2014-07-01,Huawei,Ascend G535,131,"rgba( 229 ,  178 ,  180 , 0.2)"
2014-03-01,Huawei,Ascend G630,143,"rgba( 229 ,  178 ,  180 , 0.2)"
2014-03-01,Huawei,Ascend Y330,122.1,"rgba( 229 ,  178 ,  180 , 0.2)"
2014-05-01,Huawei,Ascend P7,139.8,"rgba( 229 ,  178 ,  180 , 0.2)"
2014-04-01,Huawei,Ascend P7 mini,131.2,"rgba( 229 ,  178 ,  180 , 0.2)"
2014-02-01,Huawei,Ascend G730,149.5,"rgba( 229 ,  178 ,  180 , 0.2)"
2014-03-01,Huawei,Ascend Y600,144.5,"rgba( 229 ,  178 ,  180 , 0.2)"
2014-02-01,Huawei,MediaPad 10 Link+,257.4,"rgba( 229 ,  178 ,  180 , 0.2)"
2014-02-01,Huawei,Ascend G6 4G,131.2,"rgba( 229 ,  178 ,  180 , 0.2)"
2014-02-01,Huawei,Ascend G6,130,"rgba( 229 ,  178 ,  180 , 0.2)"
2014-02-01,Huawei,MediaPad M1,214.4,"rgba( 229 ,  178 ,  180 , 0.2)"
2014-02-01,Huawei,MediaPad X1,183.5,"rgba( 229 ,  178 ,  180 , 0.2)"
2014-02-01,Huawei,Ascend Y530,132.5,"rgba( 229 ,  178 ,  180 , 0.2)"
2014-01-01,Huawei,MediaPad 7 Youth2,193.4,"rgba( 229 ,  178 ,  180 , 0.2)"
2014-01-01,Huawei,Ascend P6 S,132.6,"rgba( 229 ,  178 ,  180 , 0.2)"
2014-01-01,Huawei,Ascend Mate2 4G,161,"rgba( 229 ,  178 ,  180 , 0.2)"
2013-10-01,Huawei,Ascend Y320,123.3,"rgba( 229 ,  178 ,  180 , 0.2)"
2013-12-01,Huawei,Ascend Y220,116.5,"rgba( 229 ,  178 ,  180 , 0.2)"
2013-12-01,Huawei,Honor 3X G750,149.5,"rgba( 229 ,  178 ,  180 , 0.2)"
2013-12-01,Huawei,Honor 3C,139.5,"rgba( 229 ,  178 ,  180 , 0.2)"
2013-10-01,Huawei,Ascend G740,139.5,"rgba( 229 ,  178 ,  180 , 0.2)"
2013-10-01,Huawei,Ascend Y511,132.8,"rgba( 229 ,  178 ,  180 , 0.2)"
2013-11-01,Huawei,Ascend W2,134,"rgba( 229 ,  178 ,  180 , 0.2)"
2013-07-01,Huawei,G6153,113,"rgba( 229 ,  178 ,  180 , 0.2)"
2013-04-01,Huawei,G3621L,109,"rgba( 229 ,  178 ,  180 , 0.2)"
2013-08-01,Huawei,Honor 3,133,"rgba( 229 ,  178 ,  180 , 0.2)"
2013-01-01,Huawei,Ascend G700,142.5,"rgba( 229 ,  178 ,  180 , 0.2)"
2013-07-01,Huawei,G610s,142,"rgba( 229 ,  178 ,  180 , 0.2)"
2013-11-01,Huawei,U8687 Cronos,117.1,"rgba( 229 ,  178 ,  180 , 0.2)"
2013-01-01,Huawei,Ascend G525,134,"rgba( 229 ,  178 ,  180 , 0.2)"
2013-07-01,Huawei,MediaPad 7 Youth,193.4,"rgba( 229 ,  178 ,  180 , 0.2)"
2013-06-01,Huawei,MediaPad 7 Vogue,193.8,"rgba( 229 ,  178 ,  180 , 0.2)"
2013-06-01,Huawei,Ascend P6,132.7,"rgba( 229 ,  178 ,  180 , 0.2)"
2013-03-01,Huawei,Ascend Y300,124.5,"rgba( 229 ,  178 ,  180 , 0.2)"
2013-03-01,Huawei,Premia 4G M931,126,"rgba( 229 ,  178 ,  180 , 0.2)"
2013-03-01,Huawei,Ascend Y210D,117,"rgba( 229 ,  178 ,  180 , 0.2)"
2013-02-01,Huawei,Ascend P2,136.2,"rgba( 229 ,  178 ,  180 , 0.2)"
2013-01-01,Huawei,Ascend G615,134,"rgba( 229 ,  178 ,  180 , 0.2)"
2013-02-01,Huawei,Ascend G526,134.5,"rgba( 229 ,  178 ,  180 , 0.2)"
2013-02-01,Huawei,Ascend G350,125.2,"rgba( 229 ,  178 ,  180 , 0.2)"
2012-07-01,Huawei,Ascend G312,122.5,"rgba( 229 ,  178 ,  180 , 0.2)"
2013-01-01,Huawei,Ascend W1,124.5,"rgba( 229 ,  178 ,  180 , 0.2)"
2013-01-01,Huawei,Ascend Mate,163.5,"rgba( 229 ,  178 ,  180 , 0.2)"
2013-01-01,Huawei,Ascend D2,140,"rgba( 229 ,  178 ,  180 , 0.2)"
2013-01-01,Huawei,Ascend G510,134,"rgba( 229 ,  178 ,  180 , 0.2)"
2012-11-01,Huawei,Ascend G500,130,"rgba( 229 ,  178 ,  180 , 0.2)"
2012-08-01,Huawei,Ascend Y201 Pro,117,"rgba( 229 ,  178 ,  180 , 0.2)"
2013-01-01,Huawei,MediaPad 10 Link,257.4,"rgba( 229 ,  178 ,  180 , 0.2)"
2012-10-01,Huawei,Honor 2,134,"rgba( 229 ,  178 ,  180 , 0.2)"
2012-10-01,Huawei,Ascend Y,116.8,"rgba( 229 ,  178 ,  180 , 0.2)"
2012-10-01,Huawei,Summit,115.8,"rgba( 229 ,  178 ,  180 , 0.2)"
2012-10-01,Huawei,Ascend P1 LTE,132.5,"rgba( 229 ,  178 ,  180 , 0.2)"
2012-10-01,Huawei,Fusion 2 U8665,115.8,"rgba( 229 ,  178 ,  180 , 0.2)"
2012-08-01,Huawei,Ascend G600,134,"rgba( 229 ,  178 ,  180 , 0.2)"
2012-08-01,Huawei,Ascend G330,122.5,"rgba( 229 ,  178 ,  180 , 0.2)"
2012-07-01,Huawei,MediaPad 7 Lite,193,"rgba( 229 ,  178 ,  180 , 0.2)"
2012-05-01,Huawei,Ascend Y100,106.5,"rgba( 229 ,  178 ,  180 , 0.2)"
2012-05-01,Huawei,Ascend Y200,116.9,"rgba( 229 ,  178 ,  180 , 0.2)"
2012-01-01,Huawei,Ascend G330D U8825D,122.3,"rgba( 229 ,  178 ,  180 , 0.2)"
2012-02-01,Huawei,Ascend G300,122.5,"rgba( 229 ,  178 ,  180 , 0.2)"
2012-01-01,Huawei,Ascend P1,127.4,"rgba( 229 ,  178 ,  180 , 0.2)"
2012-08-01,Huawei,Ascend Q M5660,121.9,"rgba( 229 ,  178 ,  180 , 0.2)"
2012-01-01,Huawei,G6800,117,"rgba( 229 ,  178 ,  180 , 0.2)"
2012-04-01,Huawei,G6310,113,"rgba( 229 ,  178 ,  180 , 0.2)"
2012-04-01,Huawei,G5000,113.8,"rgba( 229 ,  178 ,  180 , 0.2)"
2012-06-01,Huawei,Activa 4G,122,"rgba( 229 ,  178 ,  180 , 0.2)"
2011-06-01,Huawei,G5520,115.8,"rgba( 229 ,  178 ,  180 , 0.2)"
2012-04-01,Huawei,G6609,113.8,"rgba( 229 ,  178 ,  180 , 0.2)"
2012-03-01,Huawei,Fusion U8652,116.1,"rgba( 229 ,  178 ,  180 , 0.2)"
2012-02-01,Huawei,MediaPad 10 FHD,257.4,"rgba( 229 ,  178 ,  180 , 0.2)"
2012-01-01,Huawei,Ascend D1 XL U9500E,129.9,"rgba( 229 ,  178 ,  180 , 0.2)"
2012-02-01,Huawei,Ascend D1,129,"rgba( 229 ,  178 ,  180 , 0.2)"
2012-02-01,Huawei,Ascend D quad XL,129,"rgba( 229 ,  178 ,  180 , 0.2)"
2012-02-01,Huawei,Ascend D quad,129,"rgba( 229 ,  178 ,  180 , 0.2)"
2012-01-01,Huawei,Ascend P1s,127.4,"rgba( 229 ,  178 ,  180 , 0.2)"
2011-12-01,Huawei,M886 Mercury,122,"rgba( 229 ,  178 ,  180 , 0.2)"
2011-11-01,Huawei,G7300,116.5,"rgba( 229 ,  178 ,  180 , 0.2)"
2011-11-01,Huawei,G7005,93,"rgba( 229 ,  178 ,  180 , 0.2)"
2011-07-01,Huawei,MediaPad,190,"rgba( 229 ,  178 ,  180 , 0.2)"
2011-07-01,Huawei,MediaPad S7-301w,190,"rgba( 229 ,  178 ,  180 , 0.2)"
2011-01-01,Huawei,D51 Discovery,114.5,"rgba( 229 ,  178 ,  180 , 0.2)"
2011-10-01,Huawei,U8520 Duplex,112,"rgba( 229 ,  178 ,  180 , 0.2)"
2011-01-01,Huawei,T8300,110,"rgba( 229 ,  178 ,  180 , 0.2)"
2011-01-01,Huawei,U8350 Boulder,115,"rgba( 229 ,  178 ,  180 , 0.2)"
2011-09-01,Huawei,Impulse 4G,120,"rgba( 229 ,  178 ,  180 , 0.2)"
2011-09-01,Huawei,Pillar,109.2,"rgba( 229 ,  178 ,  180 , 0.2)"
2011-09-01,Huawei,U8860 Honor,122,"rgba( 229 ,  178 ,  180 , 0.2)"
2011-08-01,Huawei,U8850 Vision,118,"rgba( 229 ,  178 ,  180 , 0.2)"
2011-07-01,Huawei,Ascend II,117,"rgba( 229 ,  178 ,  180 , 0.2)"
2011-04-01,Huawei,U8800 Pro,120,"rgba( 229 ,  178 ,  180 , 0.2)"
2011-04-01,Huawei,G7206,106,"rgba( 229 ,  178 ,  180 , 0.2)"
2011-01-01,Huawei,U5510,115,"rgba( 229 ,  178 ,  180 , 0.2)"
2011-04-01,Huawei,G5500,107,"rgba( 229 ,  178 ,  180 , 0.2)"
2011-07-01,Huawei,G6620,108,"rgba( 229 ,  178 ,  180 , 0.2)"
2011-07-01,Huawei,U8650 Sonic,116.3,"rgba( 229 ,  178 ,  180 , 0.2)"
2011-05-01,Huawei,U8180 IDEOS X1,104,"rgba( 229 ,  178 ,  180 , 0.2)"
2011-04-01,Huawei,G6608,112,"rgba( 229 ,  178 ,  180 , 0.2)"
2010-11-01,Huawei,G7010,105,"rgba( 229 ,  178 ,  180 , 0.2)"
2011-01-01,Huawei,U5900s,104.5,"rgba( 229 ,  178 ,  180 , 0.2)"
2011-02-01,Huawei,IDEOS S7 Slim,200,"rgba( 229 ,  178 ,  180 , 0.2)"
2011-07-01,Huawei,IDEOS S7 Slim CDMA,200,"rgba( 229 ,  178 ,  180 , 0.2)"
2010-12-01,Huawei,U9000 IDEOS X6,122,"rgba( 229 ,  178 ,  180 , 0.2)"
2010-12-01,Huawei,U8800 IDEOS X5,120,"rgba( 229 ,  178 ,  180 , 0.2)"
2011-02-01,Huawei,U8510 IDEOS X3,110,"rgba( 229 ,  178 ,  180 , 0.2)"
2010-09-01,Huawei,U8150 IDEOS,104,"rgba( 229 ,  178 ,  180 , 0.2)"
2010-06-01,Huawei,U8500 IDEOS X2,112,"rgba( 229 ,  178 ,  180 , 0.2)"
2010-01-01,Huawei,U7520,106,"rgba( 229 ,  178 ,  180 , 0.2)"
2010-09-01,Huawei,G6150,113,"rgba( 229 ,  178 ,  180 , 0.2)"
2010-02-01,Huawei,U8300,94,"rgba( 229 ,  178 ,  180 , 0.2)"
2010-01-01,Huawei,IDEOS S7,209,"rgba( 229 ,  178 ,  180 , 0.2)"
2010-01-01,Huawei,C3200,107,"rgba( 229 ,  178 ,  180 , 0.2)"
2010-01-01,Huawei,U3100,106,"rgba( 229 ,  178 ,  180 , 0.2)"
2010-02-01,Huawei,U8110,106,"rgba( 229 ,  178 ,  180 , 0.2)"
2010-02-01,Huawei,U8100,107.5,"rgba( 229 ,  178 ,  180 , 0.2)"
2009-06-01,Huawei,U8230,117,"rgba( 229 ,  178 ,  180 , 0.2)"
2009-08-01,Huawei,U8220,116,"rgba( 229 ,  178 ,  180 , 0.2)"
2009-09-01,Huawei,U7510,108,"rgba( 229 ,  178 ,  180 , 0.2)"
2009-09-01,Huawei,U1270,107.2,"rgba( 229 ,  178 ,  180 , 0.2)"
2009-02-01,Huawei,U1250,106,"rgba( 229 ,  178 ,  180 , 0.2)"
2009-01-01,Huawei,U9130 Compass,114.5,"rgba( 229 ,  178 ,  180 , 0.2)"
2009-01-01,Huawei,G6600 Passport,112.5,"rgba( 229 ,  178 ,  180 , 0.2)"
2008-04-01,Huawei,U7310,103,"rgba( 229 ,  178 ,  180 , 0.2)"
2007-04-01,Huawei,U121,103,"rgba( 229 ,  178 ,  180 , 0.2)"
2007-01-01,Huawei,U120,105,"rgba( 229 ,  178 ,  180 , 0.2)"
2008-04-01,Huawei,U3300,98,"rgba( 229 ,  178 ,  180 , 0.2)"
2008-04-01,Huawei,U1310,108,"rgba( 229 ,  178 ,  180 , 0.2)"
2008-01-01,Huawei,T156,103.5,"rgba( 229 ,  178 ,  180 , 0.2)"
2008-01-01,Huawei,T158,103,"rgba( 229 ,  178 ,  180 , 0.2)"
2008-01-01,Huawei,T208,102,"rgba( 229 ,  178 ,  180 , 0.2)"
2009-01-01,Huawei,T552,107.5,"rgba( 229 ,  178 ,  180 , 0.2)"
2013-01-01,Huawei,Ascend W3,132,"rgba( 229 ,  178 ,  180 , 0.2)"
2016-01-01,Huawei,Honor Holly 2 Plus,143.1,"rgba( 229 ,  178 ,  180 , 0.2)"
2016-01-01,Huawei,MediaPad M2 10.0,239.8,"rgba( 229 ,  178 ,  180 , 0.2)"
2015-03-01,Huawei,Watch,42,"rgba( 229 ,  178 ,  180 , 0.2)"
2015-12-01,Huawei,Enjoy 5s,143.5,"rgba( 229 ,  178 ,  180 , 0.2)"
2015-11-01,Huawei,Mate 8,157.1,"rgba( 229 ,  178 ,  180 , 0.2)"
2015-11-01,Huawei,G7 Plus,152.5,"rgba( 229 ,  178 ,  180 , 0.2)"
2015-10-01,Huawei,Honor 5X,151.3,"rgba( 229 ,  178 ,  180 , 0.2)"
2015-10-01,Huawei,Y6 Pro,143.1,"rgba( 229 ,  178 ,  180 , 0.2)"
2015-09-01,Huawei,Nexus 6P,159.3,"rgba( 229 ,  178 ,  180 , 0.2)"
2015-09-01,Huawei,Mate S,149.8,"rgba( 229 ,  178 ,  180 , 0.2)"
2015-08-01,Huawei,Honor 7i,141.6,"rgba( 229 ,  178 ,  180 , 0.2)"
2015-07-01,Huawei,Y6,143.5,"rgba( 229 ,  178 ,  180 , 0.2)"
2015-07-01,Huawei,G8,152,"rgba( 229 ,  178 ,  180 , 0.2)"
2015-06-01,Huawei,Honor 7,143.2,"rgba( 229 ,  178 ,  180 , 0.2)"
2015-05-01,Huawei,MediaPad M2,214.8,"rgba( 229 ,  178 ,  180 , 0.2)"
2015-05-01,Huawei,Honor Bee,134.3,"rgba( 229 ,  178 ,  180 , 0.2)"
2015-06-01,Huawei,Y560,135.9,"rgba( 229 ,  178 ,  180 , 0.2)"
2015-04-01,Huawei,Y625,142,"rgba( 229 ,  178 ,  180 , 0.2)"
2015-04-01,Huawei,Honor 4C,143.3,"rgba( 229 ,  178 ,  180 , 0.2)"
2015-04-01,Huawei,P8lite ALE-L04,143,"rgba( 229 ,  178 ,  180 , 0.2)"
2015-04-01,Huawei,P8max,182.7,"rgba( 229 ,  178 ,  180 , 0.2)"
2015-04-01,Huawei,P8lite,143,"rgba( 229 ,  178 ,  180 , 0.2)"
2015-04-01,Huawei,P8,144.9,"rgba( 229 ,  178 ,  180 , 0.2)"
2015-04-01,Huawei,SnapTo,144.5,"rgba( 229 ,  178 ,  180 , 0.2)"
2015-03-01,Huawei,MediaPad X2,183.5,"rgba( 229 ,  178 ,  180 , 0.2)"
2015-03-01,Huawei,Y635,144,"rgba( 229 ,  178 ,  180 , 0.2)"
2015-03-01,Huawei,Y360,122.6,"rgba( 229 ,  178 ,  180 , 0.2)"
2015-02-01,Huawei,Ascend Y540,134.2,"rgba( 229 ,  178 ,  180 , 0.2)"
2014-12-01,Huawei,Ascend Y520,134.2,"rgba( 229 ,  178 ,  180 , 0.2)"
2014-12-01,Huawei,Ascend Y221,116.5,"rgba( 229 ,  178 ,  180 , 0.2)"
2014-12-01,Huawei,Ascend GX1,161,"rgba( 229 ,  178 ,  180 , 0.2)"
2014-12-01,Huawei,Honor 6 Plus,150.5,"rgba( 229 ,  178 ,  180 , 0.2)"
2014-12-01,Huawei,Ascend Mate7 Monarch,157,"rgba( 229 ,  178 ,  180 , 0.2)"
2014-10-01,Huawei,Honor 4X,152.9,"rgba( 229 ,  178 ,  180 , 0.2)"
2014-10-01,Huawei,Honor Holly,142.2,"rgba( 229 ,  178 ,  180 , 0.2)"
2015-03-01,Huawei,MediaPad T1 10,248.5,"rgba( 229 ,  178 ,  180 , 0.2)"
2014-09-01,Huawei,MediaPad T1 8.0,210.6,"rgba( 229 ,  178 ,  180 , 0.2)"
2015-03-01,Huawei,MediaPad T1 7.0,191.8,"rgba( 229 ,  178 ,  180 , 0.2)"
2014-09-01,Huawei,Honor 4 Play,143,"rgba( 229 ,  178 ,  180 , 0.2)"
2014-10-01,Sony,Xperia Z3v,148.5,"rgba( 0 ,  0 ,  0 , 0.2)"
2014-09-01,Sony,Xperia Z3,146,"rgba( 0 ,  0 ,  0 , 0.2)"
2014-09-01,Sony,Xperia Z3 Compact,127.3,"rgba( 0 ,  0 ,  0 , 0.2)"
2014-08-01,Sony,Xperia M2 Aqua,140,"rgba( 0 ,  0 ,  0 , 0.2)"
2014-07-01,Sony,Xperia C3 Dual,156.2,"rgba( 0 ,  0 ,  0 , 0.2)"
2014-07-01,Sony,Xperia C3,156.2,"rgba( 0 ,  0 ,  0 , 0.2)"
2014-06-01,Sony,Xperia Z2a,137,"rgba( 0 ,  0 ,  0 , 0.2)"
2014-06-01,Sony,Xperia T3,150.7,"rgba( 0 ,  0 ,  0 , 0.2)"
2014-02-01,Sony,SmartWatch 3 SWR50,51,"rgba( 0 ,  0 ,  0 , 0.2)"
2013-06-01,Sony,SmartWatch 2 SW2,42,"rgba( 0 ,  0 ,  0 , 0.2)"
2014-02-01,Sony,Xperia M2,139.7,"rgba( 0 ,  0 ,  0 , 0.2)"
2014-02-01,Sony,Xperia M2 dual,139.7,"rgba( 0 ,  0 ,  0 , 0.2)"
2014-02-01,Sony,Xperia Z2 Tablet LTE,266,"rgba( 0 ,  0 ,  0 , 0.2)"
2014-02-01,Sony,Xperia Z2 Tablet Wi-Fi,266,"rgba( 0 ,  0 ,  0 , 0.2)"
2014-02-01,Sony,Xperia Z2,146.8,"rgba( 0 ,  0 ,  0 , 0.2)"
2014-01-01,Sony,Xperia E1 dual,118,"rgba( 0 ,  0 ,  0 , 0.2)"
2014-01-01,Sony,Xperia E1,118,"rgba( 0 ,  0 ,  0 , 0.2)"
2014-01-01,Sony,Xperia T2 Ultra dual,165.2,"rgba( 0 ,  0 ,  0 , 0.2)"
2014-01-01,Sony,Xperia T2 Ultra,165.2,"rgba( 0 ,  0 ,  0 , 0.2)"
2014-01-01,Sony,Xperia Z1s,145.7,"rgba( 0 ,  0 ,  0 , 0.2)"
2014-01-01,Sony,Xperia Z1 Compact,127,"rgba( 0 ,  0 ,  0 , 0.2)"
2013-09-01,Sony,Xperia Z1,144,"rgba( 0 ,  0 ,  0 , 0.2)"
2013-06-01,Sony,Xperia Z Ultra,179.4,"rgba( 0 ,  0 ,  0 , 0.2)"
2013-06-01,Sony,Xperia C,141.5,"rgba( 0 ,  0 ,  0 , 0.2)"
2013-06-01,Sony,Xperia M,124,"rgba( 0 ,  0 ,  0 , 0.2)"
2013-05-01,Sony,Xperia ZR,131.3,"rgba( 0 ,  0 ,  0 , 0.2)"
2013-03-01,Sony,Xperia L,128.7,"rgba( 0 ,  0 ,  0 , 0.2)"
2013-03-01,Sony,Xperia SP,130.6,"rgba( 0 ,  0 ,  0 , 0.2)"
2013-02-01,Sony,Xperia Tablet Z LTE,266,"rgba( 0 ,  0 ,  0 , 0.2)"
2013-02-01,Sony,Xperia Tablet Z Wi-Fi,266,"rgba( 0 ,  0 ,  0 , 0.2)"
2013-01-01,Sony,Xperia Z,139,"rgba( 0 ,  0 ,  0 , 0.2)"
2013-01-01,Sony,Xperia ZL,131.6,"rgba( 0 ,  0 ,  0 , 0.2)"
2012-12-01,Sony,Xperia E dual,113.5,"rgba( 0 ,  0 ,  0 , 0.2)"
2012-12-01,Sony,Xperia E,113.5,"rgba( 0 ,  0 ,  0 , 0.2)"
2012-10-01,Sony,Xperia T LTE,129.4,"rgba( 0 ,  0 ,  0 , 0.2)"
2012-08-01,Sony,Xperia Tablet S 3G,239.8,"rgba( 0 ,  0 ,  0 , 0.2)"
2012-08-01,Sony,Xperia Tablet S,239.8,"rgba( 0 ,  0 ,  0 , 0.2)"
2012-08-01,Sony,Xperia V,129,"rgba( 0 ,  0 ,  0 , 0.2)"
2012-08-01,Sony,Xperia J,124.3,"rgba( 0 ,  0 ,  0 , 0.2)"
2012-08-01,Sony,Xperia TX,131,"rgba( 0 ,  0 ,  0 , 0.2)"
2012-08-01,Sony,Xperia T,129.4,"rgba( 0 ,  0 ,  0 , 0.2)"
2012-08-01,Sony,Xperia SL,128,"rgba( 0 ,  0 ,  0 , 0.2)"
2012-06-01,Sony,Xperia tipo dual,103,"rgba( 0 ,  0 ,  0 , 0.2)"
2012-06-01,Sony,Xperia tipo,103,"rgba( 0 ,  0 ,  0 , 0.2)"
2012-06-01,Sony,Xperia miro,113,"rgba( 0 ,  0 ,  0 , 0.2)"
2012-05-01,Sony,Xperia go,111,"rgba( 0 ,  0 ,  0 , 0.2)"
2012-05-01,Sony,Xperia acro S,126,"rgba( 0 ,  0 ,  0 , 0.2)"
2012-05-01,Sony,Xperia SX SO-05D,115,"rgba( 0 ,  0 ,  0 , 0.2)"
2012-05-01,Sony,Xperia GX SO-04D,131,"rgba( 0 ,  0 ,  0 , 0.2)"
2012-05-01,Sony,Xperia acro HD SO-03D,126,"rgba( 0 ,  0 ,  0 , 0.2)"
2012-05-01,Sony,Xperia acro HD SOI12,126,"rgba( 0 ,  0 ,  0 , 0.2)"
2012-03-01,Sony,Xperia neo L,121,"rgba( 0 ,  0 ,  0 , 0.2)"
2012-03-01,Sony,Xperia sola,116,"rgba( 0 ,  0 ,  0 , 0.2)"
2012-02-01,Sony,Xperia U,112,"rgba( 0 ,  0 ,  0 , 0.2)"
2012-02-01,Sony,Xperia P,122,"rgba( 0 ,  0 ,  0 , 0.2)"
2012-01-01,Sony,Xperia S,128,"rgba( 0 ,  0 ,  0 , 0.2)"
2012-04-01,Sony,Xperia ion HSPA,133,"rgba( 0 ,  0 ,  0 , 0.2)"
2012-01-01,Sony,Xperia ion LTE,133,"rgba( 0 ,  0 ,  0 , 0.2)"
2012-01-01,Sony,Tablet P,180,"rgba( 0 ,  0 ,  0 , 0.2)"
2011-08-01,Sony,Tablet P 3G,180,"rgba( 0 ,  0 ,  0 , 0.2)"
2011-08-01,Sony,Tablet S 3G,241.2,"rgba( 0 ,  0 ,  0 , 0.2)"
2011-08-01,Sony,Tablet S,241.2,"rgba( 0 ,  0 ,  0 , 0.2)"
2016-02-01,Sony,Xperia X Performance,143.7,"rgba( 0 ,  0 ,  0 , 0.2)"
2016-02-01,Sony,Xperia X,142.7,"rgba( 0 ,  0 ,  0 , 0.2)"
2016-02-01,Sony,Xperia XA Dual,143.6,"rgba( 0 ,  0 ,  0 , 0.2)"
2016-02-01,Sony,Xperia XA,143.6,"rgba( 0 ,  0 ,  0 , 0.2)"
2015-09-01,Sony,Xperia Z5 Premium Dual,154.4,"rgba( 0 ,  0 ,  0 , 0.2)"
2015-09-01,Sony,Xperia Z5 Premium,154.4,"rgba( 0 ,  0 ,  0 , 0.2)"
2015-09-01,Sony,Xperia Z5 Dual,146,"rgba( 0 ,  0 ,  0 , 0.2)"
2015-09-01,Sony,Xperia Z5,146,"rgba( 0 ,  0 ,  0 , 0.2)"
2015-09-01,Sony,Xperia Z5 Compact,127,"rgba( 0 ,  0 ,  0 , 0.2)"
2015-08-01,Sony,Xperia M5 Dual,145,"rgba( 0 ,  0 ,  0 , 0.2)"
2015-08-01,Sony,Xperia M5,145,"rgba( 0 ,  0 ,  0 , 0.2)"
2015-08-01,Sony,Xperia C5 Ultra Dual,164.2,"rgba( 0 ,  0 ,  0 , 0.2)"
2015-08-01,Sony,Xperia C5 Ultra,164.2,"rgba( 0 ,  0 ,  0 , 0.2)"
2015-06-01,Sony,Xperia Z4v,144.4,"rgba( 0 ,  0 ,  0 , 0.2)"
2015-05-01,Sony,Xperia Z3+ dual,146,"rgba( 0 ,  0 ,  0 , 0.2)"
2015-05-01,Sony,Xperia Z3+,146,"rgba( 0 ,  0 ,  0 , 0.2)"
2015-05-01,Sony,Xperia C4 Dual,150.3,"rgba( 0 ,  0 ,  0 , 0.2)"
2015-05-01,Sony,Xperia C4,150.3,"rgba( 0 ,  0 ,  0 , 0.2)"
2015-03-01,Sony,Xperia M4 Aqua Dual,145.5,"rgba( 0 ,  0 ,  0 , 0.2)"
2015-03-01,Sony,Xperia M4 Aqua,145.5,"rgba( 0 ,  0 ,  0 , 0.2)"
2015-03-01,Sony,Xperia Z4 Tablet WiFi,254,"rgba( 0 ,  0 ,  0 , 0.2)"
2015-03-01,Sony,Xperia Z4 Tablet LTE,254,"rgba( 0 ,  0 ,  0 , 0.2)"
2015-02-01,Sony,Xperia E4g,133,"rgba( 0 ,  0 ,  0 , 0.2)"
2015-02-01,Sony,Xperia E4g Dual,133,"rgba( 0 ,  0 ,  0 , 0.2)"
2015-02-01,Sony,Xperia E4 Dual,137,"rgba( 0 ,  0 ,  0 , 0.2)"
2015-02-01,Sony,Xperia E4,137,"rgba( 0 ,  0 ,  0 , 0.2)"
2014-09-01,Sony,Xperia E3 Dual,137.1,"rgba( 0 ,  0 ,  0 , 0.2)"
2014-09-01,Sony,Xperia E3,137.1,"rgba( 0 ,  0 ,  0 , 0.2)"
2014-09-01,Sony,Xperia Z3 Tablet Compact,213.4,"rgba( 0 ,  0 ,  0 , 0.2)"
2014-09-01,Sony,Xperia Z3 Dual,146,"rgba( 0 ,  0 ,  0 , 0.2)"
2013-08-01,Acer,Liquid Z3,109,"rgba( 131 ,  184 ,  23 , 0.2)"
2013-06-01,Acer,Liquid S1,163,"rgba( 131 ,  184 ,  23 , 0.2)"
2013-09-01,Acer,Iconia Tab A3,260,"rgba( 131 ,  184 ,  23 , 0.2)"
2013-04-01,Acer,Iconia Tab A1-811,208.7,"rgba( 131 ,  184 ,  23 , 0.2)"
2013-04-01,Acer,Iconia Tab A1-810,208.7,"rgba( 131 ,  184 ,  23 , 0.2)"
2013-04-01,Acer,Liquid E2,131,"rgba( 131 ,  184 ,  23 , 0.2)"
2013-02-01,Acer,Liquid Z2,110,"rgba( 131 ,  184 ,  23 , 0.2)"
2013-01-01,Acer,Liquid C1,127.3,"rgba( 131 ,  184 ,  23 , 0.2)"
2013-01-01,Acer,Liquid E1,132,"rgba( 131 ,  184 ,  23 , 0.2)"
2013-11-01,Acer,Iconia Tab B1-710,198.1,"rgba( 131 ,  184 ,  23 , 0.2)"
2013-01-01,Acer,Iconia Tab B1-A71,197.4,"rgba( 131 ,  184 ,  23 , 0.2)"
2012-10-01,Acer,Iconia Tab A110,193,"rgba( 131 ,  184 ,  23 , 0.2)"
2012-10-01,Acer,Liquid Z110,110,"rgba( 131 ,  184 ,  23 , 0.2)"
2012-08-01,Acer,Liquid Gallant E350,129,"rgba( 131 ,  184 ,  23 , 0.2)"
2012-07-01,Acer,Liquid Gallant Duo,129,"rgba( 131 ,  184 ,  23 , 0.2)"
2012-02-01,Acer,Liquid Glow E330,117,"rgba( 131 ,  184 ,  23 , 0.2)"
2012-02-01,Acer,CloudMobile S500,127,"rgba( 131 ,  184 ,  23 , 0.2)"
2012-07-01,Acer,Iconia Tab A210,259.1,"rgba( 131 ,  184 ,  23 , 0.2)"
2012-01-01,Acer,Iconia Tab A200,260,"rgba( 131 ,  184 ,  23 , 0.2)"
2012-01-01,Acer,Iconia Tab A701,259.8,"rgba( 131 ,  184 ,  23 , 0.2)"
2012-01-01,Acer,Iconia Tab A700,259,"rgba( 131 ,  184 ,  23 , 0.2)"
2012-02-01,Acer,Iconia Tab A511,260,"rgba( 131 ,  184 ,  23 , 0.2)"
2012-02-01,Acer,Iconia Tab A510,259.1,"rgba( 131 ,  184 ,  23 , 0.2)"
2011-10-01,Acer,Allegro,116,"rgba( 131 ,  184 ,  23 , 0.2)"
2011-09-01,Acer,Liquid Express E320,115,"rgba( 131 ,  184 ,  23 , 0.2)"
2011-02-01,Acer,Iconia Tab A501,260,"rgba( 131 ,  184 ,  23 , 0.2)"
2011-02-01,Acer,Iconia Smart,141.7,"rgba( 131 ,  184 ,  23 , 0.2)"
2011-02-01,Acer,Iconia Tab A500,260,"rgba( 131 ,  184 ,  23 , 0.2)"
2011-02-01,Acer,Iconia Tab A101,195,"rgba( 131 ,  184 ,  23 , 0.2)"
2011-02-01,Acer,Iconia Tab A100,195,"rgba( 131 ,  184 ,  23 , 0.2)"
2011-01-01,Acer,Liquid mini E310,110.4,"rgba( 131 ,  184 ,  23 , 0.2)"
2011-01-01,Acer,beTouch E210,116,"rgba( 131 ,  184 ,  23 , 0.2)"
2010-12-01,Acer,beTouch E140,104.5,"rgba( 131 ,  184 ,  23 , 0.2)"
2010-10-01,Acer,Liquid mt,115,"rgba( 131 ,  184 ,  23 , 0.2)"
2010-10-01,Acer,beTouch T500,118.5,"rgba( 131 ,  184 ,  23 , 0.2)"
2010-06-01,Acer,beTouch E130,115,"rgba( 131 ,  184 ,  23 , 0.2)"
2010-06-01,Acer,beTouch E120,104.5,"rgba( 131 ,  184 ,  23 , 0.2)"
2010-05-01,Acer,Stream,119.5,"rgba( 131 ,  184 ,  23 , 0.2)"
2010-02-01,Acer,Liquid E,115,"rgba( 131 ,  184 ,  23 , 0.2)"
2010-02-01,Acer,neoTouch P400,115,"rgba( 131 ,  184 ,  23 , 0.2)"
2010-02-01,Acer,beTouch E400,115,"rgba( 131 ,  184 ,  23 , 0.2)"
2010-02-01,Acer,neoTouch P300,110,"rgba( 131 ,  184 ,  23 , 0.2)"
2010-02-01,Acer,beTouch E110,103.5,"rgba( 131 ,  184 ,  23 , 0.2)"
2009-10-01,Acer,Liquid,115,"rgba( 131 ,  184 ,  23 , 0.2)"
2009-10-01,Acer,neoTouch,118.6,"rgba( 131 ,  184 ,  23 , 0.2)"
2009-10-01,Acer,beTouch E200,110,"rgba( 131 ,  184 ,  23 , 0.2)"
2009-10-01,Acer,beTouch E100,113,"rgba( 131 ,  184 ,  23 , 0.2)"
2009-10-01,Acer,beTouch E101,113,"rgba( 131 ,  184 ,  23 , 0.2)"
2009-06-01,Acer,DX650,109.6,"rgba( 131 ,  184 ,  23 , 0.2)"
2009-02-01,Acer,M900,119,"rgba( 131 ,  184 ,  23 , 0.2)"
2009-02-01,Acer,F900,117.5,"rgba( 131 ,  184 ,  23 , 0.2)"
2009-02-01,Acer,X960,106.4,"rgba( 131 ,  184 ,  23 , 0.2)"
2009-02-01,Acer,DX900,106,"rgba( 131 ,  184 ,  23 , 0.2)"
2015-09-01,Acer,Predator 8,217.9,"rgba( 131 ,  184 ,  23 , 0.2)"
2015-09-01,Acer,Jade Primo,156.5,"rgba( 131 ,  184 ,  23 , 0.2)"
2015-09-01,Acer,Liquid Z330,136,"rgba( 131 ,  184 ,  23 , 0.2)"
2015-09-01,Acer,Liquid Z320,136,"rgba( 131 ,  184 ,  23 , 0.2)"
2015-09-01,Acer,Liquid Z630S,156.3,"rgba( 131 ,  184 ,  23 , 0.2)"
2015-09-01,Acer,Liquid Z630,156.3,"rgba( 131 ,  184 ,  23 , 0.2)"
2015-09-01,Acer,Liquid Z530S,144,"rgba( 131 ,  184 ,  23 , 0.2)"
2015-09-01,Acer,Liquid Z530,144,"rgba( 131 ,  184 ,  23 , 0.2)"
2015-09-01,Acer,Liquid M330,136,"rgba( 131 ,  184 ,  23 , 0.2)"
2015-09-01,Acer,Liquid M320,136,"rgba( 131 ,  184 ,  23 , 0.2)"
2015-04-01,Acer,Iconia Tab 10 A3-A30,260,"rgba( 131 ,  184 ,  23 , 0.2)"
2015-04-01,Acer,Iconia One 8 B1-820,213.9,"rgba( 131 ,  184 ,  23 , 0.2)"
2014-10-01,Acer,Iconia Tab A3-A20,256.5,"rgba( 131 ,  184 ,  23 , 0.2)"
2014-10-01,Acer,Iconia Tab A3-A20FHD,256.5,"rgba( 131 ,  184 ,  23 , 0.2)"
2015-03-01,Acer,Liquid Jade Z,143.5,"rgba( 131 ,  184 ,  23 , 0.2)"
2015-03-01,Acer,Liquid Z520,154,"rgba( 131 ,  184 ,  23 , 0.2)"
2015-03-01,Acer,Liquid Z220,125.3,"rgba( 131 ,  184 ,  23 , 0.2)"
2015-03-01,Acer,Liquid M220,124.9,"rgba( 131 ,  184 ,  23 , 0.2)"
2015-01-01,Acer,Liquid Z410,136,"rgba( 131 ,  184 ,  23 , 0.2)"
2014-12-01,Acer,Liquid Jade S,143,"rgba( 131 ,  184 ,  23 , 0.2)"
2014-09-01,Acer,Liquid Z500,145,"rgba( 131 ,  184 ,  23 , 0.2)"
2014-06-01,Acer,Liquid X1,153.3,"rgba( 131 ,  184 ,  23 , 0.2)"
2014-06-01,Acer,Liquid Jade,140.5,"rgba( 131 ,  184 ,  23 , 0.2)"
2014-06-01,Acer,Liquid E700,147.3,"rgba( 131 ,  184 ,  23 , 0.2)"
2014-06-01,Acer,Liquid E600,147,"rgba( 131 ,  184 ,  23 , 0.2)"
2014-06-01,Acer,Liquid Z200,126,"rgba( 131 ,  184 ,  23 , 0.2)"
2014-06-01,Acer,Iconia Tab 8 A1-840FHD,215,"rgba( 131 ,  184 ,  23 , 0.2)"
2014-07-01,Acer,Liquid E3 Duo Plus,138,"rgba( 131 ,  184 ,  23 , 0.2)"
2014-02-01,Acer,Liquid E3,136,"rgba( 131 ,  184 ,  23 , 0.2)"
2014-02-01,Acer,Liquid Z4,124,"rgba( 131 ,  184 ,  23 , 0.2)"
2014-01-01,Acer,Iconia B1-721,199,"rgba( 131 ,  184 ,  23 , 0.2)"
2014-01-01,Acer,Iconia B1-720,198.1,"rgba( 131 ,  184 ,  23 , 0.2)"
2014-01-01,Acer,Iconia A1-830,203,"rgba( 131 ,  184 ,  23 , 0.2)"
2014-01-01,Acer,Liquid Z5,145.5,"rgba( 131 ,  184 ,  23 , 0.2)"
2013-08-01,Acer,Liquid S2,166,"rgba( 131 ,  184 ,  23 , 0.2)"
2006-04-01,Telit,t130,101,"rgba( 246 ,  200 ,  43 , 0.2)"
2005-01-01,Telit,t110,90,"rgba( 246 ,  200 ,  43 , 0.2)"
2005-01-01,Telit,t210,93,"rgba( 246 ,  200 ,  43 , 0.2)"
2005-01-01,Telit,T510,90,"rgba( 246 ,  200 ,  43 , 0.2)"
2003-10-01,Telit,G90,97,"rgba( 246 ,  200 ,  43 , 0.2)"
2012-07-01,Motorola,MotoGO TV EX440,110.2,"rgba( 0 ,  0 ,  0 , 0.2)"
2012-01-01,Motorola,Motosmart Me XT303,110,"rgba( 0 ,  0 ,  0 , 0.2)"
2012-05-01,Motorola,MOTOKEY 3-CHIP EX117,102,"rgba( 0 ,  0 ,  0 , 0.2)"
2012-06-01,Motorola,RAZR V XT885,128.5,"rgba( 0 ,  0 ,  0 , 0.2)"
2012-06-01,Motorola,RAZR V XT889,128.5,"rgba( 0 ,  0 ,  0 , 0.2)"
2012-05-01,Motorola,RAZR V MT887,128.5,"rgba( 0 ,  0 ,  0 , 0.2)"
2012-05-01,Motorola,MOTOSMART MIX XT550,118,"rgba( 0 ,  0 ,  0 , 0.2)"
2012-05-01,Motorola,MotoGO EX430,104,"rgba( 0 ,  0 ,  0 , 0.2)"
2012-03-01,Motorola,Motosmart Flip XT611,110,"rgba( 0 ,  0 ,  0 , 0.2)"
2012-04-01,Motorola,XT390,116,"rgba( 0 ,  0 ,  0 , 0.2)"
2012-04-01,Motorola,RAZR MAXX,130.7,"rgba( 0 ,  0 ,  0 , 0.2)"
2012-03-01,Motorola,DEFY XT535,115,"rgba( 0 ,  0 ,  0 , 0.2)"
2012-02-01,Motorola,GLEAM+ WX308,107,"rgba( 0 ,  0 ,  0 , 0.2)"
2012-01-01,Motorola,DROID 4 XT894,127,"rgba( 0 ,  0 ,  0 , 0.2)"
2012-01-01,Motorola,DROID RAZR MAXX,130.7,"rgba( 0 ,  0 ,  0 , 0.2)"
2012-06-01,Motorola,Motoluxe MT680,119.5,"rgba( 0 ,  0 ,  0 , 0.2)"
2012-04-01,Motorola,Motoluxe XT389,116,"rgba( 0 ,  0 ,  0 , 0.2)"
2012-01-01,Motorola,Motoluxe,117.7,"rgba( 0 ,  0 ,  0 , 0.2)"
2012-04-01,Motorola,Defy Mini XT321,109,"rgba( 0 ,  0 ,  0 , 0.2)"
2012-01-01,Motorola,Defy Mini XT320,109,"rgba( 0 ,  0 ,  0 , 0.2)"
2011-10-01,Motorola,XT319,110,"rgba( 0 ,  0 ,  0 , 0.2)"
2011-12-01,Motorola,WX306,107,"rgba( 0 ,  0 ,  0 , 0.2)"
2011-12-01,Motorola,Fire,116.5,"rgba( 0 ,  0 ,  0 , 0.2)"
2011-12-01,Motorola,MT917,132.5,"rgba( 0 ,  0 ,  0 , 0.2)"
2011-12-01,Motorola,XT928,134.8,"rgba( 0 ,  0 ,  0 , 0.2)"
2011-12-01,Motorola,DROID XYBOARD 8.2 MZ609 ,216,"rgba( 0 ,  0 ,  0 , 0.2)"
2011-12-01,Motorola,DROID XYBOARD 10.1 MZ617,259.9,"rgba( 0 ,  0 ,  0 , 0.2)"
2011-12-01,Motorola,XT532,114,"rgba( 0 ,  0 ,  0 , 0.2)"
2011-11-01,Motorola,MOTO XT615,117.7,"rgba( 0 ,  0 ,  0 , 0.2)"
2011-09-01,Motorola,EX226,105.5,"rgba( 0 ,  0 ,  0 , 0.2)"
2011-11-01,Motorola,Motokey Social,105.5,"rgba( 0 ,  0 ,  0 , 0.2)"
2011-12-01,Motorola,XOOM 2 Media Edition 3G MZ608,216,"rgba( 0 ,  0 ,  0 , 0.2)"
2011-11-01,Motorola,XOOM 2 Media Edition MZ607,216,"rgba( 0 ,  0 ,  0 , 0.2)"
2011-12-01,Motorola,XOOM 2 3G MZ616,253.9,"rgba( 0 ,  0 ,  0 , 0.2)"
2011-11-01,Motorola,XOOM 2 MZ615,253.9,"rgba( 0 ,  0 ,  0 , 0.2)"
2011-10-01,Motorola,XOOM Media Edition MZ505,260,"rgba( 0 ,  0 ,  0 , 0.2)"
2011-10-01,Motorola,RAZR XT910,130.7,"rgba( 0 ,  0 ,  0 , 0.2)"
2011-10-01,Motorola,DROID RAZR XT912,130.7,"rgba( 0 ,  0 ,  0 , 0.2)"
2011-10-01,Motorola,ATRIX 2 MB865,126,"rgba( 0 ,  0 ,  0 , 0.2)"
2011-10-01,Motorola,Admiral XT603,119,"rgba( 0 ,  0 ,  0 , 0.2)"
2011-10-01,Motorola,ME632,119.5,"rgba( 0 ,  0 ,  0 , 0.2)"
2011-08-01,Motorola,PRO+,119.5,"rgba( 0 ,  0 ,  0 , 0.2)"
2011-08-01,Motorola,DEFY+,107,"rgba( 0 ,  0 ,  0 , 0.2)"
2011-08-01,Motorola,EX212,106,"rgba( 0 ,  0 ,  0 , 0.2)"
2011-08-01,Motorola,EX119,103,"rgba( 0 ,  0 ,  0 , 0.2)"
2011-07-01,Motorola,MOTOKEY XT EX118,103,"rgba( 0 ,  0 ,  0 , 0.2)"
2011-08-01,Motorola,MOTOKEY Mini EX109,102,"rgba( 0 ,  0 ,  0 , 0.2)"
2011-06-01,Motorola,MOTOKEY Mini EX108,102,"rgba( 0 ,  0 ,  0 , 0.2)"
2011-07-01,Motorola,WX294,107,"rgba( 0 ,  0 ,  0 , 0.2)"
2011-08-01,Motorola,FIRE XT,114,"rgba( 0 ,  0 ,  0 , 0.2)"
2011-07-01,Motorola,FIRE XT311,116.5,"rgba( 0 ,  0 ,  0 , 0.2)"
2011-07-01,Motorola,SPICE Key XT317,116.5,"rgba( 0 ,  0 ,  0 , 0.2)"
2011-07-01,Motorola,SPICE Key,116.5,"rgba( 0 ,  0 ,  0 , 0.2)"
2011-08-01,Motorola,MILESTONE 3 XT860,123.3,"rgba( 0 ,  0 ,  0 , 0.2)"
2011-07-01,Motorola,DROID 3,124,"rgba( 0 ,  0 ,  0 , 0.2)"
2011-06-01,Motorola,Triumph,121.9,"rgba( 0 ,  0 ,  0 , 0.2)"
2011-06-01,Motorola,Photon 4G MB855,126.9,"rgba( 0 ,  0 ,  0 , 0.2)"
2011-07-01,Motorola,EX232,105,"rgba( 0 ,  0 ,  0 , 0.2)"
2011-06-01,Motorola,WILDER,105,"rgba( 0 ,  0 ,  0 , 0.2)"
2011-06-01,Motorola,MOTO MT870,123,"rgba( 0 ,  0 ,  0 , 0.2)"
2011-05-01,Motorola,MOTO MT620,122,"rgba( 0 ,  0 ,  0 , 0.2)"
2011-06-01,Motorola,Milestone XT883,123.3,"rgba( 0 ,  0 ,  0 , 0.2)"
2011-05-01,Motorola,MOTO XT882,122.1,"rgba( 0 ,  0 ,  0 , 0.2)"
2011-06-01,Motorola,MOTO XT316,116.5,"rgba( 0 ,  0 ,  0 , 0.2)"
2011-05-01,Motorola,XPRT MB612,120.4,"rgba( 0 ,  0 ,  0 , 0.2)"
2011-02-01,Motorola,GLEAM,106,"rgba( 0 ,  0 ,  0 , 0.2)"
2011-02-01,Motorola,PRO,119,"rgba( 0 ,  0 ,  0 , 0.2)"
2011-02-01,Motorola,XOOM MZ604,249.1,"rgba( 0 ,  0 ,  0 , 0.2)"
2011-02-01,Motorola,XOOM MZ601,249.1,"rgba( 0 ,  0 ,  0 , 0.2)"
2011-02-01,Motorola,XOOM MZ600,249.1,"rgba( 0 ,  0 ,  0 , 0.2)"
2011-01-01,Motorola,ATRIX,117.8,"rgba( 0 ,  0 ,  0 , 0.2)"
2011-01-01,Motorola,ATRIX 4G,117.8,"rgba( 0 ,  0 ,  0 , 0.2)"
2011-01-01,Motorola,Cliq 2,116,"rgba( 0 ,  0 ,  0 , 0.2)"
2011-01-01,Motorola,DROID BIONIC XT875,127.5,"rgba( 0 ,  0 ,  0 , 0.2)"
2011-01-01,Motorola,DROID X ME811,127.5,"rgba( 0 ,  0 ,  0 , 0.2)"
2011-01-01,Motorola,DROID BIONIC XT865,125.9,"rgba( 0 ,  0 ,  0 , 0.2)"
2010-12-01,Motorola,MOTO ME525,107,"rgba( 0 ,  0 ,  0 , 0.2)"
2010-12-01,Motorola,MILESTONE 2 ME722,116.3,"rgba( 0 ,  0 ,  0 , 0.2)"
2010-11-01,Motorola,DROID 2 Global,116.3,"rgba( 0 ,  0 ,  0 , 0.2)"
2010-10-01,Motorola,EX122,107,"rgba( 0 ,  0 ,  0 , 0.2)"
2010-10-01,Motorola,EX128,107,"rgba( 0 ,  0 ,  0 , 0.2)"
2010-10-01,Motorola,MOTOTV EX245,108,"rgba( 0 ,  0 ,  0 , 0.2)"
2010-10-01,Motorola,DROID PRO XT610,119,"rgba( 0 ,  0 ,  0 , 0.2)"
2010-11-01,Motorola,XT301,104,"rgba( 0 ,  0 ,  0 , 0.2)"
2010-10-01,Motorola,SPICE XT300,97,"rgba( 0 ,  0 ,  0 , 0.2)"
2010-10-01,Motorola,FLIPSIDE MB508,109.5,"rgba( 0 ,  0 ,  0 , 0.2)"
2010-10-01,Motorola,MOTO MT716,110,"rgba( 0 ,  0 ,  0 , 0.2)"
2010-10-01,Motorola,BRAVO MB520,109.5,"rgba( 0 ,  0 ,  0 , 0.2)"
2010-10-01,Motorola,CITRUS WX445,104,"rgba( 0 ,  0 ,  0 , 0.2)"
2010-09-01,Motorola,EX300,106,"rgba( 0 ,  0 ,  0 , 0.2)"
2010-10-01,Motorola,EX210,116,"rgba( 0 ,  0 ,  0 , 0.2)"
2010-10-01,Motorola,EX201,116.5,"rgba( 0 ,  0 ,  0 , 0.2)"
2010-09-01,Motorola,EX115,109,"rgba( 0 ,  0 ,  0 , 0.2)"
2010-09-01,Motorola,EX112,109,"rgba( 0 ,  0 ,  0 , 0.2)"
2010-09-01,Motorola,CUPE,107.8,"rgba( 0 ,  0 ,  0 , 0.2)"
2010-09-01,Motorola,DEFY,107,"rgba( 0 ,  0 ,  0 , 0.2)"
2010-09-01,Motorola,MILESTONE 2,116.3,"rgba( 0 ,  0 ,  0 , 0.2)"
2010-08-01,Motorola,DROID 2,116.3,"rgba( 0 ,  0 ,  0 , 0.2)"
2010-11-01,Motorola,MT810lx,108.6,"rgba( 0 ,  0 ,  0 , 0.2)"
2010-09-01,Motorola,XT810,109.9,"rgba( 0 ,  0 ,  0 , 0.2)"
2010-09-01,Motorola,XT806,109.9,"rgba( 0 ,  0 ,  0 , 0.2)"
2010-11-01,Motorola,A1260,106.9,"rgba( 0 ,  0 ,  0 , 0.2)"
2010-07-01,Motorola,A1680,106.9,"rgba( 0 ,  0 ,  0 , 0.2)"
2010-08-01,Motorola,Grasp WX404,94,"rgba( 0 ,  0 ,  0 , 0.2)"
2010-07-01,Motorola,Rambler,93.9,"rgba( 0 ,  0 ,  0 , 0.2)"
2010-07-01,Motorola,CHARM,98.4,"rgba( 0 ,  0 ,  0 , 0.2)"
2010-06-01,Motorola,ES400,129,"rgba( 0 ,  0 ,  0 , 0.2)"
2011-05-01,Motorola,DROID X2,127.5,"rgba( 0 ,  0 ,  0 , 0.2)"
2010-05-01,Motorola,DROID X,127.5,"rgba( 0 ,  0 ,  0 , 0.2)"
2010-06-01,Motorola,MILESTONE XT720,116,"rgba( 0 ,  0 ,  0 , 0.2)"
2010-01-01,Motorola,XT720 MOTOROI,116,"rgba( 0 ,  0 ,  0 , 0.2)"
2010-07-01,Motorola,Quench XT5 XT502,114.9,"rgba( 0 ,  0 ,  0 , 0.2)"
2010-07-01,Motorola,Quench XT3 XT502,114.9,"rgba( 0 ,  0 ,  0 , 0.2)"
2010-06-01,Motorola,FlipOut,67,"rgba( 0 ,  0 ,  0 , 0.2)"
2010-04-01,Motorola,WX295,96,"rgba( 0 ,  0 ,  0 , 0.2)"
2010-04-01,Motorola,WX290,107.6,"rgba( 0 ,  0 ,  0 , 0.2)"
2010-04-01,Motorola,WX265,96,"rgba( 0 ,  0 ,  0 , 0.2)"
2010-04-01,Motorola,WX260,107.6,"rgba( 0 ,  0 ,  0 , 0.2)"
2010-04-01,Motorola,WX181,108,"rgba( 0 ,  0 ,  0 , 0.2)"
2010-04-01,Motorola,WX161,108,"rgba( 0 ,  0 ,  0 , 0.2)"
2010-02-01,Motorola,QUENCH,116.8,"rgba( 0 ,  0 ,  0 , 0.2)"
2010-01-01,Motorola,BACKFLIP,108,"rgba( 0 ,  0 ,  0 , 0.2)"
2009-12-01,Motorola,XT800 ZHISHANG,120,"rgba( 0 ,  0 ,  0 , 0.2)"
2009-12-01,Motorola,XT701,116,"rgba( 0 ,  0 ,  0 , 0.2)"
2009-12-01,Motorola,MT710 ZHILING,118,"rgba( 0 ,  0 ,  0 , 0.2)"
2009-10-01,Motorola,MOTO XT702,115.8,"rgba( 0 ,  0 ,  0 , 0.2)"
2009-11-01,Motorola,MILESTONE,115.8,"rgba( 0 ,  0 ,  0 , 0.2)"
2009-12-01,Motorola,WX395,105,"rgba( 0 ,  0 ,  0 , 0.2)"
2009-12-01,Motorola,WX390,105,"rgba( 0 ,  0 ,  0 , 0.2)"
2009-12-01,Motorola,WX288,107,"rgba( 0 ,  0 ,  0 , 0.2)"
2009-12-01,Motorola,WX280,107,"rgba( 0 ,  0 ,  0 , 0.2)"
2009-10-01,Motorola,WX180,106,"rgba( 0 ,  0 ,  0 , 0.2)"
2009-10-01,Motorola,WX160,106,"rgba( 0 ,  0 ,  0 , 0.2)"
2009-10-01,Motorola,Motocubo A45,82,"rgba( 0 ,  0 ,  0 , 0.2)"
2009-09-01,Motorola,DEXT MB220,114,"rgba( 0 ,  0 ,  0 , 0.2)"
2009-07-01,Motorola,ROKR ZN50,108.9,"rgba( 0 ,  0 ,  0 , 0.2)"
2009-06-01,Motorola,Karma QA1,88,"rgba( 0 ,  0 ,  0 , 0.2)"
2009-06-01,Motorola,L800t,117,"rgba( 0 ,  0 ,  0 , 0.2)"
2009-05-01,Motorola,W7 Active Edition,99,"rgba( 0 ,  0 ,  0 , 0.2)"
2009-04-01,Motorola,ROKR W6,99,"rgba( 0 ,  0 ,  0 , 0.2)"
2009-03-01,Motorola,MC55,152,"rgba( 0 ,  0 ,  0 , 0.2)"
2009-09-01,Motorola,E11,108,"rgba( 0 ,  0 ,  0 , 0.2)"
2009-01-01,Motorola,A3100,110,"rgba( 0 ,  0 ,  0 , 0.2)"
2009-01-01,Motorola,A3000,109,"rgba( 0 ,  0 ,  0 , 0.2)"
2009-01-01,Motorola,Tundra VA76r,98,"rgba( 0 ,  0 ,  0 , 0.2)"
2009-01-01,Motorola,W233 Renew,111,"rgba( 0 ,  0 ,  0 , 0.2)"
2008-11-01,Motorola,COCKTAIL VE70,105,"rgba( 0 ,  0 ,  0 , 0.2)"
2008-11-01,Motorola,VE66,103,"rgba( 0 ,  0 ,  0 , 0.2)"
2008-01-01,Motorola,EM35,107,"rgba( 0 ,  0 ,  0 , 0.2)"
2008-10-01,Motorola,Aura,96.9,"rgba( 0 ,  0 ,  0 , 0.2)"
2008-10-01,Motorola,Q 11,117,"rgba( 0 ,  0 ,  0 , 0.2)"
2008-09-01,Motorola,VE538,107,"rgba( 0 ,  0 ,  0 , 0.2)"
2008-07-01,Motorola,RAZR2 V9x,103,"rgba( 0 ,  0 ,  0 , 0.2)"
2008-08-01,Motorola,ZN200,105,"rgba( 0 ,  0 ,  0 , 0.2)"
2008-08-01,Motorola,W396,95,"rgba( 0 ,  0 ,  0 , 0.2)"
2008-07-01,Motorola,W231,108,"rgba( 0 ,  0 ,  0 , 0.2)"
2008-08-01,Motorola,EM30,115,"rgba( 0 ,  0 ,  0 , 0.2)"
2008-08-01,Motorola,EM28,94,"rgba( 0 ,  0 ,  0 , 0.2)"
2008-08-01,Motorola,EM25,101,"rgba( 0 ,  0 ,  0 , 0.2)"
2008-07-01,Motorola,PEBL VU20,100,"rgba( 0 ,  0 ,  0 , 0.2)"
2008-07-01,Motorola,VE75,112,"rgba( 0 ,  0 ,  0 , 0.2)"
2008-06-01,Motorola,ZN5,118,"rgba( 0 ,  0 ,  0 , 0.2)"
2009-04-01,Motorola,A1210,102,"rgba( 0 ,  0 ,  0 , 0.2)"
2008-06-01,Motorola,A1600,98.9,"rgba( 0 ,  0 ,  0 , 0.2)"
2008-10-01,Motorola,A1890,95.3,"rgba( 0 ,  0 ,  0 , 0.2)"
2008-06-01,Motorola,A1800,95.3,"rgba( 0 ,  0 ,  0 , 0.2)"
2008-06-01,Motorola,A810,105,"rgba( 0 ,  0 ,  0 , 0.2)"
2008-07-01,Motorola,W388,109,"rgba( 0 ,  0 ,  0 , 0.2)"
2008-04-01,Motorola,Z9,114,"rgba( 0 ,  0 ,  0 , 0.2)"
2008-02-01,Motorola,Z6w,105,"rgba( 0 ,  0 ,  0 , 0.2)"
2007-12-01,Motorola,Z6c,107,"rgba( 0 ,  0 ,  0 , 0.2)"
2008-02-01,Motorola,W181,110,"rgba( 0 ,  0 ,  0 , 0.2)"
2008-04-01,Motorola,W177,113.8,"rgba( 0 ,  0 ,  0 , 0.2)"
2008-01-01,Motorola,W270,95,"rgba( 0 ,  0 ,  0 , 0.2)"
2008-01-01,Motorola,W230,110,"rgba( 0 ,  0 ,  0 , 0.2)"
2007-09-01,Motorola,RIZR Z10,109.7,"rgba( 0 ,  0 ,  0 , 0.2)"
2007-09-01,Motorola,ROKR E8,115,"rgba( 0 ,  0 ,  0 , 0.2)"
2007-10-01,Motorola,W377,99,"rgba( 0 ,  0 ,  0 , 0.2)"
2007-10-01,Motorola,W213,108,"rgba( 0 ,  0 ,  0 , 0.2)"
2007-10-01,Motorola,W180,114,"rgba( 0 ,  0 ,  0 , 0.2)"
2007-10-01,Motorola,U9,90,"rgba( 0 ,  0 ,  0 , 0.2)"
2007-09-01,Motorola,PEBL U3,87.5,"rgba( 0 ,  0 ,  0 , 0.2)"
2007-05-01,Motorola,RAZR2 V9,103,"rgba( 0 ,  0 ,  0 , 0.2)"
2007-05-01,Motorola,RAZR2 V8,103,"rgba( 0 ,  0 ,  0 , 0.2)"
2007-09-01,Motorola,ROKR W5,99,"rgba( 0 ,  0 ,  0 , 0.2)"
2007-09-01,Motorola,W490,98.8,"rgba( 0 ,  0 ,  0 , 0.2)"
2007-03-01,Motorola,W360,113,"rgba( 0 ,  0 ,  0 , 0.2)"
2007-03-01,Motorola,W218,109,"rgba( 0 ,  0 ,  0 , 0.2)"
2007-02-01,Motorola,RIZR Z8,109,"rgba( 0 ,  0 ,  0 , 0.2)"
2007-02-01,Motorola,KRZR K3,103,"rgba( 0 ,  0 ,  0 , 0.2)"
2007-02-01,Motorola,SLVR L9,113,"rgba( 0 ,  0 ,  0 , 0.2)"
2007-02-01,Motorola,Q 9h,118,"rgba( 0 ,  0 ,  0 , 0.2)"
2005-07-01,Motorola,Q8,116,"rgba( 0 ,  0 ,  0 , 0.2)"
2007-02-01,Motorola,W510,99,"rgba( 0 ,  0 ,  0 , 0.2)"
2007-01-01,Motorola,ROKR Z6,105,"rgba( 0 ,  0 ,  0 , 0.2)"
2006-12-01,Motorola,ROKR E6,111,"rgba( 0 ,  0 ,  0 , 0.2)"
2006-10-01,Motorola,SLVR L7e,113,"rgba( 0 ,  0 ,  0 , 0.2)"
2006-07-01,Motorola,RAZR maxx V6,104,"rgba( 0 ,  0 ,  0 , 0.2)"
2006-07-01,Motorola,RAZR V3xx,103,"rgba( 0 ,  0 ,  0 , 0.2)"
2006-07-01,Motorola,RIZR Z3,106,"rgba( 0 ,  0 ,  0 , 0.2)"
2006-07-01,Motorola,KRZR K1,103,"rgba( 0 ,  0 ,  0 , 0.2)"
2006-06-01,Motorola,W375,99,"rgba( 0 ,  0 ,  0 , 0.2)"
2007-01-01,Motorola,W209,108,"rgba( 0 ,  0 ,  0 , 0.2)"
2006-06-01,Motorola,W208,108,"rgba( 0 ,  0 ,  0 , 0.2)"
2006-02-01,Motorola,W220,95,"rgba( 0 ,  0 ,  0 , 0.2)"
2006-01-01,Motorola,ROKR E2,106,"rgba( 0 ,  0 ,  0 , 0.2)"
2005-11-01,Motorola,RAZR V3i,98,"rgba( 0 ,  0 ,  0 , 0.2)"
2005-09-01,Motorola,ROKR E1,108,"rgba( 0 ,  0 ,  0 , 0.2)"
2005-12-01,Motorola,A1200,95.7,"rgba( 0 ,  0 ,  0 , 0.2)"
2005-07-01,Motorola,A732,88,"rgba( 0 ,  0 ,  0 , 0.2)"
2005-06-01,Motorola,E895,93,"rgba( 0 ,  0 ,  0 , 0.2)"
2005-01-01,Motorola,V3x,99,"rgba( 0 ,  0 ,  0 , 0.2)"
2005-10-01,Motorola,E1070,96,"rgba( 0 ,  0 ,  0 , 0.2)"
2005-10-01,Motorola,E770,111,"rgba( 0 ,  0 ,  0 , 0.2)"
2005-01-01,Motorola,SLVR L7,113,"rgba( 0 ,  0 ,  0 , 0.2)"
2005-01-01,Motorola,PEBL U6,86.5,"rgba( 0 ,  0 ,  0 , 0.2)"
2005-01-01,Motorola,A1010,117,"rgba( 0 ,  0 ,  0 , 0.2)"
2005-01-01,Motorola,E1120,113,"rgba( 0 ,  0 ,  0 , 0.2)"
2005-01-01,Motorola,V1050,94,"rgba( 0 ,  0 ,  0 , 0.2)"
2005-03-01,Motorola,E680i,109,"rgba( 0 ,  0 ,  0 , 0.2)"
2005-01-01,Motorola,V361,90,"rgba( 0 ,  0 ,  0 , 0.2)"
2005-01-01,Motorola,V360,90,"rgba( 0 ,  0 ,  0 , 0.2)"
2005-01-01,Motorola,L6,113,"rgba( 0 ,  0 ,  0 , 0.2)"
2005-01-01,Motorola,L2,113,"rgba( 0 ,  0 ,  0 , 0.2)"
2004-10-01,Motorola,V635,89,"rgba( 0 ,  0 ,  0 , 0.2)"
2004-07-01,Motorola,V980,94,"rgba( 0 ,  0 ,  0 , 0.2)"
2004-07-01,Motorola,C980,114,"rgba( 0 ,  0 ,  0 , 0.2)"
2004-07-01,Motorola,RAZR V3,98,"rgba( 0 ,  0 ,  0 , 0.2)"
2004-07-01,Motorola,A780,106,"rgba( 0 ,  0 ,  0 , 0.2)"
2004-07-01,Motorola,V975,94,"rgba( 0 ,  0 ,  0 , 0.2)"
2004-07-01,Motorola,C975,114,"rgba( 0 ,  0 ,  0 , 0.2)"
2004-01-01,Motorola,A840,94,"rgba( 0 ,  0 ,  0 , 0.2)"
2004-01-01,Motorola,E680,109,"rgba( 0 ,  0 ,  0 , 0.2)"
2004-01-01,Motorola,E398,108,"rgba( 0 ,  0 ,  0 , 0.2)"
2004-01-01,Motorola,MPx,99.7,"rgba( 0 ,  0 ,  0 , 0.2)"
2004-01-01,Motorola,MPx220,100,"rgba( 0 ,  0 ,  0 , 0.2)"
2004-01-01,Motorola,E1000,114,"rgba( 0 ,  0 ,  0 , 0.2)"
2004-01-01,Motorola,A1000,116,"rgba( 0 ,  0 ,  0 , 0.2)"
2003-07-01,Motorola,MPx200,89,"rgba( 0 ,  0 ,  0 , 0.2)"
2015-11-01,Motorola,Moto G Turbo Edition,142.1,"rgba( 0 ,  0 ,  0 , 0.2)"
2015-11-01,Motorola,Moto X Force,149.8,"rgba( 0 ,  0 ,  0 , 0.2)"
2015-10-01,Motorola,Droid Turbo 2,149.9,"rgba( 0 ,  0 ,  0 , 0.2)"
2015-10-01,Motorola,Droid Maxx 2,148,"rgba( 0 ,  0 ,  0 , 0.2)"
2015-07-01,Motorola,Moto X Style,153.9,"rgba( 0 ,  0 ,  0 , 0.2)"
2015-07-01,Motorola,Moto X Play Dual SIM,148,"rgba( 0 ,  0 ,  0 , 0.2)"
2015-07-01,Motorola,Moto X Play,148,"rgba( 0 ,  0 ,  0 , 0.2)"
2015-07-01,Motorola,Moto G Dual SIM (3rd gen),142.1,"rgba( 0 ,  0 ,  0 , 0.2)"
2015-09-01,Motorola,Moto 360 Sport (1st gen),45,"rgba( 0 ,  0 ,  0 , 0.2)"
2015-09-01,Motorola,Moto 360 46mm (2nd gen),46,"rgba( 0 ,  0 ,  0 , 0.2)"
2015-09-01,Motorola,Moto 360 42mm (2nd gen),42,"rgba( 0 ,  0 ,  0 , 0.2)"
2014-09-01,Motorola,Moto 360 (1st gen),46,"rgba( 0 ,  0 ,  0 , 0.2)"
2015-07-01,Motorola,Moto G (3rd gen),142.1,"rgba( 0 ,  0 ,  0 , 0.2)"
2015-03-01,Motorola,Moto E Dual SIM (2nd gen),129.9,"rgba( 0 ,  0 ,  0 , 0.2)"
2015-02-01,Motorola,Moto E (2nd gen),129.9,"rgba( 0 ,  0 ,  0 , 0.2)"
2015-03-01,Motorola,Moto G 4G (2nd gen),141.5,"rgba( 0 ,  0 ,  0 , 0.2)"
2015-01-01,Motorola,Moto G 4G Dual SIM (2nd gen),141.5,"rgba( 0 ,  0 ,  0 , 0.2)"
2014-11-01,Motorola,Moto Maxx,143.5,"rgba( 0 ,  0 ,  0 , 0.2)"
2014-10-01,Motorola,DROID Turbo,143.5,"rgba( 0 ,  0 ,  0 , 0.2)"
2014-10-01,Motorola,Nexus 6,159.3,"rgba( 0 ,  0 ,  0 , 0.2)"
2014-09-01,Motorola,Moto X (2nd Gen),140.8,"rgba( 0 ,  0 ,  0 , 0.2)"
2014-09-01,Motorola,Moto G Dual SIM (2nd gen),141.5,"rgba( 0 ,  0 ,  0 , 0.2)"
2014-09-01,Motorola,Moto G (2nd gen),141.5,"rgba( 0 ,  0 ,  0 , 0.2)"
2014-05-01,Motorola,Moto G 4G,129.9,"rgba( 0 ,  0 ,  0 , 0.2)"
2014-08-01,Motorola,Luge,122.4,"rgba( 0 ,  0 ,  0 , 0.2)"
2014-05-01,Motorola,Moto E,124.8,"rgba( 0 ,  0 ,  0 , 0.2)"
2014-05-01,Motorola,Moto E Dual SIM,124.8,"rgba( 0 ,  0 ,  0 , 0.2)"
2014-01-01,Motorola,Moto G Dual SIM,129.9,"rgba( 0 ,  0 ,  0 , 0.2)"
2013-11-01,Motorola,Moto G,129.9,"rgba( 0 ,  0 ,  0 , 0.2)"
2013-08-01,Motorola,Moto X,129.3,"rgba( 0 ,  0 ,  0 , 0.2)"
2013-07-01,Motorola,DROID Ultra,137.5,"rgba( 0 ,  0 ,  0 , 0.2)"
2013-07-01,Motorola,DROID Maxx,137.5,"rgba( 0 ,  0 ,  0 , 0.2)"
2013-07-01,Motorola,DROID Mini,121.3,"rgba( 0 ,  0 ,  0 , 0.2)"
2013-03-01,Motorola,RAZR D3 XT919,119.3,"rgba( 0 ,  0 ,  0 , 0.2)"
2013-03-01,Motorola,RAZR D1,110,"rgba( 0 ,  0 ,  0 , 0.2)"
2012-11-01,Motorola,Electrify M XT905,123.2,"rgba( 0 ,  0 ,  0 , 0.2)"
2012-09-01,Motorola,RAZR i XT890,122.5,"rgba( 0 ,  0 ,  0 , 0.2)"
2012-09-01,Motorola,DROID RAZR MAXX HD,131.9,"rgba( 0 ,  0 ,  0 , 0.2)"
2012-09-01,Motorola,DROID RAZR HD,131.9,"rgba( 0 ,  0 ,  0 , 0.2)"
2012-09-01,Motorola,RAZR HD XT925,131.9,"rgba( 0 ,  0 ,  0 , 0.2)"
2012-09-01,Motorola,DROID RAZR M,122.5,"rgba( 0 ,  0 ,  0 , 0.2)"
2012-09-01,Motorola,RAZR M XT905,122.5,"rgba( 0 ,  0 ,  0 , 0.2)"
2012-07-01,Motorola,DEFY XT XT556,115,"rgba( 0 ,  0 ,  0 , 0.2)"
2012-07-01,Motorola,Electrify 2 XT881,128.5,"rgba( 0 ,  0 ,  0 , 0.2)"
2012-07-01,Motorola,Photon Q 4G LTE XT897,126.5,"rgba( 0 ,  0 ,  0 , 0.2)"
2012-07-01,Motorola,Defy Pro XT560,110,"rgba( 0 ,  0 ,  0 , 0.2)"
2012-07-01,Motorola,ATRIX HD MB886,133.5,"rgba( 0 ,  0 ,  0 , 0.2)"
2012-06-01,Motorola,XT760,120.8,"rgba( 0 ,  0 ,  0 , 0.2)"
2012-05-01,Motorola,ATRIX TV XT687,119.8,"rgba( 0 ,  0 ,  0 , 0.2)"
2012-05-01,Motorola,ATRIX TV XT682,119.8,"rgba( 0 ,  0 ,  0 , 0.2)"
2003-10-01,Sendo,X,110,"rgba( 0 ,  0 ,  0 , 0.2)"
2016-02-01,Xiaomi,Mi 5,144.6,"rgba( 250 ,  122 ,  32 , 0.2)"
2016-02-01,Xiaomi,Mi 4s,139.3,"rgba( 250 ,  122 ,  32 , 0.2)"
2016-01-01,Xiaomi,Redmi Note 3,150,"rgba( 250 ,  122 ,  32 , 0.2)"
2016-01-01,Xiaomi,Redmi 3,139.3,"rgba( 250 ,  122 ,  32 , 0.2)"
2015-12-01,Xiaomi,Redmi Note Prime,154,"rgba( 250 ,  122 ,  32 , 0.2)"
2015-11-01,Xiaomi,Mi Pad 2,200.4,"rgba( 250 ,  122 ,  32 , 0.2)"
2015-11-01,Xiaomi,Redmi Note 3 (MediaTek),150,"rgba( 250 ,  122 ,  32 , 0.2)"
2015-09-01,Xiaomi,Mi 4c,138.1,"rgba( 250 ,  122 ,  32 , 0.2)"
2015-08-01,Xiaomi,Redmi Note 2,152,"rgba( 250 ,  122 ,  32 , 0.2)"
2015-08-01,Xiaomi,Redmi 2 Prime,134,"rgba( 250 ,  122 ,  32 , 0.2)"
2015-04-01,Xiaomi,Mi 4i,138.1,"rgba( 250 ,  122 ,  32 , 0.2)"
2015-01-01,Xiaomi,Mi Note Pro,155.1,"rgba( 250 ,  122 ,  32 , 0.2)"
2015-01-01,Xiaomi,Mi Note,155.1,"rgba( 250 ,  122 ,  32 , 0.2)"
2015-08-01,Xiaomi,Redmi 2,134,"rgba( 250 ,  122 ,  32 , 0.2)"
2014-12-01,Xiaomi,Mi 4 LTE,139.2,"rgba( 250 ,  122 ,  32 , 0.2)"
2014-08-01,Xiaomi,Redmi Note 4G,154,"rgba( 250 ,  122 ,  32 , 0.2)"
2014-07-01,Xiaomi,Mi 4,139.2,"rgba( 250 ,  122 ,  32 , 0.2)"
2014-03-01,Xiaomi,Mi Pad 7.9,202,"rgba( 250 ,  122 ,  32 , 0.2)"
2014-03-01,Xiaomi,Redmi Note,154,"rgba( 250 ,  122 ,  32 , 0.2)"
2013-09-01,Xiaomi,Mi 3,144,"rgba( 250 ,  122 ,  32 , 0.2)"
2014-05-01,Xiaomi,Redmi 1S,137,"rgba( 250 ,  122 ,  32 , 0.2)"
2013-07-01,Xiaomi,Redmi,137,"rgba( 250 ,  122 ,  32 , 0.2)"
2013-01-01,Xiaomi,Mi 2A,133,"rgba( 250 ,  122 ,  32 , 0.2)"
2013-04-01,Xiaomi,Mi 2S,126,"rgba( 250 ,  122 ,  32 , 0.2)"
2012-08-01,Xiaomi,Mi 2,126,"rgba( 250 ,  122 ,  32 , 0.2)"
2012-08-01,Xiaomi,Mi 1S,125,"rgba( 250 ,  122 ,  32 , 0.2)"
2006-08-01,Fujitsu Siemens,T830,126,"rgba( 80 ,  80 ,  80 , 0.2)"
2006-08-01,Fujitsu Siemens,T810,126,"rgba( 80 ,  80 ,  80 , 0.2)"
2008-05-01,MWg,Zinc II,109.5,"rgba( 148 ,  151 ,  156 , 0.2)"
2007-01-01,MWg,Atom Life,106,"rgba( 148 ,  151 ,  156 , 0.2)"
2007-04-01,MWg,UBiQUiO 503g,123,"rgba( 148 ,  151 ,  156 , 0.2)"
2008-03-01,MWg,Atom V,116,"rgba( 148 ,  151 ,  156 , 0.2)"
2008-03-01,MWg,UBiQUiO 501,122,"rgba( 148 ,  151 ,  156 , 0.2)"
2015-01-01,Energizer,Energy 500,152.3,"rgba( 0 ,  0 ,  0 , 0.2)"
2015-01-01,Energizer,Energy 400,134.5,"rgba( 0 ,  0 ,  0 , 0.2)"
2015-01-01,Energizer,Energy 240,125,"rgba( 0 ,  0 ,  0 , 0.2)"
2015-01-01,Energizer,Energy 200,121.7,"rgba( 0 ,  0 ,  0 , 0.2)"
2015-11-01,Energizer,Energy 100,129,"rgba( 0 ,  0 ,  0 , 0.2)"
2013-01-01,Gionee,Pioneer P3,129.3,"rgba( 219 ,  59 ,  19 , 0.2)"
2013-01-01,Gionee,Pioneer P2,126,"rgba( 219 ,  59 ,  19 , 0.2)"
2013-01-01,Gionee,Pioneer P1,113,"rgba( 219 ,  59 ,  19 , 0.2)"
2013-01-01,Gionee,Ctrl V1,123,"rgba( 219 ,  59 ,  19 , 0.2)"
2013-01-01,Gionee,Ctrl V2,115,"rgba( 219 ,  59 ,  19 , 0.2)"
2013-01-01,Gionee,Ctrl V3,130,"rgba( 219 ,  59 ,  19 , 0.2)"
2014-01-01,Gionee,Ctrl V4s,131,"rgba( 219 ,  59 ,  19 , 0.2)"
2013-01-01,Gionee,Ctrl V4,136,"rgba( 219 ,  59 ,  19 , 0.2)"
2013-01-01,Gionee,Dream D1,130,"rgba( 219 ,  59 ,  19 , 0.2)"
2016-02-01,Gionee,S8,154.3,"rgba( 219 ,  59 ,  19 , 0.2)"
2016-01-01,Gionee,Marathon M5 mini,143.5,"rgba( 219 ,  59 ,  19 , 0.2)"
2015-12-01,Gionee,Marathon M5 enjoy,155,"rgba( 219 ,  59 ,  19 , 0.2)"
2015-12-01,Gionee,Marathon M5 Plus,160.9,"rgba( 219 ,  59 ,  19 , 0.2)"
2015-12-01,Gionee,Marathon M5 lite,143,"rgba( 219 ,  59 ,  19 , 0.2)"
2015-12-01,Gionee,Pioneer P5W,143.3,"rgba( 219 ,  59 ,  19 , 0.2)"
2015-11-01,Gionee,S6,151.9,"rgba( 219 ,  59 ,  19 , 0.2)"
2015-11-01,Gionee,Elife S Plus,155,"rgba( 219 ,  59 ,  19 , 0.2)"
2015-09-01,Gionee,F103,143,"rgba( 219 ,  59 ,  19 , 0.2)"
2015-06-01,Gionee,Elife E8,164,"rgba( 219 ,  59 ,  19 , 0.2)"
2015-09-01,Gionee,S5.1 Pro,145.1,"rgba( 219 ,  59 ,  19 , 0.2)"
2015-08-01,Gionee,Marathon M4,144.7,"rgba( 219 ,  59 ,  19 , 0.2)"
2015-06-01,Gionee,Marathon M5,152,"rgba( 219 ,  59 ,  19 , 0.2)"
2015-04-01,Gionee,Pioneer P4S,134.5,"rgba( 219 ,  59 ,  19 , 0.2)"
2015-03-01,Gionee,Elife S7,148.8,"rgba( 219 ,  59 ,  19 , 0.2)"
2015-09-01,Gionee,Pioneer P3S,133,"rgba( 219 ,  59 ,  19 , 0.2)"
2015-06-01,Gionee,Pioneer P2M,124,"rgba( 219 ,  59 ,  19 , 0.2)"
2014-05-01,Gionee,Pioneer P2S,126,"rgba( 219 ,  59 ,  19 , 0.2)"
2014-03-01,Gionee,S96,128,"rgba( 219 ,  59 ,  19 , 0.2)"
2015-05-01,Gionee,L800,121,"rgba( 219 ,  59 ,  19 , 0.2)"
2015-05-01,Gionee,L700,119.8,"rgba( 219 ,  59 ,  19 , 0.2)"
2014-11-01,Gionee,Marathon M3,144.5,"rgba( 219 ,  59 ,  19 , 0.2)"
2014-09-01,Gionee,Elife S5.1,139.8,"rgba( 219 ,  59 ,  19 , 0.2)"
2015-01-01,Gionee,Pioneer P6,142.8,"rgba( 219 ,  59 ,  19 , 0.2)"
2014-11-01,Gionee,Pioneer P5L,142.8,"rgba( 219 ,  59 ,  19 , 0.2)"
2014-06-01,Gionee,Pioneer P4,135,"rgba( 219 ,  59 ,  19 , 0.2)"
2014-11-01,Gionee,Ctrl V6L,143,"rgba( 219 ,  59 ,  19 , 0.2)"
2014-01-01,Gionee,Ctrl V5,134.5,"rgba( 219 ,  59 ,  19 , 0.2)"
2014-02-01,Gionee,Elife S5.5,145.1,"rgba( 219 ,  59 ,  19 , 0.2)"
2013-12-01,Gionee,Elife E7 Mini,139.8,"rgba( 219 ,  59 ,  19 , 0.2)"
2013-01-01,Gionee,Elife E7,150.6,"rgba( 219 ,  59 ,  19 , 0.2)"
2013-01-01,Gionee,Elife E6,142.5,"rgba( 219 ,  59 ,  19 , 0.2)"
2013-01-01,Gionee,Elife E5,137,"rgba( 219 ,  59 ,  19 , 0.2)"
2013-01-01,Gionee,Elife E3,137,"rgba( 219 ,  59 ,  19 , 0.2)"
2014-01-01,Gionee,M2,144,"rgba( 219 ,  59 ,  19 , 0.2)"
2014-01-01,Gionee,Gpad G5,157.3,"rgba( 219 ,  59 ,  19 , 0.2)"
2014-01-01,Gionee,Gpad G4,163.5,"rgba( 219 ,  59 ,  19 , 0.2)"
2013-01-01,Gionee,Gpad G3,157.7,"rgba( 219 ,  59 ,  19 , 0.2)"
2013-05-01,Gionee,Gpad G2,145,"rgba( 219 ,  59 ,  19 , 0.2)"
2013-01-01,Gionee,Gpad G1,142,"rgba( 219 ,  59 ,  19 , 0.2)"
2014-08-01,HTC,Desire 510,139.9,"rgba( 151 ,  203 ,  47 , 0.2)"
2014-08-01,HTC,One (M8) for Windows,146.4,"rgba( 151 ,  203 ,  47 , 0.2)"
2014-08-01,HTC,One (M8) for Windows (CDMA),146.4,"rgba( 151 ,  203 ,  47 , 0.2)"
2014-08-01,HTC,Butterfly 2,145.4,"rgba( 151 ,  203 ,  47 , 0.2)"
2014-07-01,HTC,One Remix,137.4,"rgba( 151 ,  203 ,  47 , 0.2)"
2014-06-01,HTC,One (M8) dual sim,146.4,"rgba( 151 ,  203 ,  47 , 0.2)"
2014-06-01,HTC,Desire 516 dual sim,140,"rgba( 151 ,  203 ,  47 , 0.2)"
2014-06-01,HTC,One (E8),146.4,"rgba( 151 ,  203 ,  47 , 0.2)"
2014-05-01,HTC,One mini 2,137.4,"rgba( 151 ,  203 ,  47 , 0.2)"
2014-05-01,HTC,Desire 616 dual sim,142,"rgba( 151 ,  203 ,  47 , 0.2)"
2014-04-01,HTC,Desire 210 dual sim,125.7,"rgba( 151 ,  203 ,  47 , 0.2)"
2014-03-01,HTC,One (M8) CDMA,146.4,"rgba( 151 ,  203 ,  47 , 0.2)"
2014-03-01,HTC,One (M8),146.4,"rgba( 151 ,  203 ,  47 , 0.2)"
2014-04-01,HTC,Desire 310 dual sim,131.4,"rgba( 151 ,  203 ,  47 , 0.2)"
2014-01-01,HTC,Desire 310,132.4,"rgba( 151 ,  203 ,  47 , 0.2)"
2014-05-01,HTC,Desire 816 dual sim,156.6,"rgba( 151 ,  203 ,  47 , 0.2)"
2014-02-01,HTC,Desire 816,156.6,"rgba( 151 ,  203 ,  47 , 0.2)"
2014-02-01,HTC,Desire 610,143.1,"rgba( 151 ,  203 ,  47 , 0.2)"
2013-12-01,HTC,Desire 501 dual sim,128.5,"rgba( 151 ,  203 ,  47 , 0.2)"
2014-01-01,HTC,Desire 700,145.5,"rgba( 151 ,  203 ,  47 , 0.2)"
2013-11-01,HTC,Desire 700 dual sim,145.5,"rgba( 151 ,  203 ,  47 , 0.2)"
2013-11-01,HTC,Desire 601 dual sim,134.5,"rgba( 151 ,  203 ,  47 , 0.2)"
2013-11-01,HTC,Desire 501,128.5,"rgba( 151 ,  203 ,  47 , 0.2)"
2013-10-01,HTC,One Max,164.5,"rgba( 151 ,  203 ,  47 , 0.2)"
2013-09-01,HTC,Desire 300,131.8,"rgba( 151 ,  203 ,  47 , 0.2)"
2013-09-01,HTC,Desire 601,134.5,"rgba( 151 ,  203 ,  47 , 0.2)"
2013-08-01,HTC,Desire 500,131.8,"rgba( 151 ,  203 ,  47 , 0.2)"
2013-07-01,HTC,One mini,132,"rgba( 151 ,  203 ,  47 , 0.2)"
2013-04-01,HTC,Desire L,128,"rgba( 151 ,  203 ,  47 , 0.2)"
2013-04-01,HTC,Desire P,129.7,"rgba( 151 ,  203 ,  47 , 0.2)"
2013-04-01,HTC,Desire Q,118.5,"rgba( 151 ,  203 ,  47 , 0.2)"
2013-06-01,HTC,8XT,132.1,"rgba( 151 ,  203 ,  47 , 0.2)"
2013-06-01,HTC,Butterfly S,144.5,"rgba( 151 ,  203 ,  47 , 0.2)"
2013-06-01,HTC,Desire 200,107.7,"rgba( 151 ,  203 ,  47 , 0.2)"
2013-05-01,HTC,Desire 600 dual sim,134.8,"rgba( 151 ,  203 ,  47 , 0.2)"
2013-04-01,HTC,First,126,"rgba( 151 ,  203 ,  47 , 0.2)"
2013-06-01,HTC,One Dual Sim,137.8,"rgba( 151 ,  203 ,  47 , 0.2)"
2013-02-01,HTC,One,137.4,"rgba( 151 ,  203 ,  47 , 0.2)"
2013-01-01,HTC,Desire U,118.5,"rgba( 151 ,  203 ,  47 , 0.2)"
2012-12-01,HTC,Desire 400 dual sim,128,"rgba( 151 ,  203 ,  47 , 0.2)"
2012-12-01,HTC,Butterfly,143,"rgba( 151 ,  203 ,  47 , 0.2)"
2012-11-01,HTC,DROID DNA,141,"rgba( 151 ,  203 ,  47 , 0.2)"
2012-11-01,HTC,One SV CDMA,128,"rgba( 151 ,  203 ,  47 , 0.2)"
2012-11-01,HTC,One SV,128,"rgba( 151 ,  203 ,  47 , 0.2)"
2012-11-01,HTC,Desire SV,129.7,"rgba( 151 ,  203 ,  47 , 0.2)"
2012-10-01,HTC,One VX,133.5,"rgba( 151 ,  203 ,  47 , 0.2)"
2012-10-01,HTC,One X+,134.4,"rgba( 151 ,  203 ,  47 , 0.2)"
2012-11-01,HTC,Windows Phone 8X CDMA,132.4,"rgba( 151 ,  203 ,  47 , 0.2)"
2012-09-01,HTC,Windows Phone 8X,132.4,"rgba( 151 ,  203 ,  47 , 0.2)"
2012-09-01,HTC,Windows Phone 8S,120.5,"rgba( 151 ,  203 ,  47 , 0.2)"
2012-08-01,HTC,One ST,128,"rgba( 151 ,  203 ,  47 , 0.2)"
2012-08-01,HTC,One SC,128,"rgba( 151 ,  203 ,  47 , 0.2)"
2012-08-01,HTC,Desire X,118.5,"rgba( 151 ,  203 ,  47 , 0.2)"
2012-06-01,HTC,Desire VT,119.5,"rgba( 151 ,  203 ,  47 , 0.2)"
2013-07-01,HTC,Desire XC,119.5,"rgba( 151 ,  203 ,  47 , 0.2)"
2012-06-01,HTC,Desire VC,119.5,"rgba( 151 ,  203 ,  47 , 0.2)"
2012-06-01,HTC,Desire V,118.5,"rgba( 151 ,  203 ,  47 , 0.2)"
2012-05-01,HTC,Desire C,107.2,"rgba( 151 ,  203 ,  47 , 0.2)"
2012-04-01,HTC,J,131.5,"rgba( 151 ,  203 ,  47 , 0.2)"
2012-05-01,HTC,DROID Incredible 4G LTE,121.9,"rgba( 151 ,  203 ,  47 , 0.2)"
2012-04-01,HTC,Evo 4G LTE,134.8,"rgba( 151 ,  203 ,  47 , 0.2)"
2012-06-01,HTC,One XC,134.8,"rgba( 151 ,  203 ,  47 , 0.2)"
2012-02-01,HTC,One X,134.4,"rgba( 151 ,  203 ,  47 , 0.2)"
2012-02-01,HTC,One X AT&T,134.8,"rgba( 151 ,  203 ,  47 , 0.2)"
2012-02-01,HTC,One XL,134.8,"rgba( 151 ,  203 ,  47 , 0.2)"
2012-05-01,HTC,One S C2,130.9,"rgba( 151 ,  203 ,  47 , 0.2)"
2012-02-01,HTC,One S,130.9,"rgba( 151 ,  203 ,  47 , 0.2)"
2012-02-01,HTC,One V,120.3,"rgba( 151 ,  203 ,  47 , 0.2)"
2012-02-01,HTC,Velocity 4G Vodafone,128.8,"rgba( 151 ,  203 ,  47 , 0.2)"
2012-01-01,HTC,Velocity 4G,128.8,"rgba( 151 ,  203 ,  47 , 0.2)"
2012-01-01,HTC,Titan II,132,"rgba( 151 ,  203 ,  47 , 0.2)"
2011-11-01,HTC,Rezound,129,"rgba( 151 ,  203 ,  47 , 0.2)"
2011-10-01,HTC,Vivid,128.8,"rgba( 151 ,  203 ,  47 , 0.2)"
2011-10-01,HTC,EVO Design 4G,121.9,"rgba( 151 ,  203 ,  47 , 0.2)"
2011-10-01,HTC,Sensation XL,132.5,"rgba( 151 ,  203 ,  47 , 0.2)"
2011-09-01,HTC,Explorer,102.8,"rgba( 151 ,  203 ,  47 , 0.2)"
2011-09-01,HTC,Amaze 4G,130,"rgba( 151 ,  203 ,  47 , 0.2)"
2011-09-01,HTC,Raider 4G,128,"rgba( 151 ,  203 ,  47 , 0.2)"
2011-09-01,HTC,Rhyme,119,"rgba( 151 ,  203 ,  47 , 0.2)"
2011-09-01,HTC,Hero S,115,"rgba( 151 ,  203 ,  47 , 0.2)"
2011-09-01,HTC,Rhyme CDMA,119,"rgba( 151 ,  203 ,  47 , 0.2)"
2011-09-01,HTC,Sensation XE,126.1,"rgba( 151 ,  203 ,  47 , 0.2)"
2011-09-01,HTC,Jetstream,251,"rgba( 151 ,  203 ,  47 , 0.2)"
2011-08-01,HTC,Titan,131.5,"rgba( 151 ,  203 ,  47 , 0.2)"
2011-09-01,HTC,Radar,120.5,"rgba( 151 ,  203 ,  47 , 0.2)"
2011-06-01,HTC,Panache,122.2,"rgba( 151 ,  203 ,  47 , 0.2)"
2011-06-01,HTC,Status,114.4,"rgba( 151 ,  203 ,  47 , 0.2)"
2011-05-01,HTC,Trophy,119,"rgba( 151 ,  203 ,  47 , 0.2)"
2011-04-01,HTC,DROID Incredible 2,120.7,"rgba( 151 ,  203 ,  47 , 0.2)"
2011-04-01,HTC,Sensation 4G,126.1,"rgba( 151 ,  203 ,  47 , 0.2)"
2011-01-01,HTC,EVO 3D,126,"rgba( 151 ,  203 ,  47 , 0.2)"
2011-04-01,HTC,Sensation,126.1,"rgba( 151 ,  203 ,  47 , 0.2)"
2011-03-01,HTC,EVO 3D CDMA,127,"rgba( 151 ,  203 ,  47 , 0.2)"
2011-03-01,HTC,HD7S,122,"rgba( 151 ,  203 ,  47 , 0.2)"
2011-02-01,HTC,Merge,120.7,"rgba( 151 ,  203 ,  47 , 0.2)"
2011-02-01,HTC,Incredible S,120,"rgba( 151 ,  203 ,  47 , 0.2)"
2011-02-01,HTC,Desire S,115,"rgba( 151 ,  203 ,  47 , 0.2)"
2011-02-01,HTC,Wildfire S,101.3,"rgba( 151 ,  203 ,  47 , 0.2)"
2011-02-01,HTC,Salsa,109.1,"rgba( 151 ,  203 ,  47 , 0.2)"
2011-02-01,HTC,ChaCha,114.4,"rgba( 151 ,  203 ,  47 , 0.2)"
2011-02-01,HTC,Flyer,195.4,"rgba( 151 ,  203 ,  47 , 0.2)"
2011-02-01,HTC,Flyer Wi-Fi,195.4,"rgba( 151 ,  203 ,  47 , 0.2)"
2011-03-01,HTC,EVO View 4G,196,"rgba( 151 ,  203 ,  47 , 0.2)"
2011-01-01,HTC,Inspire 4G,122.9,"rgba( 151 ,  203 ,  47 , 0.2)"
2011-01-01,HTC,Freestyle,106.7,"rgba( 151 ,  203 ,  47 , 0.2)"
2011-01-01,HTC,ThunderBolt 4G,122,"rgba( 151 ,  203 ,  47 , 0.2)"
2011-01-01,HTC,EVO Shift 4G,117,"rgba( 151 ,  203 ,  47 , 0.2)"
2010-10-01,HTC,Gratia,103.8,"rgba( 151 ,  203 ,  47 , 0.2)"
2010-10-01,HTC,HD7,122,"rgba( 151 ,  203 ,  47 , 0.2)"
2010-10-01,HTC,7 Pro,117.5,"rgba( 151 ,  203 ,  47 , 0.2)"
2010-10-01,HTC,7 Surround,119.7,"rgba( 151 ,  203 ,  47 , 0.2)"
2010-10-01,HTC,7 Mozart,119,"rgba( 151 ,  203 ,  47 , 0.2)"
2010-10-01,HTC,7 Trophy,118.5,"rgba( 151 ,  203 ,  47 , 0.2)"
2010-10-01,HTC,Arrive,117.5,"rgba( 151 ,  203 ,  47 , 0.2)"
2010-09-01,HTC,Desire HD,123,"rgba( 151 ,  203 ,  47 , 0.2)"
2010-09-01,HTC,Desire Z,119,"rgba( 151 ,  203 ,  47 , 0.2)"
2011-01-01,HTC,Evo 4G+,126,"rgba( 151 ,  203 ,  47 , 0.2)"
2010-06-01,HTC,Aria,103.8,"rgba( 151 ,  203 ,  47 , 0.2)"
2010-10-01,HTC,Wildfire CDMA,116.9,"rgba( 151 ,  203 ,  47 , 0.2)"
2010-05-01,HTC,Wildfire,106.8,"rgba( 151 ,  203 ,  47 , 0.2)"
2010-02-01,HTC,Desire,119,"rgba( 151 ,  203 ,  47 , 0.2)"
2010-02-01,HTC,HD mini,103.8,"rgba( 151 ,  203 ,  47 , 0.2)"
2010-02-01,HTC,Legend,112,"rgba( 151 ,  203 ,  47 , 0.2)"
2010-01-01,HTC,Google Nexus One,119,"rgba( 151 ,  203 ,  47 , 0.2)"
2010-01-01,HTC,Smart,104,"rgba( 151 ,  203 ,  47 , 0.2)"
2009-10-01,HTC,HD2,120.5,"rgba( 151 ,  203 ,  47 , 0.2)"
2010-03-01,HTC,Evo 4G,122,"rgba( 151 ,  203 ,  47 , 0.2)"
2010-04-01,HTC,Droid Incredible,117.5,"rgba( 151 ,  203 ,  47 , 0.2)"
2009-10-01,HTC,DROID ERIS,113,"rgba( 151 ,  203 ,  47 , 0.2)"
2009-10-01,HTC,Pure,108,"rgba( 151 ,  203 ,  47 , 0.2)"
2009-09-01,HTC,Tattoo,106,"rgba( 151 ,  203 ,  47 , 0.2)"
2009-09-01,HTC,Touch2,104,"rgba( 151 ,  203 ,  47 , 0.2)"
2009-08-01,HTC,Hero CDMA,113,"rgba( 151 ,  203 ,  47 , 0.2)"
2009-06-01,HTC,Hero,112,"rgba( 151 ,  203 ,  47 , 0.2)"
2009-03-01,HTC,Ozone,114.3,"rgba( 151 ,  203 ,  47 , 0.2)"
2009-03-01,HTC,Snap,116.5,"rgba( 151 ,  203 ,  47 , 0.2)"
2009-02-01,HTC,Magic,113,"rgba( 151 ,  203 ,  47 , 0.2)"
2009-02-01,HTC,Tilt2,116,"rgba( 151 ,  203 ,  47 , 0.2)"
2009-05-01,HTC,Touch Pro2 CDMA,116,"rgba( 151 ,  203 ,  47 , 0.2)"
2009-02-01,HTC,Touch Pro2,116,"rgba( 151 ,  203 ,  47 , 0.2)"
2009-12-01,HTC,Touch Diamond2 CDMA,118.1,"rgba( 151 ,  203 ,  47 , 0.2)"
2009-02-01,HTC,Touch Diamond2,107.9,"rgba( 151 ,  203 ,  47 , 0.2)"
2009-02-01,HTC,Dream,117.7,"rgba( 151 ,  203 ,  47 , 0.2)"
2009-01-01,HTC,Touch Cruise 09,102,"rgba( 151 ,  203 ,  47 , 0.2)"
2008-11-01,HTC,MAX 4G,113.5,"rgba( 151 ,  203 ,  47 , 0.2)"
2008-10-01,HTC,Touch HD T8285,115,"rgba( 151 ,  203 ,  47 , 0.2)"
2008-09-01,HTC,Touch HD,115,"rgba( 151 ,  203 ,  47 , 0.2)"
2008-09-01,HTC,Touch 3G,102,"rgba( 151 ,  203 ,  47 , 0.2)"
2008-09-01,HTC,Touch Viva,104.5,"rgba( 151 ,  203 ,  47 , 0.2)"
2008-08-01,HTC,S740,116.3,"rgba( 151 ,  203 ,  47 , 0.2)"
2008-06-01,HTC,Touch Pro CDMA,106,"rgba( 151 ,  203 ,  47 , 0.2)"
2008-06-01,HTC,Touch Pro,102,"rgba( 151 ,  203 ,  47 , 0.2)"
2008-04-01,HTC,Touch Diamond CDMA,102,"rgba( 151 ,  203 ,  47 , 0.2)"
2008-05-01,HTC,Touch Diamond,102,"rgba( 151 ,  203 ,  47 , 0.2)"
2008-02-01,HTC,Advantage X7510,133,"rgba( 151 ,  203 ,  47 , 0.2)"
2008-02-01,HTC,P3470,108,"rgba( 151 ,  203 ,  47 , 0.2)"
2007-11-01,HTC,Touch Cruise,110,"rgba( 151 ,  203 ,  47 , 0.2)"
2007-10-01,HTC,Touch Dual,107,"rgba( 151 ,  203 ,  47 , 0.2)"
2007-10-01,HTC,P6500,137.4,"rgba( 151 ,  203 ,  47 , 0.2)"
2007-10-01,HTC,S730,105.8,"rgba( 151 ,  203 ,  47 , 0.2)"
2007-07-01,HTC,TyTN II,112,"rgba( 151 ,  203 ,  47 , 0.2)"
2006-09-01,HTC,S630,112.5,"rgba( 151 ,  203 ,  47 , 0.2)"
2007-06-01,HTC,Touch,99.9,"rgba( 151 ,  203 ,  47 , 0.2)"
2007-05-01,HTC,P6300,130,"rgba( 151 ,  203 ,  47 , 0.2)"
2007-03-01,HTC,Shift,207,"rgba( 151 ,  203 ,  47 , 0.2)"
2007-02-01,HTC,Advantage X7500,133,"rgba( 151 ,  203 ,  47 , 0.2)"
2007-02-01,HTC,S710,101,"rgba( 151 ,  203 ,  47 , 0.2)"
2007-02-01,HTC,P3350,108,"rgba( 151 ,  203 ,  47 , 0.2)"
2007-02-01,HTC,P3400,109,"rgba( 151 ,  203 ,  47 , 0.2)"
2006-11-01,HTC,P4350,109,"rgba( 151 ,  203 ,  47 , 0.2)"
2007-08-01,HTC,P3600i,108,"rgba( 151 ,  203 ,  47 , 0.2)"
2006-09-01,HTC,P3600,108,"rgba( 151 ,  203 ,  47 , 0.2)"
2006-09-01,HTC,P3300,108,"rgba( 151 ,  203 ,  47 , 0.2)"
2006-09-01,HTC,S620,111.5,"rgba( 151 ,  203 ,  47 , 0.2)"
2006-09-01,HTC,S310,108,"rgba( 151 ,  203 ,  47 , 0.2)"
2006-06-01,HTC,TyTN,113,"rgba( 151 ,  203 ,  47 , 0.2)"
2006-06-01,HTC,MTeoR,112.4,"rgba( 151 ,  203 ,  47 , 0.2)"
2016-02-01,HTC,Desire 825,156.9,"rgba( 151 ,  203 ,  47 , 0.2)"
2016-02-01,HTC,Desire 630,146.9,"rgba( 151 ,  203 ,  47 , 0.2)"
2016-02-01,HTC,Desire 530,146.9,"rgba( 151 ,  203 ,  47 , 0.2)"
2015-12-01,HTC,One X9,153.9,"rgba( 151 ,  203 ,  47 , 0.2)"
2015-11-01,HTC,One M9s,144.6,"rgba( 151 ,  203 ,  47 , 0.2)"
2015-11-01,HTC,Desire 828 dual sim,157.7,"rgba( 151 ,  203 ,  47 , 0.2)"
2015-09-01,HTC,Desire 728 dual sim,157.9,"rgba( 151 ,  203 ,  47 , 0.2)"
2015-10-01,HTC,One E9s dual sim,157.7,"rgba( 151 ,  203 ,  47 , 0.2)"
2015-09-01,HTC,Butterfly 3,151,"rgba( 151 ,  203 ,  47 , 0.2)"
2015-09-01,HTC,One A9,145.8,"rgba( 151 ,  203 ,  47 , 0.2)"
2015-09-01,HTC,One M9+ Supreme Camera,151,"rgba( 151 ,  203 ,  47 , 0.2)"
2015-07-01,HTC,Desire 626 (USA),146.9,"rgba( 151 ,  203 ,  47 , 0.2)"
2015-07-01,HTC,Desire 626s,146.8,"rgba( 151 ,  203 ,  47 , 0.2)"
2015-07-01,HTC,Desire 526,140,"rgba( 151 ,  203 ,  47 , 0.2)"
2015-08-01,HTC,Desire 520,139.8,"rgba( 151 ,  203 ,  47 , 0.2)"
2015-06-01,HTC,One ME,151,"rgba( 151 ,  203 ,  47 , 0.2)"
2015-05-01,HTC,Desire 820G+ dual sim,157.7,"rgba( 151 ,  203 ,  47 , 0.2)"
2015-04-01,HTC,Desire 326G dual sim,139.7,"rgba( 151 ,  203 ,  47 , 0.2)"
2015-04-01,HTC,One M9+,151,"rgba( 151 ,  203 ,  47 , 0.2)"
2015-04-01,HTC,One M8s,146.4,"rgba( 151 ,  203 ,  47 , 0.2)"
2015-03-01,HTC,One E9+,156.5,"rgba( 151 ,  203 ,  47 , 0.2)"
2015-05-01,HTC,One E9,156.5,"rgba( 151 ,  203 ,  47 , 0.2)"
2015-03-01,HTC,One M9,144.6,"rgba( 151 ,  203 ,  47 , 0.2)"
2015-03-01,HTC,Desire 820s dual sim,157.7,"rgba( 151 ,  203 ,  47 , 0.2)"
2015-04-01,HTC,Desire 626G+,146.9,"rgba( 151 ,  203 ,  47 , 0.2)"
2014-02-01,HTC,Desire 626,146.9,"rgba( 151 ,  203 ,  47 , 0.2)"
2015-01-01,HTC,Desire 526G+ dual sim ,139.8,"rgba( 151 ,  203 ,  47 , 0.2)"
2015-01-01,HTC,Desire 826 dual sim,158,"rgba( 151 ,  203 ,  47 , 0.2)"
2015-01-01,HTC,Desire 320,132,"rgba( 151 ,  203 ,  47 , 0.2)"
2014-12-01,HTC,Desire 620G dual sim,150.1,"rgba( 151 ,  203 ,  47 , 0.2)"
2014-12-01,HTC,Desire 620 dual sim,150.1,"rgba( 151 ,  203 ,  47 , 0.2)"
2014-10-01,HTC,Nexus 9,228.2,"rgba( 151 ,  203 ,  47 , 0.2)"
2014-09-01,HTC,Desire 816G dual sim,156.6,"rgba( 151 ,  203 ,  47 , 0.2)"
2014-10-01,HTC,One (M8 Eye),146.4,"rgba( 151 ,  203 ,  47 , 0.2)"
2014-10-01,HTC,Desire Eye,151.7,"rgba( 151 ,  203 ,  47 , 0.2)"
2014-10-01,HTC,Desire 612,143.8,"rgba( 151 ,  203 ,  47 , 0.2)"
2014-10-01,HTC,Desire 820q dual sim,157.7,"rgba( 151 ,  203 ,  47 , 0.2)"
2014-09-01,HTC,Desire 820 dual sim,157.7,"rgba( 151 ,  203 ,  47 , 0.2)"
2014-09-01,HTC,Desire 820,157.7,"rgba( 151 ,  203 ,  47 , 0.2)"
2014-08-01,HTC,One (E8) CDMA,146.4,"rgba( 151 ,  203 ,  47 , 0.2)"
2014-11-01,Kyocera,DuraForce,136.9,"rgba( 0 ,  0 ,  0 , 0.2)"
2014-08-01,Kyocera,Hydro Life,131.8,"rgba( 0 ,  0 ,  0 , 0.2)"
2014-07-01,Kyocera,Brigadier,136.4,"rgba( 0 ,  0 ,  0 , 0.2)"
2013-07-01,Kyocera,Hydro Elite,122.4,"rgba( 0 ,  0 ,  0 , 0.2)"
2013-05-01,Kyocera,Hydro Xtrm,124,"rgba( 0 ,  0 ,  0 , 0.2)"
2013-01-01,Kyocera,Torque E6710,128.5,"rgba( 0 ,  0 ,  0 , 0.2)"
2012-05-01,Kyocera,Hydro C5170,115,"rgba( 0 ,  0 ,  0 , 0.2)"
2012-05-01,Kyocera,Rise C5155,113,"rgba( 0 ,  0 ,  0 , 0.2)"
2011-09-01,Kyocera,Milano C5121,105,"rgba( 0 ,  0 ,  0 , 0.2)"
2011-09-01,Kyocera,Milano C5120,105,"rgba( 0 ,  0 ,  0 , 0.2)"
2011-10-01,Kyocera,Presto S1350,114,"rgba( 0 ,  0 ,  0 , 0.2)"
2011-09-01,Kyocera,Brio,113.5,"rgba( 0 ,  0 ,  0 , 0.2)"
2011-03-01,Kyocera,Echo,115,"rgba( 0 ,  0 ,  0 , 0.2)"
2011-07-01,Kyocera,DuraCore E4210,98.5,"rgba( 0 ,  0 ,  0 , 0.2)"
2011-07-01,Kyocera,DuraMax,101.5,"rgba( 0 ,  0 ,  0 , 0.2)"
2008-08-01,Kyocera,E4600,103,"rgba( 0 ,  0 ,  0 , 0.2)"
2008-04-01,Kyocera,E3500,103,"rgba( 0 ,  0 ,  0 , 0.2)"
2008-04-01,Kyocera,E2500,105,"rgba( 0 ,  0 ,  0 , 0.2)"
2008-04-01,Kyocera,S1600,104,"rgba( 0 ,  0 ,  0 , 0.2)"
2014-09-01,QMobile,M800,126.5,"rgba( 226 ,  136 ,  169 , 0.2)"
2014-09-01,QMobile,Noir i7,137,"rgba( 226 ,  136 ,  169 , 0.2)"
2014-09-01,QMobile,Noir M90,144,"rgba( 226 ,  136 ,  169 , 0.2)"
2014-09-01,QMobile,Noir X800,138,"rgba( 226 ,  136 ,  169 , 0.2)"
2014-08-01,QMobile,B100TV,114,"rgba( 226 ,  136 ,  169 , 0.2)"
2014-08-01,QMobile,Noir A115 ATV,125,"rgba( 226 ,  136 ,  169 , 0.2)"
2014-08-01,QMobile,Noir i10,147,"rgba( 226 ,  136 ,  169 , 0.2)"
2014-07-01,QMobile,B800,127.9,"rgba( 226 ,  136 ,  169 , 0.2)"
2014-07-01,QMobile,Noir A8i,126,"rgba( 226 ,  136 ,  169 , 0.2)"
2014-07-01,QMobile,Noir Z5,150.6,"rgba( 226 ,  136 ,  169 , 0.2)"
2014-07-01,QMobile,Noir i12,143,"rgba( 226 ,  136 ,  169 , 0.2)"
2014-07-01,QMobile,Noir Z6,145.1,"rgba( 226 ,  136 ,  169 , 0.2)"
2014-06-01,QMobile,QTab X50,204,"rgba( 226 ,  136 ,  169 , 0.2)"
2014-05-01,QMobile,Noir A120,127.5,"rgba( 226 ,  136 ,  169 , 0.2)"
2014-05-01,QMobile,E990 Sirocco Edition,128,"rgba( 226 ,  136 ,  169 , 0.2)"
2014-05-01,QMobile,Noir A110,117,"rgba( 226 ,  136 ,  169 , 0.2)"
2014-05-01,QMobile,Noir i9,146,"rgba( 226 ,  136 ,  169 , 0.2)"
2014-05-01,QMobile,Noir i6,135,"rgba( 226 ,  136 ,  169 , 0.2)"
2014-05-01,QMobile,Noir A75,135,"rgba( 226 ,  136 ,  169 , 0.2)"
2014-05-01,QMobile,Noir i5i,133.5,"rgba( 226 ,  136 ,  169 , 0.2)"
2014-05-01,QMobile,Noir i5,138.5,"rgba( 226 ,  136 ,  169 , 0.2)"
2014-04-01,QMobile,Noir A550,132,"rgba( 226 ,  136 ,  169 , 0.2)"
2014-01-01,QMobile,Noir V4,161,"rgba( 226 ,  136 ,  169 , 0.2)"
2013-10-01,QMobile,Noir Z4,144,"rgba( 226 ,  136 ,  169 , 0.2)"
2013-09-01,QMobile,Noir Z3,137,"rgba( 226 ,  136 ,  169 , 0.2)"
2013-07-01,QMobile,Noir A15 3D,147,"rgba( 226 ,  136 ,  169 , 0.2)"
2013-07-01,QMobile,Noir A950,130,"rgba( 226 ,  136 ,  169 , 0.2)"
2013-07-01,QMobile,Noir A500,136,"rgba( 226 ,  136 ,  169 , 0.2)"
2015-10-01,QMobile,Noir Z10,149.5,"rgba( 226 ,  136 ,  169 , 0.2)"
2015-11-01,QMobile,Noir E8,164,"rgba( 226 ,  136 ,  169 , 0.2)"
2015-11-01,QMobile,Noir S2,142.5,"rgba( 226 ,  136 ,  169 , 0.2)"
2015-08-01,QMobile,Noir S5,141,"rgba( 226 ,  136 ,  169 , 0.2)"
2015-07-01,QMobile,Linq L15,143,"rgba( 226 ,  136 ,  169 , 0.2)"
2015-07-01,QMobile,Noir Z9,141,"rgba( 226 ,  136 ,  169 , 0.2)"
2015-07-01,QMobile,A1,132,"rgba( 226 ,  136 ,  169 , 0.2)"
2015-07-01,QMobile,Noir S1,143,"rgba( 226 ,  136 ,  169 , 0.2)"
2015-06-01,QMobile,Power3,124.5,"rgba( 226 ,  136 ,  169 , 0.2)"
2015-06-01,QMobile,T50 Bolt,124,"rgba( 226 ,  136 ,  169 , 0.2)"
2015-06-01,QMobile,T200 Bolt,124,"rgba( 226 ,  136 ,  169 , 0.2)"
2015-06-01,QMobile,Noir X950,139,"rgba( 226 ,  136 ,  169 , 0.2)"
2015-05-01,QMobile,QTab V10,200,"rgba( 226 ,  136 ,  169 , 0.2)"
2015-05-01,QMobile,Explorer 3G,131,"rgba( 226 ,  136 ,  169 , 0.2)"
2015-05-01,QMobile,Noir i8,139,"rgba( 226 ,  136 ,  169 , 0.2)"
2015-05-01,QMobile,Noir X450,142.8,"rgba( 226 ,  136 ,  169 , 0.2)"
2015-05-01,QMobile,Noir Z8 Plus,143.5,"rgba( 226 ,  136 ,  169 , 0.2)"
2015-04-01,QMobile,Noir X350,131.5,"rgba( 226 ,  136 ,  169 , 0.2)"
2015-03-01,QMobile,Noir LT600,143,"rgba( 226 ,  136 ,  169 , 0.2)"
2015-03-01,QMobile,Noir M300,144.5,"rgba( 226 ,  136 ,  169 , 0.2)"
2015-03-01,QMobile,W1,126,"rgba( 226 ,  136 ,  169 , 0.2)"
2015-03-01,QMobile,Noir Z8,143.5,"rgba( 226 ,  136 ,  169 , 0.2)"
2015-02-01,QMobile,Noir A750,144.5,"rgba( 226 ,  136 ,  169 , 0.2)"
2015-02-01,QMobile,Linq X70,128,"rgba( 226 ,  136 ,  169 , 0.2)"
2015-02-01,QMobile,Noir Z7,139.8,"rgba( 226 ,  136 ,  169 , 0.2)"
2015-02-01,QMobile,Linq L10,146.2,"rgba( 226 ,  136 ,  169 , 0.2)"
2015-02-01,QMobile,Noir LT250,140.1,"rgba( 226 ,  136 ,  169 , 0.2)"
2015-02-01,QMobile,Noir LT150,137.5,"rgba( 226 ,  136 ,  169 , 0.2)"
2015-02-01,QMobile,Noir X700,140,"rgba( 226 ,  136 ,  169 , 0.2)"
2015-02-01,QMobile,Noir X900,141.5,"rgba( 226 ,  136 ,  169 , 0.2)"
2015-01-01,QMobile,Noir X60,125,"rgba( 226 ,  136 ,  169 , 0.2)"
2015-01-01,QMobile,Noir X80,124.1,"rgba( 226 ,  136 ,  169 , 0.2)"
2015-01-01,QMobile,Noir X550,139.1,"rgba( 226 ,  136 ,  169 , 0.2)"
2014-12-01,QMobile,Linq X300,136,"rgba( 226 ,  136 ,  169 , 0.2)"
2014-12-01,QMobile,Linq X100,128,"rgba( 226 ,  136 ,  169 , 0.2)"
2014-12-01,QMobile,Noir X35,124.8,"rgba( 226 ,  136 ,  169 , 0.2)"
2014-11-01,QMobile,Noir X400,131,"rgba( 226 ,  136 ,  169 , 0.2)"
2014-11-01,QMobile,Noir X500,137.8,"rgba( 226 ,  136 ,  169 , 0.2)"
2015-09-01,Vertu,Signature Touch (2015),155,"rgba( 0 ,  0 ,  0 , 0.2)"
2014-10-01,Vertu,Aster,143.4,"rgba( 0 ,  0 ,  0 , 0.2)"
2014-06-01,Vertu,Signature Touch,145,"rgba( 0 ,  0 ,  0 , 0.2)"
2013-10-01,Vertu,Constellation 2013,142.2,"rgba( 0 ,  0 ,  0 , 0.2)"
2011-10-01,Vertu,Constellation,118.2,"rgba( 0 ,  0 ,  0 , 0.2)"
2011-01-01,Vertu,Ascent Ferrari GT,118,"rgba( 0 ,  0 ,  0 , 0.2)"
2010-10-01,Vertu,Constellation Quest,116.2,"rgba( 0 ,  0 ,  0 , 0.2)"
2010-04-01,Vertu,Ascent 2010,117,"rgba( 0 ,  0 ,  0 , 0.2)"
2009-09-01,Vertu,Constellation Ayxta,100,"rgba( 0 ,  0 ,  0 , 0.2)"
2009-06-01,Vertu,Ascent Ti Damascus Steel,115.5,"rgba( 0 ,  0 ,  0 , 0.2)"
2007-10-01,Vertu,Signature S,130,"rgba( 0 ,  0 ,  0 , 0.2)"
2007-07-01,Vertu,Ascent Ti,115.5,"rgba( 0 ,  0 ,  0 , 0.2)"
2015-05-01,Posh,Primo Plus C353,116,"rgba( 142 ,  142 ,  142 , 0.2)"
2015-05-01,Posh,Kick X511,144.5,"rgba( 142 ,  142 ,  142 , 0.2)"
2015-05-01,Posh,Kick Lite S410,123.3,"rgba( 142 ,  142 ,  142 , 0.2)"
2015-05-01,Posh,Icon S510,142,"rgba( 142 ,  142 ,  142 , 0.2)"
2015-07-01,Posh,Titan Max HD E550,151,"rgba( 142 ,  142 ,  142 , 0.2)"
2015-07-01,Posh,Ultra 5.0 LTE L500,143,"rgba( 142 ,  142 ,  142 , 0.2)"
2015-07-01,Posh,Micro X S240,89.8,"rgba( 142 ,  142 ,  142 , 0.2)"
2014-11-01,Posh,Titan Max HD E600,165.8,"rgba( 142 ,  142 ,  142 , 0.2)"
2014-07-01,Posh,Titan HD E500,141.5,"rgba( 142 ,  142 ,  142 , 0.2)"
2014-08-01,Posh,Equal S700,193.9,"rgba( 142 ,  142 ,  142 , 0.2)"
2014-09-01,Posh,Equal Lite W700,192,"rgba( 142 ,  142 ,  142 , 0.2)"
2014-06-01,Posh,Memo S580,165.5,"rgba( 142 ,  142 ,  142 , 0.2)"
2014-07-01,Posh,Orion Max X550,156.3,"rgba( 142 ,  142 ,  142 , 0.2)"
2014-01-01,Posh,Orion Pro X500,144,"rgba( 142 ,  142 ,  142 , 0.2)"
2014-09-01,Posh,Revel Pro X510,142.5,"rgba( 142 ,  142 ,  142 , 0.2)"
2014-06-01,Posh,Revel S500,147,"rgba( 142 ,  142 ,  142 , 0.2)"
2014-05-01,Posh,Pegasus 4G S400,126.8,"rgba( 142 ,  142 ,  142 , 0.2)"
2014-07-01,Posh,Orion Mini S350,118,"rgba( 142 ,  142 ,  142 , 0.2)"
2014-06-01,Posh,Pegasus Plus C351,116,"rgba( 142 ,  142 ,  142 , 0.2)"
2014-02-01,Posh,Lynx A100,112.5,"rgba( 142 ,  142 ,  142 , 0.2)"
2014-05-01,Yezz,Andy 6Q,165,"rgba( 0 ,  0 ,  0 , 0.2)"
2014-03-01,Yezz,Classic C21,106,"rgba( 0 ,  0 ,  0 , 0.2)"
2014-02-01,Yezz,Andy A5QP,144,"rgba( 0 ,  0 ,  0 , 0.2)"
2014-02-01,Yezz,Andy AZ4.5,137,"rgba( 0 ,  0 ,  0 , 0.2)"
2013-12-01,Yezz,Epic T7FD,192,"rgba( 0 ,  0 ,  0 , 0.2)"
2013-09-01,Yezz,Andy A3.5EP,114,"rgba( 0 ,  0 ,  0 , 0.2)"
2013-11-01,Yezz,Epic T7ED,186.8,"rgba( 0 ,  0 ,  0 , 0.2)"
2013-11-01,Yezz,Andy A6M 1GB,168,"rgba( 0 ,  0 ,  0 , 0.2)"
2013-11-01,Yezz,Andy A6M,168,"rgba( 0 ,  0 ,  0 , 0.2)"
2013-11-01,Yezz,Andy A4M,124,"rgba( 0 ,  0 ,  0 , 0.2)"
2013-11-01,Yezz,Andy A4E,125,"rgba( 0 ,  0 ,  0 , 0.2)"
2013-11-01,Yezz,Andy A5 1GB,144.1,"rgba( 0 ,  0 ,  0 , 0.2)"
2013-11-01,Yezz,Andy A4.5 1GB,132,"rgba( 0 ,  0 ,  0 , 0.2)"
2013-03-01,Yezz,Andy A4.5,132,"rgba( 0 ,  0 ,  0 , 0.2)"
2013-03-01,Yezz,Andy A4,124.5,"rgba( 0 ,  0 ,  0 , 0.2)"
2012-06-01,Yezz,Andy A3.5,114.7,"rgba( 0 ,  0 ,  0 , 0.2)"
2012-02-01,Yezz,Classic CC10,105,"rgba( 0 ,  0 ,  0 , 0.2)"
2013-03-01,Yezz,Andy A5,144.1,"rgba( 0 ,  0 ,  0 , 0.2)"
2013-03-01,Yezz,Epic T7,177.8,"rgba( 0 ,  0 ,  0 , 0.2)"
2012-11-01,Yezz,Classic C30,110,"rgba( 0 ,  0 ,  0 , 0.2)"
2011-11-01,Yezz,Bonito YZ500,99.6,"rgba( 0 ,  0 ,  0 , 0.2)"
2012-08-01,Yezz,Exclusive Z10,113.2,"rgba( 0 ,  0 ,  0 , 0.2)"
2012-06-01,Yezz,Andy 3G 3.5 YZ1110,117,"rgba( 0 ,  0 ,  0 , 0.2)"
2012-06-01,Yezz,Andy 3G 4.0 YZ1120,123.5,"rgba( 0 ,  0 ,  0 , 0.2)"
2012-04-01,Yezz,Ritmo 3 TV YZ433,103.5,"rgba( 0 ,  0 ,  0 , 0.2)"
2012-04-01,Yezz,Ritmo 2 YZ420,103.5,"rgba( 0 ,  0 ,  0 , 0.2)"
2012-03-01,Yezz,Andy 3G 2.8 YZ11,107.5,"rgba( 0 ,  0 ,  0 , 0.2)"
2012-02-01,Yezz,Classic C20,105,"rgba( 0 ,  0 ,  0 , 0.2)"
2012-02-01,Yezz,Chico 2 YZ201,105,"rgba( 0 ,  0 ,  0 , 0.2)"
2011-11-01,Yezz,Andy YZ1100,107.5,"rgba( 0 ,  0 ,  0 , 0.2)"
2012-11-01,Yezz,Fashion F10,102,"rgba( 0 ,  0 ,  0 , 0.2)"
2011-11-01,Yezz,Bono 3G YZ700,110.8,"rgba( 0 ,  0 ,  0 , 0.2)"
2011-11-01,Yezz,Moda YZ600,103.5,"rgba( 0 ,  0 ,  0 , 0.2)"
2011-11-01,Yezz,Ritmo YZ400,106.7,"rgba( 0 ,  0 ,  0 , 0.2)"
2011-11-01,Yezz,Zenior YZ888,113.8,"rgba( 0 ,  0 ,  0 , 0.2)"
2011-11-01,Yezz,Clasico YZ300,102.5,"rgba( 0 ,  0 ,  0 , 0.2)"
2011-11-01,Yezz,Chico YZ200,105,"rgba( 0 ,  0 ,  0 , 0.2)"
2015-12-01,Yezz,Monte Carlo 55 LTE VR,152,"rgba( 0 ,  0 ,  0 , 0.2)"
2015-12-01,Yezz,Monte Carlo 55 LTE,152,"rgba( 0 ,  0 ,  0 , 0.2)"
2015-11-01,Yezz,Classic C23A,112,"rgba( 0 ,  0 ,  0 , 0.2)"
2015-12-01,Yezz,Andy 4E3I,121,"rgba( 0 ,  0 ,  0 , 0.2)"
2015-10-01,Yezz,Andy 5E2I,145.5,"rgba( 0 ,  0 ,  0 , 0.2)"
2015-10-01,Yezz,Andy 4EI2,121,"rgba( 0 ,  0 ,  0 , 0.2)"
2015-10-01,Yezz,Andy 3.5EI2,111.5,"rgba( 0 ,  0 ,  0 , 0.2)"
2015-10-01,Yezz,Andy 6EL LTE,166,"rgba( 0 ,  0 ,  0 , 0.2)"
2015-09-01,Yezz,Andy 5E LTE,143.7,"rgba( 0 ,  0 ,  0 , 0.2)"
2015-09-01,Yezz,Andy C5E LTE,143.7,"rgba( 0 ,  0 ,  0 , 0.2)"
2015-09-01,Yezz,Andy 5EI3,145.5,"rgba( 0 ,  0 ,  0 , 0.2)"
2015-06-01,Yezz,Andy 4EL2 LTE,127,"rgba( 0 ,  0 ,  0 , 0.2)"
2015-07-01,Yezz,Classic Z51,100.5,"rgba( 0 ,  0 ,  0 , 0.2)"
2015-06-01,Yezz,Andy 5EL LTE,143.7,"rgba( 0 ,  0 ,  0 , 0.2)"
2015-06-01,Yezz,Andy 4.5EL LTE,132.8,"rgba( 0 ,  0 ,  0 , 0.2)"
2015-06-01,Yezz,Andy 3.5EI3,117.8,"rgba( 0 ,  0 ,  0 , 0.2)"
2015-03-01,Yezz,Classic C60,118,"rgba( 0 ,  0 ,  0 , 0.2)"
2015-01-01,Yezz,Andy 4E LTE,126,"rgba( 0 ,  0 ,  0 , 0.2)"
2015-01-01,Yezz,Andy 4E2I,121,"rgba( 0 ,  0 ,  0 , 0.2)"
2015-02-01,Yezz,Andy 3.5E2I,115.5,"rgba( 0 ,  0 ,  0 , 0.2)"
2014-11-01,Yezz,Z50,100.9,"rgba( 0 ,  0 ,  0 , 0.2)"
2014-11-01,Yezz,ZC20,112,"rgba( 0 ,  0 ,  0 , 0.2)"
2014-10-01,Yezz,Andy C5ML,144.2,"rgba( 0 ,  0 ,  0 , 0.2)"
2014-10-01,Yezz,Andy C5QL,144.2,"rgba( 0 ,  0 ,  0 , 0.2)"
2014-10-01,Yezz,Classic C50,87,"rgba( 0 ,  0 ,  0 , 0.2)"
2014-10-01,Yezz,Classic C22,106.5,"rgba( 0 ,  0 ,  0 , 0.2)"
2013-03-01,Yezz,Classic C21A,106,"rgba( 0 ,  0 ,  0 , 0.2)"
2014-06-01,Yezz,Monaco 47,135.8,"rgba( 0 ,  0 ,  0 , 0.2)"
2014-06-01,Yezz,Billy 4,122.5,"rgba( 0 ,  0 ,  0 , 0.2)"
2014-07-01,Yezz,Andy 5T,144,"rgba( 0 ,  0 ,  0 , 0.2)"
2014-06-01,Yezz,Andy C5VP,144.2,"rgba( 0 ,  0 ,  0 , 0.2)"
2014-06-01,Yezz,Andy C5V,144.2,"rgba( 0 ,  0 ,  0 , 0.2)"
2014-05-01,Yezz,Andy 5.5EI,159,"rgba( 0 ,  0 ,  0 , 0.2)"
2014-07-01,Yezz,Andy 4.5M,133.4,"rgba( 0 ,  0 ,  0 , 0.2)"
2014-05-01,Yezz,Billy 4.7,135.8,"rgba( 0 ,  0 ,  0 , 0.2)"
2014-05-01,Yezz,Andy 4EI,123,"rgba( 0 ,  0 ,  0 , 0.2)"
2014-05-01,Yezz,Andy 3.5EH,115.5,"rgba( 0 ,  0 ,  0 , 0.2)"
2014-05-01,Yezz,Andy 5EI,142.8,"rgba( 0 ,  0 ,  0 , 0.2)"
2014-05-01,Yezz,Andy 3.5EI,115.5,"rgba( 0 ,  0 ,  0 , 0.2)"
2014-06-01,XOLO,Q1000 Opus2,143,"rgba( 47 ,  43 ,  44 , 0.2)"
2014-06-01,XOLO,Q1011,143.6,"rgba( 47 ,  43 ,  44 , 0.2)"
2014-05-01,XOLO,Q1200,144.8,"rgba( 47 ,  43 ,  44 , 0.2)"
2014-05-01,XOLO,Q600s,136.5,"rgba( 47 ,  43 ,  44 , 0.2)"
2014-05-01,XOLO,A500S Lite,127,"rgba( 47 ,  43 ,  44 , 0.2)"
2014-05-01,XOLO,Q900T,133.8,"rgba( 47 ,  43 ,  44 , 0.2)"
2014-03-01,XOLO,Q1010i,143.6,"rgba( 47 ,  43 ,  44 , 0.2)"
2014-03-01,XOLO,A510s,128,"rgba( 47 ,  43 ,  44 , 0.2)"
2014-03-01,XOLO,Q2500,168,"rgba( 47 ,  43 ,  44 , 0.2)"
2014-01-01,XOLO,A500 Club,124.5,"rgba( 47 ,  43 ,  44 , 0.2)"
2014-02-01,XOLO,Q1010,143.6,"rgba( 47 ,  43 ,  44 , 0.2)"
2014-01-01,XOLO,Q1100,143.8,"rgba( 47 ,  43 ,  44 , 0.2)"
2014-01-01,XOLO,Q700s,136,"rgba( 47 ,  43 ,  44 , 0.2)"
2013-12-01,XOLO,Q3000,164.8,"rgba( 47 ,  43 ,  44 , 0.2)"
2013-10-01,XOLO,LT900,128.7,"rgba( 47 ,  43 ,  44 , 0.2)"
2013-12-01,XOLO,Q1000 Opus,143.3,"rgba( 47 ,  43 ,  44 , 0.2)"
2013-12-01,XOLO,Play Tegra Note,199,"rgba( 47 ,  43 ,  44 , 0.2)"
2013-11-01,XOLO,Q500,118.5,"rgba( 47 ,  43 ,  44 , 0.2)"
2013-02-01,XOLO,Q800 X-Edition,135.5,"rgba( 47 ,  43 ,  44 , 0.2)"
2013-07-01,XOLO,A500S IPS,125,"rgba( 47 ,  43 ,  44 , 0.2)"
2013-11-01,XOLO,Q2000,156,"rgba( 47 ,  43 ,  44 , 0.2)"
2013-10-01,XOLO,Q900,137,"rgba( 47 ,  43 ,  44 , 0.2)"
2013-10-01,XOLO,A600,136,"rgba( 47 ,  43 ,  44 , 0.2)"
2013-10-01,XOLO,A500L,124.8,"rgba( 47 ,  43 ,  44 , 0.2)"
2013-10-01,XOLO,Q700i,135.8,"rgba( 47 ,  43 ,  44 , 0.2)"
2013-10-01,XOLO,Play Tab 7.0,194.6,"rgba( 47 ,  43 ,  44 , 0.2)"
2013-09-01,XOLO,Tab,214.2,"rgba( 47 ,  43 ,  44 , 0.2)"
2013-08-01,XOLO,Q1000s,147,"rgba( 47 ,  43 ,  44 , 0.2)"
2013-08-01,XOLO,A500S,125,"rgba( 47 ,  43 ,  44 , 0.2)"
2013-07-01,XOLO,Play,138.4,"rgba( 47 ,  43 ,  44 , 0.2)"
2013-07-01,XOLO,Q600,133.5,"rgba( 47 ,  43 ,  44 , 0.2)"
2013-03-01,XOLO,X1000,133.9,"rgba( 47 ,  43 ,  44 , 0.2)"
2013-05-01,XOLO,X910,126,"rgba( 47 ,  43 ,  44 , 0.2)"
2013-01-01,XOLO,X500,110.5,"rgba( 47 ,  43 ,  44 , 0.2)"
2013-05-01,XOLO,Q1000,143.5,"rgba( 47 ,  43 ,  44 , 0.2)"
2013-02-01,XOLO,Q800,135.5,"rgba( 47 ,  43 ,  44 , 0.2)"
2013-05-01,XOLO,Q700,135.8,"rgba( 47 ,  43 ,  44 , 0.2)"
2013-01-01,XOLO,A500,124,"rgba( 47 ,  43 ,  44 , 0.2)"
2016-02-01,XOLO,Era X,145.5,"rgba( 47 ,  43 ,  44 , 0.2)"
2016-02-01,XOLO,Era 4K,143,"rgba( 47 ,  43 ,  44 , 0.2)"
2016-02-01,XOLO,Era 4G,145.5,"rgba( 47 ,  43 ,  44 , 0.2)"
2015-12-01,XOLO,One HD,143,"rgba( 47 ,  43 ,  44 , 0.2)"
2015-12-01,XOLO,Black 3GB,155.5,"rgba( 47 ,  43 ,  44 , 0.2)"
2015-10-01,XOLO,Black 1X,144.6,"rgba( 47 ,  43 ,  44 , 0.2)"
2015-07-01,XOLO,Black,155.5,"rgba( 47 ,  43 ,  44 , 0.2)"
2015-07-01,XOLO,Era,143,"rgba( 47 ,  43 ,  44 , 0.2)"
2015-06-01,XOLO,Cube 5.0,143,"rgba( 47 ,  43 ,  44 , 0.2)"
2015-05-01,XOLO,Prime,135,"rgba( 47 ,  43 ,  44 , 0.2)"
2015-01-01,XOLO,LT2000,152.4,"rgba( 47 ,  43 ,  44 , 0.2)"
2015-03-01,XOLO,A1010,143.7,"rgba( 47 ,  43 ,  44 , 0.2)"
2015-02-01,XOLO,Win Q1000,143,"rgba( 47 ,  43 ,  44 , 0.2)"
2015-02-01,XOLO,8X-1020,143,"rgba( 47 ,  43 ,  44 , 0.2)"
2014-06-01,XOLO,Q900s Plus,135.8,"rgba( 47 ,  43 ,  44 , 0.2)"
2014-12-01,XOLO,Omega 5.5,155.5,"rgba( 47 ,  43 ,  44 , 0.2)"
2014-12-01,XOLO,Omega 5.0,144,"rgba( 47 ,  43 ,  44 , 0.2)"
2014-12-01,XOLO,Opus 3,143,"rgba( 47 ,  43 ,  44 , 0.2)"
2014-12-01,XOLO,Q710s,135,"rgba( 47 ,  43 ,  44 , 0.2)"
2014-10-01,XOLO,Q1020,143,"rgba( 47 ,  43 ,  44 , 0.2)"
2014-10-01,XOLO,One,128,"rgba( 47 ,  43 ,  44 , 0.2)"
2014-09-01,XOLO,Q2100,152.4,"rgba( 47 ,  43 ,  44 , 0.2)"
2014-01-01,XOLO,Opus HD,143,"rgba( 47 ,  43 ,  44 , 0.2)"
2014-08-01,XOLO,Play 8X-1100,141.5,"rgba( 47 ,  43 ,  44 , 0.2)"
2014-09-01,XOLO,Q510s,128,"rgba( 47 ,  43 ,  44 , 0.2)"
2014-09-01,XOLO,Q700s plus,136,"rgba( 47 ,  43 ,  44 , 0.2)"
2014-08-01,XOLO,Q1000s plus,147,"rgba( 47 ,  43 ,  44 , 0.2)"
2014-09-01,XOLO,Q610s,128,"rgba( 47 ,  43 ,  44 , 0.2)"
2014-08-01,XOLO,A1000s,141,"rgba( 47 ,  43 ,  44 , 0.2)"
2014-07-01,XOLO,Play 8X-1200,143,"rgba( 47 ,  43 ,  44 , 0.2)"
2014-08-01,XOLO,Hive 8X-1000,140,"rgba( 47 ,  43 ,  44 , 0.2)"
2014-06-01,XOLO,Q900s,135.8,"rgba( 47 ,  43 ,  44 , 0.2)"
2014-07-01,XOLO,Q500s IPS,125,"rgba( 47 ,  43 ,  44 , 0.2)"
2014-07-01,XOLO,A700s,135,"rgba( 47 ,  43 ,  44 , 0.2)"
2014-06-01,XOLO,Play 6X-1000,139.9,"rgba( 47 ,  43 ,  44 , 0.2)"
2014-05-01,XOLO,Q2000L,155.7,"rgba( 47 ,  43 ,  44 , 0.2)"
2014-06-01,XOLO,Win Q900s,135.8,"rgba( 47 ,  43 ,  44 , 0.2)"
2010-02-01,Garmin-Asus,nuvifone A50,116,"rgba( 179 ,  178 ,  178 , 0.2)"
2009-02-01,Garmin-Asus,nuvifone G60,112,"rgba( 179 ,  178 ,  178 , 0.2)"
2009-02-01,Garmin-Asus,nuvifone M20,95.3,"rgba( 179 ,  178 ,  178 , 0.2)"
2016-01-01,Maxwest,Astro X4,123.5,"rgba( 225 ,  31 ,  39 , 0.2)"
2016-01-01,Maxwest,Astro X55,150.5,"rgba( 225 ,  31 ,  39 , 0.2)"
2016-01-01,Maxwest,Vice,106,"rgba( 225 ,  31 ,  39 , 0.2)"
2015-06-01,Maxwest,Gravity 5.5 LTE,155.5,"rgba( 225 ,  31 ,  39 , 0.2)"
2015-07-01,Maxwest,Gravity 5,145.4,"rgba( 225 ,  31 ,  39 , 0.2)"
2015-06-01,Maxwest,Astro 6,166,"rgba( 225 ,  31 ,  39 , 0.2)"
2015-06-01,Maxwest,Astro X5,143.7,"rgba( 225 ,  31 ,  39 , 0.2)"
2015-08-01,Maxwest,Astro 3.5,118.6,"rgba( 225 ,  31 ,  39 , 0.2)"
2015-06-01,Maxwest,Blade,103.2,"rgba( 225 ,  31 ,  39 , 0.2)"
2015-06-01,Maxwest,Nitro 5,145.6,"rgba( 225 ,  31 ,  39 , 0.2)"
2015-07-01,Maxwest,Astro 4.5,134.3,"rgba( 225 ,  31 ,  39 , 0.2)"
2015-01-01,Maxwest,Nitro Phablet 71,192,"rgba( 225 ,  31 ,  39 , 0.2)"
2015-01-01,Maxwest,Nitro 5.5,156.2,"rgba( 225 ,  31 ,  39 , 0.2)"
2014-11-01,Maxwest,Astro 5,142.8,"rgba( 225 ,  31 ,  39 , 0.2)"
2014-11-01,Maxwest,MX-110,110,"rgba( 225 ,  31 ,  39 , 0.2)"
2014-10-01,Maxwest,Astro 4,125.5,"rgba( 225 ,  31 ,  39 , 0.2)"
2014-09-01,Maxwest,Astro JR,119,"rgba( 225 ,  31 ,  39 , 0.2)"
2014-06-01,Maxwest,Virtue Z5,147,"rgba( 225 ,  31 ,  39 , 0.2)"
2014-05-01,Maxwest,Gravity 5.5,156.2,"rgba( 225 ,  31 ,  39 , 0.2)"
2014-04-01,Maxwest,Gravity 6,163.3,"rgba( 225 ,  31 ,  39 , 0.2)"
2014-04-01,Maxwest,Orbit 330G,119,"rgba( 225 ,  31 ,  39 , 0.2)"
2014-03-01,Maxwest,Orbit 6200T,167.3,"rgba( 225 ,  31 ,  39 , 0.2)"
2014-01-01,Maxwest,Android 330,119,"rgba( 225 ,  31 ,  39 , 0.2)"
2013-08-01,Maxwest,Tab Phone 72DC,187,"rgba( 225 ,  31 ,  39 , 0.2)"
2013-09-01,Maxwest,MX-210TV,92,"rgba( 225 ,  31 ,  39 , 0.2)"
2013-09-01,Maxwest,Android 320,115,"rgba( 225 ,  31 ,  39 , 0.2)"
2013-10-01,Maxwest,Orbit 6200,167.3,"rgba( 225 ,  31 ,  39 , 0.2)"
2013-08-01,Maxwest,Orbit 5400T,143,"rgba( 225 ,  31 ,  39 , 0.2)"
2013-09-01,Maxwest,Orbit 4400,127,"rgba( 225 ,  31 ,  39 , 0.2)"
2013-10-01,Maxwest,Orbit 3000,120.4,"rgba( 225 ,  31 ,  39 , 0.2)"
2013-10-01,Maxwest,Orbit X50,152,"rgba( 225 ,  31 ,  39 , 0.2)"
2013-06-01,Maxwest,Orbit Z50,143,"rgba( 225 ,  31 ,  39 , 0.2)"
2013-04-01,Maxwest,Orbit 5400,143,"rgba( 225 ,  31 ,  39 , 0.2)"
2013-05-01,Maxwest,Orbit 4600,136.5,"rgba( 225 ,  31 ,  39 , 0.2)"
2013-07-01,Maxwest,MX-200TV,102,"rgba( 225 ,  31 ,  39 , 0.2)"
2013-07-01,Maxwest,MX-100,110,"rgba( 225 ,  31 ,  39 , 0.2)"
2007-01-01,Bird,M32,94,"rgba( 3 ,  69 ,  148 , 0.2)"
2007-01-01,Bird,D636,105,"rgba( 3 ,  69 ,  148 , 0.2)"
2007-01-01,Bird,D706,105,"rgba( 3 ,  69 ,  148 , 0.2)"
2007-01-01,Bird,D615,105,"rgba( 3 ,  69 ,  148 , 0.2)"
2007-01-01,Bird,S768,105,"rgba( 3 ,  69 ,  148 , 0.2)"
2007-01-01,Bird,S758,105,"rgba( 3 ,  69 ,  148 , 0.2)"
2007-01-01,Bird,S618,103,"rgba( 3 ,  69 ,  148 , 0.2)"
2007-01-01,Bird,D736,95,"rgba( 3 ,  69 ,  148 , 0.2)"
2007-01-01,Bird,D716,105.8,"rgba( 3 ,  69 ,  148 , 0.2)"
2007-01-01,Bird,D720,100,"rgba( 3 ,  69 ,  148 , 0.2)"
2007-01-01,Bird,D611,105.5,"rgba( 3 ,  69 ,  148 , 0.2)"
2007-01-01,Bird,D515,106.7,"rgba( 3 ,  69 ,  148 , 0.2)"
2007-01-01,Bird,D612,105.5,"rgba( 3 ,  69 ,  148 , 0.2)"
2007-01-01,Bird,M29,107,"rgba( 3 ,  69 ,  148 , 0.2)"
2007-01-01,Bird,M01,89.5,"rgba( 3 ,  69 ,  148 , 0.2)"
2007-01-01,Bird,M07,105,"rgba( 3 ,  69 ,  148 , 0.2)"
2007-01-01,Bird,S1130,89.5,"rgba( 3 ,  69 ,  148 , 0.2)"
2007-01-01,Bird,V5518+,87.8,"rgba( 3 ,  69 ,  148 , 0.2)"
2007-01-01,Bird,S663,105.3,"rgba( 3 ,  69 ,  148 , 0.2)"
2007-01-01,Bird,S661,105.3,"rgba( 3 ,  69 ,  148 , 0.2)"
2007-01-01,Bird,S669,104,"rgba( 3 ,  69 ,  148 , 0.2)"
2007-01-01,Bird,S668,104,"rgba( 3 ,  69 ,  148 , 0.2)"
2007-01-01,Bird,S667,104,"rgba( 3 ,  69 ,  148 , 0.2)"
2007-01-01,Bird,S296+,105,"rgba( 3 ,  69 ,  148 , 0.2)"
2007-01-01,Bird,S296,105,"rgba( 3 ,  69 ,  148 , 0.2)"
2012-11-01,Philips,W6350,125.2,"rgba( 0 ,  90 ,  255 , 0.2)"
2012-11-01,Philips,W536,127.5,"rgba( 0 ,  90 ,  255 , 0.2)"
2012-11-01,Philips,W337,107.3,"rgba( 0 ,  90 ,  255 , 0.2)"
2012-11-01,Philips,T539,131,"rgba( 0 ,  90 ,  255 , 0.2)"
2012-11-01,Philips,E133,105,"rgba( 0 ,  90 ,  255 , 0.2)"
2012-07-01,Philips,W732,126.4,"rgba( 0 ,  90 ,  255 , 0.2)"
2012-07-01,Philips,X333,119.5,"rgba( 0 ,  90 ,  255 , 0.2)"
2012-07-01,Philips,W930,110,"rgba( 0 ,  90 ,  255 , 0.2)"
2012-06-01,Philips,X130,113,"rgba( 0 ,  90 ,  255 , 0.2)"
2012-06-01,Philips,X332,117.3,"rgba( 0 ,  90 ,  255 , 0.2)"
2012-06-01,Philips,X331,108,"rgba( 0 ,  90 ,  255 , 0.2)"
2012-06-01,Philips,D633,125.4,"rgba( 0 ,  90 ,  255 , 0.2)"
2012-05-01,Philips,W632,123.4,"rgba( 0 ,  90 ,  255 , 0.2)"
2012-04-01,Philips,W635,124,"rgba( 0 ,  90 ,  255 , 0.2)"
2012-03-01,Philips,X528,120,"rgba( 0 ,  90 ,  255 , 0.2)"
2012-03-01,Philips,T129,114.5,"rgba( 0 ,  90 ,  255 , 0.2)"
2012-03-01,Philips,W820,114.6,"rgba( 0 ,  90 ,  255 , 0.2)"
2012-01-01,Philips,D822,120.8,"rgba( 0 ,  90 ,  255 , 0.2)"
2012-01-01,Philips,W727,109.8,"rgba( 0 ,  90 ,  255 , 0.2)"
2012-01-01,Philips,X125,107.5,"rgba( 0 ,  90 ,  255 , 0.2)"
2011-12-01,Philips,W626,116,"rgba( 0 ,  90 ,  255 , 0.2)"
2011-12-01,Philips,X623,118.5,"rgba( 0 ,  90 ,  255 , 0.2)"
2011-12-01,Philips,W920,128,"rgba( 0 ,  90 ,  255 , 0.2)"
2011-12-01,Philips,V726,110,"rgba( 0 ,  90 ,  255 , 0.2)"
2011-07-01,Philips,X622,114.5,"rgba( 0 ,  90 ,  255 , 0.2)"
2011-07-01,Philips,W625,109,"rgba( 0 ,  90 ,  255 , 0.2)"
2011-07-01,Philips,X223,106.5,"rgba( 0 ,  90 ,  255 , 0.2)"
2011-07-01,Philips,X525,160,"rgba( 0 ,  90 ,  255 , 0.2)"
2011-07-01,Philips,D813,113,"rgba( 0 ,  90 ,  255 , 0.2)"
2011-07-01,Philips,W725,108.8,"rgba( 0 ,  90 ,  255 , 0.2)"
2011-07-01,Philips,W715,113.5,"rgba( 0 ,  90 ,  255 , 0.2)"
2011-07-01,Philips,X526,109,"rgba( 0 ,  90 ,  255 , 0.2)"
2011-07-01,Philips,D613,102,"rgba( 0 ,  90 ,  255 , 0.2)"
2011-05-01,Philips,Xenium X519,98.2,"rgba( 0 ,  90 ,  255 , 0.2)"
2011-05-01,Philips,F322,116,"rgba( 0 ,  90 ,  255 , 0.2)"
2011-05-01,Philips,X128,109.5,"rgba( 0 ,  90 ,  255 , 0.2)"
2011-04-01,Philips,D612,114,"rgba( 0 ,  90 ,  255 , 0.2)"
2011-04-01,Philips,Xenium X523,117.5,"rgba( 0 ,  90 ,  255 , 0.2)"
2011-02-01,Philips,X516,102,"rgba( 0 ,  90 ,  255 , 0.2)"
2011-04-01,Philips,F515,98.2,"rgba( 0 ,  90 ,  255 , 0.2)"
2011-02-01,Philips,X815,113.3,"rgba( 0 ,  90 ,  255 , 0.2)"
2011-02-01,Philips,X518,104,"rgba( 0 ,  90 ,  255 , 0.2)"
2011-02-01,Philips,D812,109.6,"rgba( 0 ,  90 ,  255 , 0.2)"
2011-01-01,Philips,Xenium X713,113.3,"rgba( 0 ,  90 ,  255 , 0.2)"
2011-01-01,Philips,V816,111,"rgba( 0 ,  90 ,  255 , 0.2)"
2011-01-01,Philips,T910,115,"rgba( 0 ,  90 ,  255 , 0.2)"
2010-12-01,Philips,X116,108.3,"rgba( 0 ,  90 ,  255 , 0.2)"
2010-11-01,Philips,F718,99.9,"rgba( 0 ,  90 ,  255 , 0.2)"
2010-11-01,Philips,Xenium X513,112,"rgba( 0 ,  90 ,  255 , 0.2)"
2010-10-01,Philips,Xenium F511,112.9,"rgba( 0 ,  90 ,  255 , 0.2)"
2010-01-01,Philips,D900,101.2,"rgba( 0 ,  90 ,  255 , 0.2)"
2010-07-01,Philips,F610,105,"rgba( 0 ,  90 ,  255 , 0.2)"
2010-07-01,Philips,X712,105.8,"rgba( 0 ,  90 ,  255 , 0.2)"
2010-05-01,Philips,X703,102,"rgba( 0 ,  90 ,  255 , 0.2)"
2010-05-01,Philips,X809,104.5,"rgba( 0 ,  90 ,  255 , 0.2)"
2010-05-01,Philips,Xenium X503,114.5,"rgba( 0 ,  90 ,  255 , 0.2)"
2010-04-01,Philips,Xenium K600,103,"rgba( 0 ,  90 ,  255 , 0.2)"
2010-04-01,Philips,X606,106.5,"rgba( 0 ,  90 ,  255 , 0.2)"
2010-04-01,Philips,X510,106,"rgba( 0 ,  90 ,  255 , 0.2)"
2010-04-01,Philips,X605,106.5,"rgba( 0 ,  90 ,  255 , 0.2)"
2010-02-01,Philips,V900,115,"rgba( 0 ,  90 ,  255 , 0.2)"
2010-02-01,Philips,X100,112.8,"rgba( 0 ,  90 ,  255 , 0.2)"
2010-01-01,Philips,C702,103.8,"rgba( 0 ,  90 ,  255 , 0.2)"
2010-01-01,Philips,X603,112,"rgba( 0 ,  90 ,  255 , 0.2)"
2009-12-01,Philips,D908,111,"rgba( 0 ,  90 ,  255 , 0.2)"
2009-11-01,Philips,Xenium X806,103.5,"rgba( 0 ,  90 ,  255 , 0.2)"
2010-04-01,Philips,X312,111,"rgba( 0 ,  90 ,  255 , 0.2)"
2009-11-01,Philips,X650,104.4,"rgba( 0 ,  90 ,  255 , 0.2)"
2009-09-01,Philips,Xenium X501,110,"rgba( 0 ,  90 ,  255 , 0.2)"
2009-11-01,Philips,Xenium K700,101,"rgba( 0 ,  90 ,  255 , 0.2)"
2009-10-01,Philips,V808,115,"rgba( 0 ,  90 ,  255 , 0.2)"
2009-08-01,Philips,E102,108,"rgba( 0 ,  90 ,  255 , 0.2)"
2009-07-01,Philips,Xenium X830,105,"rgba( 0 ,  90 ,  255 , 0.2)"
2009-10-01,Philips,C700,115,"rgba( 0 ,  90 ,  255 , 0.2)"
2009-07-01,Philips,TM700,112.4,"rgba( 0 ,  90 ,  255 , 0.2)"
2009-07-01,Philips,X630,111,"rgba( 0 ,  90 ,  255 , 0.2)"
2009-07-01,Philips,C600,115,"rgba( 0 ,  90 ,  255 , 0.2)"
2009-07-01,Philips,W186,110,"rgba( 0 ,  90 ,  255 , 0.2)"
2009-03-01,Philips,X810,103.5,"rgba( 0 ,  90 ,  255 , 0.2)"
2009-04-01,Philips,Xenium X600,96.8,"rgba( 0 ,  90 ,  255 , 0.2)"
2009-02-01,Philips,E210,104.7,"rgba( 0 ,  90 ,  255 , 0.2)"
2009-04-01,Philips,Xenium X700,103,"rgba( 0 ,  90 ,  255 , 0.2)"
2009-03-01,Philips,Xenium X530,99.1,"rgba( 0 ,  90 ,  255 , 0.2)"
2009-01-01,Philips,X710,113,"rgba( 0 ,  90 ,  255 , 0.2)"
2009-01-01,Philips,X620,110,"rgba( 0 ,  90 ,  255 , 0.2)"
2008-10-01,Philips,193,104.5,"rgba( 0 ,  90 ,  255 , 0.2)"
2008-10-01,Philips,E100,104,"rgba( 0 ,  90 ,  255 , 0.2)"
2008-10-01,Philips,X500,105.6,"rgba( 0 ,  90 ,  255 , 0.2)"
2008-09-01,Philips,M200,105,"rgba( 0 ,  90 ,  255 , 0.2)"
2008-09-01,Philips,Xenium X300,105,"rgba( 0 ,  90 ,  255 , 0.2)"
2008-07-01,Philips,Xenium 9@9q,99.3,"rgba( 0 ,  90 ,  255 , 0.2)"
2008-05-01,Philips,298,97,"rgba( 0 ,  90 ,  255 , 0.2)"
2008-05-01,Philips,X800,101,"rgba( 0 ,  90 ,  255 , 0.2)"
2008-04-01,Philips,M600,105,"rgba( 0 ,  90 ,  255 , 0.2)"
2008-04-01,Philips,Xenium 9@9v,105,"rgba( 0 ,  90 ,  255 , 0.2)"
2008-04-01,Philips,192,104.5,"rgba( 0 ,  90 ,  255 , 0.2)"
2008-05-01,Philips,191,104.5,"rgba( 0 ,  90 ,  255 , 0.2)"
2008-01-01,Philips,392,105,"rgba( 0 ,  90 ,  255 , 0.2)"
2008-01-01,Philips,Xenium 9@9u,107,"rgba( 0 ,  90 ,  255 , 0.2)"
2008-01-01,Philips,692,104,"rgba( 0 ,  90 ,  255 , 0.2)"
2007-08-01,Philips,699 Dual SIM,106,"rgba( 0 ,  90 ,  255 , 0.2)"
2007-08-01,Philips,892,108,"rgba( 0 ,  90 ,  255 , 0.2)"
2007-07-01,Philips,399,102,"rgba( 0 ,  90 ,  255 , 0.2)"
2007-05-01,Philips,390,97,"rgba( 0 ,  90 ,  255 , 0.2)"
2007-11-01,Philips,Xenium 9@9k,104.3,"rgba( 0 ,  90 ,  255 , 0.2)"
2007-08-01,Philips,Xenium 9@9z,95.5,"rgba( 0 ,  90 ,  255 , 0.2)"
2007-08-01,Philips,Xenium 9@9w,103,"rgba( 0 ,  90 ,  255 , 0.2)"
2007-05-01,Philips,Xenium 9@9m,105,"rgba( 0 ,  90 ,  255 , 0.2)"
2007-04-01,Philips,Xenium 9@9h,88,"rgba( 0 ,  90 ,  255 , 0.2)"
2007-07-01,Philips,292,106,"rgba( 0 ,  90 ,  255 , 0.2)"
2007-04-01,Philips,290,101,"rgba( 0 ,  90 ,  255 , 0.2)"
2007-01-01,Philips,Xenium 9@9g,105.6,"rgba( 0 ,  90 ,  255 , 0.2)"
2007-01-01,Philips,Xenium 9@9f,101,"rgba( 0 ,  90 ,  255 , 0.2)"
2006-09-01,Philips,S890,87.7,"rgba( 0 ,  90 ,  255 , 0.2)"
2006-09-01,Philips,S660,101,"rgba( 0 ,  90 ,  255 , 0.2)"
2006-06-01,Philips,S900,109,"rgba( 0 ,  90 ,  255 , 0.2)"
2006-06-01,Philips,S880,87.5,"rgba( 0 ,  90 ,  255 , 0.2)"
2007-03-01,Philips,598,83,"rgba( 0 ,  90 ,  255 , 0.2)"
2006-03-01,Philips,Xenium 9@9a,99.7,"rgba( 0 ,  90 ,  255 , 0.2)"
2006-01-01,Philips,S800,87,"rgba( 0 ,  90 ,  255 , 0.2)"
2005-10-01,Philips,768,101,"rgba( 0 ,  90 ,  255 , 0.2)"
2014-07-01,Philips,S388,131,"rgba( 0 ,  90 ,  255 , 0.2)"
2014-05-01,Philips,S308,126,"rgba( 0 ,  90 ,  255 , 0.2)"
2014-05-01,Philips,W6610,145.4,"rgba( 0 ,  90 ,  255 , 0.2)"
2014-04-01,Philips,W8578,116,"rgba( 0 ,  90 ,  255 , 0.2)"
2013-12-01,Philips,W3500,142,"rgba( 0 ,  90 ,  255 , 0.2)"
2013-12-01,Philips,W7555,136.8,"rgba( 0 ,  90 ,  255 , 0.2)"
2013-12-01,Philips,W9588,116.5,"rgba( 0 ,  90 ,  255 , 0.2)"
2013-10-01,Philips,W8568,123.5,"rgba( 0 ,  90 ,  255 , 0.2)"
2013-10-01,Philips,W8500,132,"rgba( 0 ,  90 ,  255 , 0.2)"
2013-10-01,Philips,W6500,128.7,"rgba( 0 ,  90 ,  255 , 0.2)"
2013-10-01,Philips,W3568,126.8,"rgba( 0 ,  90 ,  255 , 0.2)"
2013-10-01,Philips,T3566,126.8,"rgba( 0 ,  90 ,  255 , 0.2)"
2013-10-01,Philips,W7376,129,"rgba( 0 ,  90 ,  255 , 0.2)"
2013-10-01,Philips,X1560,119.6,"rgba( 0 ,  90 ,  255 , 0.2)"
2013-10-01,Philips,X2560,124.5,"rgba( 0 ,  90 ,  255 , 0.2)"
2013-10-01,Philips,X2301,134,"rgba( 0 ,  90 ,  255 , 0.2)"
2013-10-01,Philips,X2300,119.6,"rgba( 0 ,  90 ,  255 , 0.2)"
2013-10-01,Philips,X1510,109,"rgba( 0 ,  90 ,  255 , 0.2)"
2013-10-01,Philips,E1500,107,"rgba( 0 ,  90 ,  255 , 0.2)"
2013-10-01,Philips,D833,128,"rgba( 0 ,  90 ,  255 , 0.2)"
2013-09-01,Philips,W8560,144,"rgba( 0 ,  90 ,  255 , 0.2)"
2013-10-01,Philips,W8510,138.5,"rgba( 0 ,  90 ,  255 , 0.2)"
2013-09-01,Philips,T939,110,"rgba( 0 ,  90 ,  255 , 0.2)"
2013-09-01,Philips,W5510,116.2,"rgba( 0 ,  90 ,  255 , 0.2)"
2013-01-01,Philips,W8355,147.6,"rgba( 0 ,  90 ,  255 , 0.2)"
2012-11-01,Philips,W832,131,"rgba( 0 ,  90 ,  255 , 0.2)"
2012-12-01,Philips,W737,128,"rgba( 0 ,  90 ,  255 , 0.2)"
2012-11-01,Philips,W736,126.6,"rgba( 0 ,  90 ,  255 , 0.2)"
2009-07-01,Mitac,MIO Explora K75,115.3,"rgba( 33 ,  62 ,  139 , 0.2)"
2009-07-01,Mitac,MIO Explora K70,115.3,"rgba( 33 ,  62 ,  139 , 0.2)"
2008-08-01,Mitac,MIO Leap G50,98,"rgba( 33 ,  62 ,  139 , 0.2)"
2008-06-01,Mitac,MIO Leap K1,105.1,"rgba( 33 ,  62 ,  139 , 0.2)"
2007-10-01,Mitac,MIO A502,95.7,"rgba( 33 ,  62 ,  139 , 0.2)"
2007-10-01,Mitac,MIO A501,95.7,"rgba( 33 ,  62 ,  139 , 0.2)"
2007-09-01,Mitac,MIO A702,110,"rgba( 33 ,  62 ,  139 , 0.2)"
2005-08-01,Mitac,MIO A701,117,"rgba( 33 ,  62 ,  139 , 0.2)"
2004-10-01,Mitac,MIO 8870,110,"rgba( 33 ,  62 ,  139 , 0.2)"
2003-07-01,Mitac,MIO 8390,99,"rgba( 33 ,  62 ,  139 , 0.2)"
2003-01-01,Mitac,MIO 8380,97,"rgba( 33 ,  62 ,  139 , 0.2)"
2015-01-01,Alcatel,Pixi 3 (4.5),132.2,"rgba( 0 ,  0 ,  0 , 0.2)"
2015-01-01,Alcatel,Pixi 3 (4),121.3,"rgba( 0 ,  0 ,  0 , 0.2)"
2015-01-01,Alcatel,Pixi 3 (3.5) Firefox,112.2,"rgba( 0 ,  0 ,  0 , 0.2)"
2015-01-01,Alcatel,Pixi 3 (3.5),112.2,"rgba( 0 ,  0 ,  0 , 0.2)"
2014-08-01,Alcatel,Pop D3,121.6,"rgba( 0 ,  0 ,  0 , 0.2)"
2014-08-01,Alcatel,Pop D1,112.2,"rgba( 0 ,  0 ,  0 , 0.2)"
2014-09-01,Alcatel,Pop Icon,141,"rgba( 0 ,  0 ,  0 , 0.2)"
2014-10-01,Alcatel,Fire C 2G,112.2,"rgba( 0 ,  0 ,  0 , 0.2)"
2014-09-01,Alcatel,Pop 2 (5) Premium,141,"rgba( 0 ,  0 ,  0 , 0.2)"
2014-09-01,Alcatel,Pop 2 (5),141,"rgba( 0 ,  0 ,  0 , 0.2)"
2014-09-01,Alcatel,Pop 2 (4),121.5,"rgba( 0 ,  0 ,  0 , 0.2)"
2014-09-01,Alcatel,Pop 2 (4.5) Dual SIM,132.5,"rgba( 0 ,  0 ,  0 , 0.2)"
2014-09-01,Alcatel,Pop 2 (4.5),132.5,"rgba( 0 ,  0 ,  0 , 0.2)"
2014-08-01,Alcatel,Fierce 2,141,"rgba( 0 ,  0 ,  0 , 0.2)"
2014-10-01,Alcatel,Evolve 2,121.6,"rgba( 0 ,  0 ,  0 , 0.2)"
2014-09-01,Alcatel,POP 8S,209,"rgba( 0 ,  0 ,  0 , 0.2)"
2014-09-01,Alcatel,Hero 8,209,"rgba( 0 ,  0 ,  0 , 0.2)"
2014-09-01,Alcatel,Hero 2,160.5,"rgba( 0 ,  0 ,  0 , 0.2)"
2014-05-01,Alcatel,Pixi 2,112.5,"rgba( 0 ,  0 ,  0 , 0.2)"
2014-08-01,Alcatel,Pop D5,132.5,"rgba( 0 ,  0 ,  0 , 0.2)"
2014-07-01,Alcatel,Pop C2,122,"rgba( 0 ,  0 ,  0 , 0.2)"
2014-06-01,Alcatel,Pixi 8,209,"rgba( 0 ,  0 ,  0 , 0.2)"
2014-01-01,Alcatel,2012,107,"rgba( 0 ,  0 ,  0 , 0.2)"
2014-01-01,Alcatel,2010,106,"rgba( 0 ,  0 ,  0 , 0.2)"
2014-01-01,Alcatel,2052,108.5,"rgba( 0 ,  0 ,  0 , 0.2)"
2014-01-01,Alcatel,2040,123.4,"rgba( 0 ,  0 ,  0 , 0.2)"
2014-01-01,Alcatel,2005,120,"rgba( 0 ,  0 ,  0 , 0.2)"
2014-01-01,Alcatel,POP 7S,192,"rgba( 0 ,  0 ,  0 , 0.2)"
2014-02-01,Alcatel,Pop S9,162.4,"rgba( 0 ,  0 ,  0 , 0.2)"
2014-02-01,Alcatel,Pop S7,141,"rgba( 0 ,  0 ,  0 , 0.2)"
2014-02-01,Alcatel,Pop S3,123,"rgba( 0 ,  0 ,  0 , 0.2)"
2014-02-01,Alcatel,Fire S,129.5,"rgba( 0 ,  0 ,  0 , 0.2)"
2014-02-01,Alcatel,Fire E,129,"rgba( 0 ,  0 ,  0 , 0.2)"
2014-02-01,Alcatel,Fire C,112.2,"rgba( 0 ,  0 ,  0 , 0.2)"
2014-02-01,Alcatel,Idol 2 S,136.5,"rgba( 0 ,  0 ,  0 , 0.2)"
2014-02-01,Alcatel,Idol 2,136,"rgba( 0 ,  0 ,  0 , 0.2)"
2014-02-01,Alcatel,Idol 2 Mini S,129.5,"rgba( 0 ,  0 ,  0 , 0.2)"
2014-02-01,Alcatel,Idol 2 Mini,129,"rgba( 0 ,  0 ,  0 , 0.2)"
2014-02-01,Alcatel,Pop Fit,97,"rgba( 0 ,  0 ,  0 , 0.2)"
2013-11-01,Alcatel,2001,112,"rgba( 0 ,  0 ,  0 , 0.2)"
2013-11-01,Alcatel,2000,112,"rgba( 0 ,  0 ,  0 , 0.2)"
2014-01-01,Alcatel,Idol X+,140.4,"rgba( 0 ,  0 ,  0 , 0.2)"
2014-01-01,Alcatel,Pop C9,151,"rgba( 0 ,  0 ,  0 , 0.2)"
2014-01-01,Alcatel,POP 8,209,"rgba( 0 ,  0 ,  0 , 0.2)"
2014-01-01,Alcatel,POP 7,192,"rgba( 0 ,  0 ,  0 , 0.2)"
2013-09-01,Alcatel,Fierce,130.3,"rgba( 0 ,  0 ,  0 , 0.2)"
2013-09-01,Alcatel,Evolve,121.5,"rgba( 0 ,  0 ,  0 , 0.2)"
2013-09-01,Alcatel,Pop C7,141,"rgba( 0 ,  0 ,  0 , 0.2)"
2013-09-01,Alcatel,Pop C5,131.5,"rgba( 0 ,  0 ,  0 , 0.2)"
2013-09-01,Alcatel,Pop C3,122,"rgba( 0 ,  0 ,  0 , 0.2)"
2013-09-01,Alcatel,Pop C1,112.5,"rgba( 0 ,  0 ,  0 , 0.2)"
2013-09-01,Alcatel,Idol Alpha,138,"rgba( 0 ,  0 ,  0 , 0.2)"
2013-09-01,Alcatel,One Touch Evo 8HD,222,"rgba( 0 ,  0 ,  0 , 0.2)"
2013-09-01,Alcatel,Hero,158.5,"rgba( 0 ,  0 ,  0 , 0.2)"
2013-08-01,Alcatel,Idol S,133.5,"rgba( 0 ,  0 ,  0 , 0.2)"
2013-08-01,Alcatel,Idol Mini,127.1,"rgba( 0 ,  0 ,  0 , 0.2)"
2013-04-01,Alcatel,One Touch T10,192,"rgba( 0 ,  0 ,  0 , 0.2)"
2013-02-01,Alcatel,One Touch Snap LTE,134,"rgba( 0 ,  0 ,  0 , 0.2)"
2013-08-01,Alcatel,One Touch Pixi,115,"rgba( 0 ,  0 ,  0 , 0.2)"
2013-02-01,Alcatel,One Touch Snap,130.3,"rgba( 0 ,  0 ,  0 , 0.2)"
2013-02-01,Alcatel,Idol X,140.4,"rgba( 0 ,  0 ,  0 , 0.2)"
2013-02-01,Alcatel,One Touch Fire,115,"rgba( 0 ,  0 ,  0 , 0.2)"
2013-02-01,Alcatel,One Touch Star,117.9,"rgba( 0 ,  0 ,  0 , 0.2)"
2013-02-01,Alcatel,One Touch Scribe Easy,143,"rgba( 0 ,  0 ,  0 , 0.2)"
2013-01-01,Alcatel,One Touch Evo 7,191,"rgba( 0 ,  0 ,  0 , 0.2)"
2013-01-01,Alcatel,One Touch Evo 7 HD,197,"rgba( 0 ,  0 ,  0 , 0.2)"
2013-01-01,Alcatel,One Touch Tab 8 HD,202,"rgba( 0 ,  0 ,  0 , 0.2)"
2013-01-01,Alcatel,One Touch Tab 7,192.8,"rgba( 0 ,  0 ,  0 , 0.2)"
2013-01-01,Alcatel,One Touch Tab 7 HD,191,"rgba( 0 ,  0 ,  0 , 0.2)"
2013-01-01,Alcatel,One Touch Idol Ultra,134.4,"rgba( 0 ,  0 ,  0 , 0.2)"
2013-01-01,Alcatel,One Touch Idol,133,"rgba( 0 ,  0 ,  0 , 0.2)"
2013-01-01,Alcatel,One Touch T'Pop,115,"rgba( 0 ,  0 ,  0 , 0.2)"
2013-01-01,Alcatel,One Touch S'Pop,115,"rgba( 0 ,  0 ,  0 , 0.2)"
2013-01-01,Alcatel,One Touch M'Pop,121.5,"rgba( 0 ,  0 ,  0 , 0.2)"
2013-01-01,Alcatel,One Touch X'Pop,131,"rgba( 0 ,  0 ,  0 , 0.2)"
2013-01-01,Alcatel,One Touch Scribe HD-LTE,144,"rgba( 0 ,  0 ,  0 , 0.2)"
2013-01-01,Alcatel,One Touch Scribe X,144,"rgba( 0 ,  0 ,  0 , 0.2)"
2013-01-01,Alcatel,One Touch Scribe HD,144,"rgba( 0 ,  0 ,  0 , 0.2)"
2012-11-01,Alcatel,OT-983,114.5,"rgba( 0 ,  0 ,  0 , 0.2)"
2012-07-01,Alcatel,OT-997D,129.8,"rgba( 0 ,  0 ,  0 , 0.2)"
2012-08-01,Alcatel,OT-997,129.8,"rgba( 0 ,  0 ,  0 , 0.2)"
2012-01-01,Alcatel,OT-992D,124,"rgba( 0 ,  0 ,  0 , 0.2)"
2012-01-01,Alcatel,OT-978,127.4,"rgba( 0 ,  0 ,  0 , 0.2)"
2012-10-01,Alcatel,OT-988 Shockwave,119.9,"rgba( 0 ,  0 ,  0 , 0.2)"
2012-08-01,Alcatel,OT-993,124.4,"rgba( 0 ,  0 ,  0 , 0.2)"
2012-08-01,Alcatel,OT-903,110,"rgba( 0 ,  0 ,  0 , 0.2)"
2012-04-01,Alcatel,OT-838,115,"rgba( 0 ,  0 ,  0 , 0.2)"
2012-08-01,Alcatel,OT-668,92.5,"rgba( 0 ,  0 ,  0 , 0.2)"
2012-08-01,Alcatel,OT-605,98,"rgba( 0 ,  0 ,  0 , 0.2)"
2012-05-01,Alcatel,OT-986,130,"rgba( 0 ,  0 ,  0 , 0.2)"
2012-02-01,Alcatel,OT-991,122,"rgba( 0 ,  0 ,  0 , 0.2)"
2012-04-01,Alcatel,OT-916,117,"rgba( 0 ,  0 ,  0 , 0.2)"
2012-04-01,Alcatel,OT-720,104,"rgba( 0 ,  0 ,  0 , 0.2)"
2012-06-01,Alcatel,OT-902,115,"rgba( 0 ,  0 ,  0 , 0.2)"
2012-01-01,Alcatel,OT-819 Soul,115,"rgba( 0 ,  0 ,  0 , 0.2)"
2012-03-01,Alcatel,OT-870,106,"rgba( 0 ,  0 ,  0 , 0.2)"
2012-04-01,Alcatel,OT-595,88,"rgba( 0 ,  0 ,  0 , 0.2)"
2012-04-01,Alcatel,OT-358,106,"rgba( 0 ,  0 ,  0 , 0.2)"
2012-02-01,Alcatel,OT-310,103,"rgba( 0 ,  0 ,  0 , 0.2)"
2012-01-01,Alcatel,OT-318D,109,"rgba( 0 ,  0 ,  0 , 0.2)"
2012-03-01,Alcatel,OT-317D,109,"rgba( 0 ,  0 ,  0 , 0.2)"
2012-02-01,Alcatel,OT-308,109,"rgba( 0 ,  0 ,  0 , 0.2)"
2011-12-01,Alcatel,OT-282,110,"rgba( 0 ,  0 ,  0 , 0.2)"
2012-02-01,Alcatel,OT-292,94,"rgba( 0 ,  0 ,  0 , 0.2)"
2012-01-01,Alcatel,OT-228,106,"rgba( 0 ,  0 ,  0 , 0.2)"
2012-02-01,Alcatel,OT-915,119,"rgba( 0 ,  0 ,  0 , 0.2)"
2012-03-01,Alcatel,OT-985,116,"rgba( 0 ,  0 ,  0 , 0.2)"
2011-01-01,Alcatel,OT-810D,70,"rgba( 0 ,  0 ,  0 , 0.2)"
2011-07-01,Alcatel,OT-906,109.3,"rgba( 0 ,  0 ,  0 , 0.2)"
2011-10-01,Alcatel,OT-810,70,"rgba( 0 ,  0 ,  0 , 0.2)"
2012-02-01,Alcatel,OT-995,128,"rgba( 0 ,  0 ,  0 , 0.2)"
2011-02-01,Alcatel,OT-990,116,"rgba( 0 ,  0 ,  0 , 0.2)"
2011-01-01,Alcatel,OT-910,119,"rgba( 0 ,  0 ,  0 , 0.2)"
2011-01-01,Alcatel,OT-908F,110,"rgba( 0 ,  0 ,  0 , 0.2)"
2011-02-01,Alcatel,OT-908,110,"rgba( 0 ,  0 ,  0 , 0.2)"
2011-02-01,Alcatel,OT-905,109.8,"rgba( 0 ,  0 ,  0 , 0.2)"
2011-02-01,Alcatel,OT-900,112,"rgba( 0 ,  0 ,  0 , 0.2)"
2011-07-01,Alcatel,OT-891 Soul,105,"rgba( 0 ,  0 ,  0 , 0.2)"
2011-11-01,Alcatel,OT-918,112,"rgba( 0 ,  0 ,  0 , 0.2)"
2011-07-01,Alcatel,OT-918D,112,"rgba( 0 ,  0 ,  0 , 0.2)"
2011-05-01,Alcatel,OT-890D,110,"rgba( 0 ,  0 ,  0 , 0.2)"
2011-02-01,Alcatel,OT-890,110,"rgba( 0 ,  0 ,  0 , 0.2)"
2011-04-01,Alcatel,OT-888,114,"rgba( 0 ,  0 ,  0 , 0.2)"
2011-01-01,Alcatel,OT-818,110.5,"rgba( 0 ,  0 ,  0 , 0.2)"
2011-01-01,Alcatel,OT-813F,115,"rgba( 0 ,  0 ,  0 , 0.2)"
2011-05-01,Alcatel,OT-813D,115,"rgba( 0 ,  0 ,  0 , 0.2)"
2011-07-01,Alcatel,OT-807,118.5,"rgba( 0 ,  0 ,  0 , 0.2)"
2011-02-01,Alcatel,OT-803,115,"rgba( 0 ,  0 ,  0 , 0.2)"
2011-02-01,Alcatel,OT-799 Play,111,"rgba( 0 ,  0 ,  0 , 0.2)"
2011-01-01,Alcatel,OT-690,112,"rgba( 0 ,  0 ,  0 , 0.2)"
2011-02-01,Alcatel,OT-665,96,"rgba( 0 ,  0 ,  0 , 0.2)"
2011-07-01,Alcatel,OT-602,101.5,"rgba( 0 ,  0 ,  0 , 0.2)"
2011-07-01,Alcatel,OT-585,105,"rgba( 0 ,  0 ,  0 , 0.2)"
2011-02-01,Alcatel,OT-506,106,"rgba( 0 ,  0 ,  0 , 0.2)"
2011-08-01,Alcatel,OT-385,105,"rgba( 0 ,  0 ,  0 , 0.2)"
2011-02-01,Alcatel,OT-361,91,"rgba( 0 ,  0 ,  0 , 0.2)"
2011-02-01,Alcatel,OT-355,103,"rgba( 0 ,  0 ,  0 , 0.2)"
2011-01-01,Alcatel,OT-330,112,"rgba( 0 ,  0 ,  0 , 0.2)"
2011-02-01,Alcatel,OT-306,107,"rgba( 0 ,  0 ,  0 , 0.2)"
2010-01-01,Alcatel,OT-223,90,"rgba( 0 ,  0 ,  0 , 0.2)"
2011-08-01,Alcatel,OT-217,106,"rgba( 0 ,  0 ,  0 , 0.2)"
2011-02-01,Alcatel,OT-213,108,"rgba( 0 ,  0 ,  0 , 0.2)"
2011-02-01,Alcatel,OT-209,108,"rgba( 0 ,  0 ,  0 , 0.2)"
2011-08-01,Alcatel,OT-117,106,"rgba( 0 ,  0 ,  0 , 0.2)"
2011-02-01,Alcatel,OT-113,108,"rgba( 0 ,  0 ,  0 , 0.2)"
2011-02-01,Alcatel,OT-112,108,"rgba( 0 ,  0 ,  0 , 0.2)"
2011-02-01,Alcatel,OT-109,108,"rgba( 0 ,  0 ,  0 , 0.2)"
2010-01-01,Alcatel,OT-105,108,"rgba( 0 ,  0 ,  0 , 0.2)"
2010-01-01,Alcatel,OT-706,96.2,"rgba( 0 ,  0 ,  0 , 0.2)"
2010-06-01,Alcatel,Net,111,"rgba( 0 ,  0 ,  0 , 0.2)"
2010-02-01,Alcatel,OT-808,70.6,"rgba( 0 ,  0 ,  0 , 0.2)"
2010-02-01,Alcatel,OT-606 One Touch CHAT,109,"rgba( 0 ,  0 ,  0 , 0.2)"
2010-02-01,Alcatel,OT-255,100.5,"rgba( 0 ,  0 ,  0 , 0.2)"
2010-02-01,Alcatel,OT-252,100.5,"rgba( 0 ,  0 ,  0 , 0.2)"
2010-02-01,Alcatel,OT-710,103,"rgba( 0 ,  0 ,  0 , 0.2)"
2010-02-01,Alcatel,OT-108,108,"rgba( 0 ,  0 ,  0 , 0.2)"
2010-02-01,Alcatel,OT-216,106,"rgba( 0 ,  0 ,  0 , 0.2)"
2009-04-01,Alcatel,OT-206,106,"rgba( 0 ,  0 ,  0 , 0.2)"
2010-02-01,Alcatel,OT-909 One Touch MAX,110,"rgba( 0 ,  0 ,  0 , 0.2)"
2010-02-01,Alcatel,Miss Sixty,106,"rgba( 0 ,  0 ,  0 , 0.2)"
2010-02-01,Alcatel,OT-880 One Touch XTRA,106,"rgba( 0 ,  0 ,  0 , 0.2)"
2010-02-01,Alcatel,OT-208,108,"rgba( 0 ,  0 ,  0 , 0.2)"
2010-02-01,Alcatel,OT-301,108,"rgba( 0 ,  0 ,  0 , 0.2)"
2010-02-01,Alcatel,OT-300,108,"rgba( 0 ,  0 ,  0 , 0.2)"
2010-02-01,Alcatel,OT-980,108,"rgba( 0 ,  0 ,  0 , 0.2)"
2010-02-01,Alcatel,OT-806,118.5,"rgba( 0 ,  0 ,  0 , 0.2)"
2009-12-01,Alcatel,OT-802 Wave,111,"rgba( 0 ,  0 ,  0 , 0.2)"
2010-02-01,Alcatel,OT-305,107,"rgba( 0 ,  0 ,  0 , 0.2)"
2010-02-01,Alcatel,OT-380,91,"rgba( 0 ,  0 ,  0 , 0.2)"
2010-02-01,Alcatel,OT-505,107,"rgba( 0 ,  0 ,  0 , 0.2)"
2010-02-01,Alcatel,OT-508A,107,"rgba( 0 ,  0 ,  0 , 0.2)"
2010-02-01,Alcatel,OT-565,96,"rgba( 0 ,  0 ,  0 , 0.2)"
2009-12-01,Alcatel,OT-106,116,"rgba( 0 ,  0 ,  0 , 0.2)"
2009-08-01,Alcatel,OT-800 One Touch CHROME,111,"rgba( 0 ,  0 ,  0 , 0.2)"
2009-06-01,Alcatel,OT-800 One Touch Tribe,111,"rgba( 0 ,  0 ,  0 , 0.2)"
2009-06-01,Alcatel,OT-708 One Touch MINI,96,"rgba( 0 ,  0 ,  0 , 0.2)"
2009-06-01,Alcatel,OT-660,94.3,"rgba( 0 ,  0 ,  0 , 0.2)"
2009-06-01,Alcatel,OT-383,91,"rgba( 0 ,  0 ,  0 , 0.2)"
2009-06-01,Alcatel,OT-203,106,"rgba( 0 ,  0 ,  0 , 0.2)"
2009-06-01,Alcatel,OT-103,106,"rgba( 0 ,  0 ,  0 , 0.2)"
2009-03-01,Alcatel,OT-600,105,"rgba( 0 ,  0 ,  0 , 0.2)"
2009-10-01,Alcatel,Crystal,94.3,"rgba( 0 ,  0 ,  0 , 0.2)"
2009-07-01,Alcatel,Miss Sixty 2009,94.3,"rgba( 0 ,  0 ,  0 , 0.2)"
2009-07-01,Alcatel,ELLE GlamPhone,91.7,"rgba( 0 ,  0 ,  0 , 0.2)"
2009-03-01,Alcatel,OT-363,90.5,"rgba( 0 ,  0 ,  0 , 0.2)"
2009-07-01,Alcatel,Roadsign,89,"rgba( 0 ,  0 ,  0 , 0.2)"
2009-03-01,Alcatel,OT-303,107,"rgba( 0 ,  0 ,  0 , 0.2)"
2009-01-01,Alcatel,OT-222,90,"rgba( 0 ,  0 ,  0 , 0.2)"
2009-03-01,Alcatel,OT-280,91,"rgba( 0 ,  0 ,  0 , 0.2)"
2009-02-01,Alcatel,OT-202,98,"rgba( 0 ,  0 ,  0 , 0.2)"
2009-06-01,Alcatel,OT-S121,98,"rgba( 0 ,  0 ,  0 , 0.2)"
2009-02-01,Alcatel,OT-111,98,"rgba( 0 ,  0 ,  0 , 0.2)"
2009-02-01,Alcatel,OT-102,98,"rgba( 0 ,  0 ,  0 , 0.2)"
2008-02-01,Alcatel,OT-I650 SPORT,102,"rgba( 0 ,  0 ,  0 , 0.2)"
2008-02-01,Alcatel,OT-I650 PRO,102,"rgba( 0 ,  0 ,  0 , 0.2)"
2008-01-01,Alcatel,OT-V770,104,"rgba( 0 ,  0 ,  0 , 0.2)"
2008-02-01,Alcatel,OT-V670,89,"rgba( 0 ,  0 ,  0 , 0.2)"
2008-02-01,Alcatel,OT-V607A,92,"rgba( 0 ,  0 ,  0 , 0.2)"
2008-01-01,Alcatel,OT-V570,90,"rgba( 0 ,  0 ,  0 , 0.2)"
2008-01-01,Alcatel,OT-V270,87.5,"rgba( 0 ,  0 ,  0 , 0.2)"
2008-02-01,Alcatel,OT-V212,98,"rgba( 0 ,  0 ,  0 , 0.2)"
2008-01-01,Alcatel,OT-S626A,103.5,"rgba( 0 ,  0 ,  0 , 0.2)"
2008-01-01,Alcatel,OT-S521A,103.5,"rgba( 0 ,  0 ,  0 , 0.2)"
2008-02-01,Alcatel,OT-S520,103,"rgba( 0 ,  0 ,  0 , 0.2)"
2008-02-01,Alcatel,OT-S621,103.5,"rgba( 0 ,  0 ,  0 , 0.2)"
2008-02-01,Alcatel,OT-S920,105,"rgba( 0 ,  0 ,  0 , 0.2)"
2008-01-01,Alcatel,OT-S320,90.5,"rgba( 0 ,  0 ,  0 , 0.2)"
2008-02-01,Alcatel,OT-S319,90.5,"rgba( 0 ,  0 ,  0 , 0.2)"
2008-02-01,Alcatel,OT-S218,98,"rgba( 0 ,  0 ,  0 , 0.2)"
2008-01-01,Alcatel,OT-S215A,98,"rgba( 0 ,  0 ,  0 , 0.2)"
2008-01-01,Alcatel,OT-S211,98,"rgba( 0 ,  0 ,  0 , 0.2)"
2008-02-01,Alcatel,OT-S210,98,"rgba( 0 ,  0 ,  0 , 0.2)"
2008-02-01,Alcatel,OT-S120,98,"rgba( 0 ,  0 ,  0 , 0.2)"
2008-02-01,Alcatel,OT-S107,98,"rgba( 0 ,  0 ,  0 , 0.2)"
2007-02-01,Alcatel,ELLE No 3,95,"rgba( 0 ,  0 ,  0 , 0.2)"
2007-02-01,Alcatel,OT-C717,91.7,"rgba( 0 ,  0 ,  0 , 0.2)"
2007-02-01,Alcatel,OT-C707,89,"rgba( 0 ,  0 ,  0 , 0.2)"
2007-02-01,Alcatel,OT-C701,89,"rgba( 0 ,  0 ,  0 , 0.2)"
2007-01-01,Alcatel,OT-C700A,89,"rgba( 0 ,  0 ,  0 , 0.2)"
2007-02-01,Alcatel,OT-C507,100,"rgba( 0 ,  0 ,  0 , 0.2)"
2007-02-01,Alcatel,OT-E227,87,"rgba( 0 ,  0 ,  0 , 0.2)"
2007-02-01,Alcatel,OT-E221,87.5,"rgba( 0 ,  0 ,  0 , 0.2)"
2007-02-01,Alcatel,OT-E101,98,"rgba( 0 ,  0 ,  0 , 0.2)"
2007-02-01,Alcatel,Lollipops,88,"rgba( 0 ,  0 ,  0 , 0.2)"
2007-02-01,Alcatel,OT-E230,84.6,"rgba( 0 ,  0 ,  0 , 0.2)"
2006-01-01,Alcatel,OT-C635,88,"rgba( 0 ,  0 ,  0 , 0.2)"
2006-02-01,Alcatel,OT-C630,88,"rgba( 0 ,  0 ,  0 , 0.2)"
2006-02-01,Alcatel,OT-C550,102.5,"rgba( 0 ,  0 ,  0 , 0.2)"
2006-01-01,Alcatel,OT-E260,87,"rgba( 0 ,  0 ,  0 , 0.2)"
2005-01-01,Alcatel,OT-S853,103,"rgba( 0 ,  0 ,  0 , 0.2)"
2006-02-01,Alcatel,OT-C560,102.5,"rgba( 0 ,  0 ,  0 , 0.2)"
2016-02-01,Alcatel,Pop 4S,152,"rgba( 0 ,  0 ,  0 , 0.2)"
2016-02-01,Alcatel,Pop 4+,151,"rgba( 0 ,  0 ,  0 , 0.2)"
2016-02-01,Alcatel,Pop 4,140.7,"rgba( 0 ,  0 ,  0 , 0.2)"
2016-02-01,Alcatel,Idol 4s,153.9,"rgba( 0 ,  0 ,  0 , 0.2)"
2016-02-01,Alcatel,Idol 4,147,"rgba( 0 ,  0 ,  0 , 0.2)"
2016-01-01,Alcatel,Fierce XL (Windows),151.9,"rgba( 0 ,  0 ,  0 , 0.2)"
2016-01-01,Alcatel,CareTime,40,"rgba( 0 ,  0 ,  0 , 0.2)"
2016-01-01,Alcatel,Pixi 4 (7),189.2,"rgba( 0 ,  0 ,  0 , 0.2)"
2016-01-01,Alcatel,Pixi 4 (6),165,"rgba( 0 ,  0 ,  0 , 0.2)"
2016-01-01,Alcatel,Pixi 4 (4),121.3,"rgba( 0 ,  0 ,  0 , 0.2)"
2016-01-01,Alcatel,Pixi 4 (3.5),116,"rgba( 0 ,  0 ,  0 , 0.2)"
2016-02-01,Alcatel,Pixi 3 (8) LTE,209,"rgba( 0 ,  0 ,  0 , 0.2)"
2015-10-01,Alcatel,Pop 3 (5),141,"rgba( 0 ,  0 ,  0 , 0.2)"
2015-09-01,Alcatel,Watch,41.8,"rgba( 0 ,  0 ,  0 , 0.2)"
2015-09-01,Alcatel,GO Watch,50.5,"rgba( 0 ,  0 ,  0 , 0.2)"
2015-01-01,Alcatel,2007,119,"rgba( 0 ,  0 ,  0 , 0.2)"
2015-09-01,Alcatel,Idol 3C,152.7,"rgba( 0 ,  0 ,  0 , 0.2)"
2015-09-01,Alcatel,Pixi 3 (10),255.5,"rgba( 0 ,  0 ,  0 , 0.2)"
2015-09-01,Alcatel,Pixi First,122.1,"rgba( 0 ,  0 ,  0 , 0.2)"
2015-09-01,Alcatel,Pop Up,143,"rgba( 0 ,  0 ,  0 , 0.2)"
2015-09-01,Alcatel,Pop Star LTE,142.5,"rgba( 0 ,  0 ,  0 , 0.2)"
2015-09-01,Alcatel,Pop Star,141,"rgba( 0 ,  0 ,  0 , 0.2)"
2015-09-01,Alcatel,Go Play,143.3,"rgba( 0 ,  0 ,  0 , 0.2)"
2015-05-01,Alcatel,Flash Plus,152.3,"rgba( 0 ,  0 ,  0 , 0.2)"
2015-04-01,Alcatel,Pop Astro,133.6,"rgba( 0 ,  0 ,  0 , 0.2)"
2014-09-01,Alcatel,Flash,152.1,"rgba( 0 ,  0 ,  0 , 0.2)"
2015-03-01,Alcatel,Idol 3 (5.5),152.7,"rgba( 0 ,  0 ,  0 , 0.2)"
2015-03-01,Alcatel,Idol 3 (4.7),134.6,"rgba( 0 ,  0 ,  0 , 0.2)"
2015-03-01,Alcatel,Orange Klif,112.2,"rgba( 0 ,  0 ,  0 , 0.2)"
2015-03-01,Alcatel,Pixi 3 (8) 3G,209,"rgba( 0 ,  0 ,  0 , 0.2)"
2015-03-01,Alcatel,Pixi 3 (7) LTE,191,"rgba( 0 ,  0 ,  0 , 0.2)"
2015-03-01,Alcatel,Pixi 3 (7) 3G,189,"rgba( 0 ,  0 ,  0 , 0.2)"
2015-03-01,Alcatel,Pixi 3 (7),189,"rgba( 0 ,  0 ,  0 , 0.2)"
2015-01-01,Alcatel,POP 10,245.2,"rgba( 0 ,  0 ,  0 , 0.2)"
2015-01-01,Alcatel,Pixi 3 (5),141,"rgba( 0 ,  0 ,  0 , 0.2)"
2015-12-01,NIU,Andy C5.5E2I,154.5,"rgba( 0 ,  0 ,  0 , 0.2)"
2015-02-01,NIU,Andy 3.5E2I,115.5,"rgba( 0 ,  0 ,  0 , 0.2)"
2015-01-01,NIU,Andy 4E2I,121,"rgba( 0 ,  0 ,  0 , 0.2)"
2014-05-01,NIU,Andy 5EI,142.8,"rgba( 0 ,  0 ,  0 , 0.2)"
2014-07-01,NIU,Andy 5T,144,"rgba( 0 ,  0 ,  0 , 0.2)"
2013-03-01,NIU,C21A,106,"rgba( 0 ,  0 ,  0 , 0.2)"
2012-11-01,NIU,F10,102,"rgba( 0 ,  0 ,  0 , 0.2)"
2013-11-01,NIU,Z10,113.2,"rgba( 0 ,  0 ,  0 , 0.2)"
2015-01-01,NIU,Tek 5D,156.3,"rgba( 0 ,  0 ,  0 , 0.2)"
2014-08-01,NIU,Tek 4D2,123,"rgba( 0 ,  0 ,  0 , 0.2)"
2014-08-01,NIU,Niutek 3.5D2,116,"rgba( 0 ,  0 ,  0 , 0.2)"
2014-05-01,NIU,GO 21,105,"rgba( 0 ,  0 ,  0 , 0.2)"
2013-12-01,NIU,Niutek 4.5D,137.6,"rgba( 0 ,  0 ,  0 , 0.2)"
2013-12-01,NIU,Niutek 4.0D,127,"rgba( 0 ,  0 ,  0 , 0.2)"
2013-12-01,NIU,Niutek 3.5D,118,"rgba( 0 ,  0 ,  0 , 0.2)"
2013-11-01,NIU,GO 20,101,"rgba( 0 ,  0 ,  0 , 0.2)"
2013-03-01,NIU,Niutek 3.5B,113.6,"rgba( 0 ,  0 ,  0 , 0.2)"
2013-03-01,NIU,LIV 10,102,"rgba( 0 ,  0 ,  0 , 0.2)"
2013-03-01,NIU,GO 50,108,"rgba( 0 ,  0 ,  0 , 0.2)"
2012-06-01,NIU,Niutek 3G 3.5 N209,117,"rgba( 0 ,  0 ,  0 , 0.2)"
2012-06-01,NIU,Niutek 3G 4.0 N309,123.5,"rgba( 0 ,  0 ,  0 , 0.2)"
2012-06-01,NIU,Pana 3G TV N206,103.5,"rgba( 0 ,  0 ,  0 , 0.2)"
2012-03-01,NIU,GO 80,113,"rgba( 0 ,  0 ,  0 , 0.2)"
2012-01-01,NIU,Domo N102,123,"rgba( 0 ,  0 ,  0 , 0.2)"
2012-01-01,NIU,Bingo N103,100,"rgba( 0 ,  0 ,  0 , 0.2)"
2012-01-01,NIU,Lotto N104,111.5,"rgba( 0 ,  0 ,  0 , 0.2)"
2012-01-01,NIU,Pana N105,111,"rgba( 0 ,  0 ,  0 , 0.2)"
2012-01-01,NIU,Pana TV N106,111,"rgba( 0 ,  0 ,  0 , 0.2)"
2012-01-01,NIU,NiutekQ N108,107.9,"rgba( 0 ,  0 ,  0 , 0.2)"
2012-01-01,NIU,Niutek N109,107.8,"rgba( 0 ,  0 ,  0 , 0.2)"
2015-05-01,Sharp,Aquos Xx,146,"rgba( 204 ,  0 ,  0 , 0.2)"
2015-05-01,Sharp,Aquos Crystal 2,136,"rgba( 204 ,  0 ,  0 , 0.2)"
2014-08-01,Sharp,Aquos Crystal,131,"rgba( 204 ,  0 ,  0 , 0.2)"
2012-10-01,Sharp,SH530U,146.5,"rgba( 204 ,  0 ,  0 , 0.2)"
2012-01-01,Sharp,SE-02,107,"rgba( 204 ,  0 ,  0 , 0.2)"
2011-09-01,Sharp,Aquos SH80F,127,"rgba( 204 ,  0 ,  0 , 0.2)"
2010-07-01,Sharp,FX,114.3,"rgba( 204 ,  0 ,  0 , 0.2)"
2009-10-01,Sharp,AQUOS  941SH,119,"rgba( 204 ,  0 ,  0 , 0.2)"
2009-12-01,Sharp,940SH,111,"rgba( 204 ,  0 ,  0 , 0.2)"
2009-09-01,Sharp,936SH,108,"rgba( 204 ,  0 ,  0 , 0.2)"
2009-08-01,Sharp,934SH,108,"rgba( 204 ,  0 ,  0 , 0.2)"
2008-10-01,Sharp,930SH,105,"rgba( 204 ,  0 ,  0 , 0.2)"
2008-06-01,Sharp,923SH,113,"rgba( 204 ,  0 ,  0 , 0.2)"
2008-06-01,Sharp,825SH,102.9,"rgba( 204 ,  0 ,  0 , 0.2)"
2008-05-01,Sharp,SX862,110,"rgba( 204 ,  0 ,  0 , 0.2)"
2008-03-01,Sharp,GX18,106,"rgba( 204 ,  0 ,  0 , 0.2)"
2007-09-01,Sharp,880SH,101,"rgba( 204 ,  0 ,  0 , 0.2)"
2007-11-01,Sharp,GX34,93,"rgba( 204 ,  0 ,  0 , 0.2)"
2007-07-01,Sharp,GX33,93,"rgba( 204 ,  0 ,  0 , 0.2)"
2006-05-01,Sharp,705SH,101,"rgba( 204 ,  0 ,  0 , 0.2)"
2006-02-01,Sharp,904,104,"rgba( 204 ,  0 ,  0 , 0.2)"
2006-03-01,Sharp,770SH,101,"rgba( 204 ,  0 ,  0 , 0.2)"
2006-02-01,Sharp,550SH,111,"rgba( 204 ,  0 ,  0 , 0.2)"
2006-02-01,Sharp,GX29,93.8,"rgba( 204 ,  0 ,  0 , 0.2)"
2005-07-01,Sharp,903,109,"rgba( 204 ,  0 ,  0 , 0.2)"
2005-07-01,Sharp,703,99,"rgba( 204 ,  0 ,  0 , 0.2)"
2005-01-01,Sharp,GX17,106,"rgba( 204 ,  0 ,  0 , 0.2)"
2004-07-01,Sharp,902,102,"rgba( 204 ,  0 ,  0 , 0.2)"
2004-07-01,Sharp,802,102,"rgba( 204 ,  0 ,  0 , 0.2)"
2004-10-01,Sharp,TM200,96,"rgba( 204 ,  0 ,  0 , 0.2)"
2004-07-01,Sharp,TM150,93,"rgba( 204 ,  0 ,  0 , 0.2)"
2004-01-01,Sharp,V801SH,102,"rgba( 204 ,  0 ,  0 , 0.2)"
2004-01-01,Sharp,GX30,95,"rgba( 204 ,  0 ,  0 , 0.2)"
2010-01-01,i-mobile,i858,120,"rgba( 148 ,  202 ,  67 , 0.2)"
2010-01-01,i-mobile,8500,112,"rgba( 148 ,  202 ,  67 , 0.2)"
2010-01-01,i-mobile,5230,116,"rgba( 148 ,  202 ,  67 , 0.2)"
2010-01-01,i-mobile,5220,116.5,"rgba( 148 ,  202 ,  67 , 0.2)"
2009-10-01,i-mobile,TV658 Touch&Move,111,"rgba( 148 ,  202 ,  67 , 0.2)"
2009-10-01,i-mobile,Hitz 212,105,"rgba( 148 ,  202 ,  67 , 0.2)"
2009-10-01,i-mobile,Hitz 210,112,"rgba( 148 ,  202 ,  67 , 0.2)"
2009-10-01,i-mobile,TV650 Touch,110,"rgba( 148 ,  202 ,  67 , 0.2)"
2009-10-01,i-mobile,TV550 Touch,108,"rgba( 148 ,  202 ,  67 , 0.2)"
2009-10-01,i-mobile,TV 630,115,"rgba( 148 ,  202 ,  67 , 0.2)"
2009-10-01,i-mobile,TV 628,113,"rgba( 148 ,  202 ,  67 , 0.2)"
2009-07-01,i-mobile,TV 620,114,"rgba( 148 ,  202 ,  67 , 0.2)"
2009-10-01,i-mobile,TV 536,112,"rgba( 148 ,  202 ,  67 , 0.2)"
2009-10-01,i-mobile,638CG,113,"rgba( 148 ,  202 ,  67 , 0.2)"
2009-10-01,i-mobile,Hitz 232CG,109.5,"rgba( 148 ,  202 ,  67 , 0.2)"
2009-01-01,i-mobile,TV 535,108,"rgba( 148 ,  202 ,  67 , 0.2)"
2008-10-01,i-mobile,627,109,"rgba( 148 ,  202 ,  67 , 0.2)"
2009-01-01,i-mobile,TV 533,112.7,"rgba( 148 ,  202 ,  67 , 0.2)"
2008-09-01,i-mobile,TV 530,112,"rgba( 148 ,  202 ,  67 , 0.2)"
2008-10-01,i-mobile,TV 523,110,"rgba( 148 ,  202 ,  67 , 0.2)"
2008-10-01,i-mobile,522,111,"rgba( 148 ,  202 ,  67 , 0.2)"
2008-10-01,i-mobile,320,112,"rgba( 148 ,  202 ,  67 , 0.2)"
2008-09-01,i-mobile,319,96,"rgba( 148 ,  202 ,  67 , 0.2)"
2008-07-01,i-mobile,TV 626,113.9,"rgba( 148 ,  202 ,  67 , 0.2)"
2007-10-01,i-mobile,902,102,"rgba( 148 ,  202 ,  67 , 0.2)"
2008-05-01,i-mobile,625,105,"rgba( 148 ,  202 ,  67 , 0.2)"
2007-05-01,i-mobile,903,106,"rgba( 148 ,  202 ,  67 , 0.2)"
2007-12-01,i-mobile,613,113,"rgba( 148 ,  202 ,  67 , 0.2)"
2007-12-01,i-mobile,520,104,"rgba( 148 ,  202 ,  67 , 0.2)"
2007-12-01,i-mobile,518,105.5,"rgba( 148 ,  202 ,  67 , 0.2)"
2008-03-01,i-mobile,318,107,"rgba( 148 ,  202 ,  67 , 0.2)"
2007-11-01,i-mobile,315,98,"rgba( 148 ,  202 ,  67 , 0.2)"
2008-11-01,i-mobile,202,105,"rgba( 148 ,  202 ,  67 , 0.2)"
2008-05-01,i-mobile,201,106,"rgba( 148 ,  202 ,  67 , 0.2)"
2008-05-01,i-mobile,101,103,"rgba( 148 ,  202 ,  67 , 0.2)"
2014-09-01,Lava,Iris X5,143.5,"rgba( 237 ,  21 ,  86 , 0.2)"
2014-08-01,Lava,Iris Pro 30+,138,"rgba( 237 ,  21 ,  86 , 0.2)"
2014-06-01,Lava,Iris 402e,126,"rgba( 237 ,  21 ,  86 , 0.2)"
2014-06-01,Lava,Iris 350m,118,"rgba( 237 ,  21 ,  86 , 0.2)"
2014-06-01,Lava,3G 412,123,"rgba( 237 ,  21 ,  86 , 0.2)"
2014-05-01,Lava,Iris X1,134,"rgba( 237 ,  21 ,  86 , 0.2)"
2014-05-01,Lava,3G 415,125,"rgba( 237 ,  21 ,  86 , 0.2)"
2014-05-01,Lava,3G 354,118,"rgba( 237 ,  21 ,  86 , 0.2)"
2014-04-01,Lava,Iris 504q+,146.7,"rgba( 237 ,  21 ,  86 , 0.2)"
2014-04-01,Lava,Iris 356,116.9,"rgba( 237 ,  21 ,  86 , 0.2)"
2014-04-01,Lava,Iris 450 Colour,136,"rgba( 237 ,  21 ,  86 , 0.2)"
2014-04-01,Lava,Iris 406Q,124,"rgba( 237 ,  21 ,  86 , 0.2)"
2014-04-01,Lava,Iris 550Q,156,"rgba( 237 ,  21 ,  86 , 0.2)"
2014-04-01,Lava,Iris Pro 20,138,"rgba( 237 ,  21 ,  86 , 0.2)"
2014-01-01,Lava,Iris Pro 30,138,"rgba( 237 ,  21 ,  86 , 0.2)"
2013-06-01,Lava,Iris 401e,124,"rgba( 237 ,  21 ,  86 , 0.2)"
2013-06-01,Lava,Iris 349S,115,"rgba( 237 ,  21 ,  86 , 0.2)"
2013-07-01,Lava,Iris 349+,115,"rgba( 237 ,  21 ,  86 , 0.2)"
2013-12-01,Lava,Iris 404e,125,"rgba( 237 ,  21 ,  86 , 0.2)"
2013-10-01,Lava,Iris 503e,143.2,"rgba( 237 ,  21 ,  86 , 0.2)"
2013-09-01,Lava,Iris 506Q,143,"rgba( 237 ,  21 ,  86 , 0.2)"
2013-08-01,Lava,Iris 505,149.6,"rgba( 237 ,  21 ,  86 , 0.2)"
2013-06-01,Lava,Iris 504q,142.9,"rgba( 237 ,  21 ,  86 , 0.2)"
2013-12-01,Lava,3G 402+,125.5,"rgba( 237 ,  21 ,  86 , 0.2)"
2013-08-01,Lava,3G 402,125.5,"rgba( 237 ,  21 ,  86 , 0.2)"
2013-12-01,Lava,Iris 405+,125,"rgba( 237 ,  21 ,  86 , 0.2)"
2013-10-01,Lava,Iris 503,143.2,"rgba( 237 ,  21 ,  86 , 0.2)"
2016-02-01,Lava,A71,145.5,"rgba( 237 ,  21 ,  86 , 0.2)"
2016-01-01,Lava,P7,143,"rgba( 237 ,  21 ,  86 , 0.2)"
2016-01-01,Lava,V5,151.9,"rgba( 237 ,  21 ,  86 , 0.2)"
2016-01-01,Lava,X3,144,"rgba( 237 ,  21 ,  86 , 0.2)"
2015-12-01,Lava,Iris Atom 3,144,"rgba( 237 ,  21 ,  86 , 0.2)"
2015-12-01,Lava,Iris Atom,125.5,"rgba( 237 ,  21 ,  86 , 0.2)"
2015-11-01,Lava,X10,142,"rgba( 237 ,  21 ,  86 , 0.2)"
2015-11-01,Lava,Iris Atom 2X,134,"rgba( 237 ,  21 ,  86 , 0.2)"
2015-11-01,Lava,Iris Atom X,125.5,"rgba( 237 ,  21 ,  86 , 0.2)"
2015-09-01,Lava,Fuel F1,141,"rgba( 237 ,  21 ,  86 , 0.2)"
2015-09-01,Lava,Flair E2,113,"rgba( 237 ,  21 ,  86 , 0.2)"
2015-09-01,Lava,Pixel V2,141.6,"rgba( 237 ,  21 ,  86 , 0.2)"
2015-07-01,Lava,Pixel V1,152.1,"rgba( 237 ,  21 ,  86 , 0.2)"
2015-04-01,Lava,Icon,143.4,"rgba( 237 ,  21 ,  86 , 0.2)"
2015-01-01,Lava,Iris X1 Grand,144,"rgba( 237 ,  21 ,  86 , 0.2)"
2015-01-01,Lava,Iris X1 mini,123.5,"rgba( 237 ,  21 ,  86 , 0.2)"
2015-01-01,Lava,Iris Alfa,141,"rgba( 237 ,  21 ,  86 , 0.2)"
2015-02-01,Lava,Iris X8,143.4,"rgba( 237 ,  21 ,  86 , 0.2)"
2015-01-01,Lava,Iris 470,134,"rgba( 237 ,  21 ,  86 , 0.2)"
2015-02-01,Lava,Iris 465,134.4,"rgba( 237 ,  21 ,  86 , 0.2)"
2015-01-01,Lava,Iris 401,126,"rgba( 237 ,  21 ,  86 , 0.2)"
2015-01-01,Lava,Iris 350,113.5,"rgba( 237 ,  21 ,  86 , 0.2)"
2015-02-01,Lava,Iris 348,116,"rgba( 237 ,  21 ,  86 , 0.2)"
2015-02-01,Lava,Iris 325 Style,118,"rgba( 237 ,  21 ,  86 , 0.2)"
2014-12-01,Lava,Iris Fuel 60,144.8,"rgba( 237 ,  21 ,  86 , 0.2)"
2014-12-01,Lava,Iris Win1,125,"rgba( 237 ,  21 ,  86 , 0.2)"
2014-08-01,Lava,Iris 250,121.5,"rgba( 237 ,  21 ,  86 , 0.2)"
2014-08-01,Lava,Iris 400s,125,"rgba( 237 ,  21 ,  86 , 0.2)"
2014-08-01,Lava,Iris 352 Flair,117,"rgba( 237 ,  21 ,  86 , 0.2)"
2014-08-01,Lava,Iris 404 Flair,125,"rgba( 237 ,  21 ,  86 , 0.2)"
2014-08-01,Lava,Iris 400Q,129,"rgba( 237 ,  21 ,  86 , 0.2)"
2014-09-01,Lava,Iris 410,124,"rgba( 237 ,  21 ,  86 , 0.2)"
2014-10-01,Lava,Iris Fuel 50,144.8,"rgba( 237 ,  21 ,  86 , 0.2)"
2014-01-01,Orange,Rono,142.3,"rgba( 255 ,  120 ,  0 , 0.2)"
2014-02-01,Orange,Reyo,143,"rgba( 255 ,  120 ,  0 , 0.2)"
2013-07-01,Orange,Hiro,127.1,"rgba( 255 ,  120 ,  0 , 0.2)"
2012-02-01,Orange,San Diego,123,"rgba( 255 ,  120 ,  0 , 0.2)"
2012-01-01,Orange,Tahiti,190,"rgba( 255 ,  120 ,  0 , 0.2)"
2011-01-01,Orange,Monte Carlo,125.9,"rgba( 255 ,  120 ,  0 , 0.2)"
2011-11-01,Orange,San Francisco II,117,"rgba( 255 ,  120 ,  0 , 0.2)"
2011-01-01,Orange,Sydney,102,"rgba( 255 ,  120 ,  0 , 0.2)"
2011-01-01,Orange,Miami,105,"rgba( 255 ,  120 ,  0 , 0.2)"
2011-01-01,Orange,Malibu,106,"rgba( 255 ,  120 ,  0 , 0.2)"
2011-01-01,Orange,Dallas,109,"rgba( 255 ,  120 ,  0 , 0.2)"
2011-04-01,Orange,San Francisco,116,"rgba( 255 ,  120 ,  0 , 0.2)"
2011-04-01,Orange,Stockholm,104,"rgba( 255 ,  120 ,  0 , 0.2)"
2011-04-01,Orange,Atlanta,116,"rgba( 255 ,  120 ,  0 , 0.2)"
2011-04-01,Orange,Rio II,110,"rgba( 255 ,  120 ,  0 , 0.2)"
2011-04-01,Orange,Barcelona,115,"rgba( 255 ,  120 ,  0 , 0.2)"
2011-01-01,Orange,Rio,107,"rgba( 255 ,  120 ,  0 , 0.2)"
2015-01-01,BQ,Aquaris E5s,143.2,"rgba( 84 ,  85 ,  90 , 0.2)"
2015-01-01,BQ,Aquaris X5,144.4,"rgba( 84 ,  85 ,  90 , 0.2)"
2015-01-01,BQ,Aquaris M5,143,"rgba( 84 ,  85 ,  90 , 0.2)"
2015-01-01,BQ,Aquaris M5.5,151.8,"rgba( 84 ,  85 ,  90 , 0.2)"
2015-01-01,BQ,Aquaris M4.5,131.8,"rgba( 84 ,  85 ,  90 , 0.2)"
2015-01-01,BQ, Aquaris M10,246,"rgba( 84 ,  85 ,  90 , 0.2)"
2007-03-01,BenQ-Siemens,SF71,96,"rgba( 53 ,  53 ,  53 , 0.2)"
2007-06-01,BenQ-Siemens,E52,102,"rgba( 53 ,  53 ,  53 , 0.2)"
2007-07-01,BenQ-Siemens,C32,101.6,"rgba( 53 ,  53 ,  53 , 0.2)"
2007-06-01,BenQ-Siemens,C31,99.8,"rgba( 53 ,  53 ,  53 , 0.2)"
2006-08-01,BenQ-Siemens,SL80,92,"rgba( 53 ,  53 ,  53 , 0.2)"
2006-07-01,BenQ-Siemens,SL91,89,"rgba( 53 ,  53 ,  53 , 0.2)"
2006-07-01,BenQ-Siemens,E81,99.8,"rgba( 53 ,  53 ,  53 , 0.2)"
2006-07-01,BenQ-Siemens,E71,104,"rgba( 53 ,  53 ,  53 , 0.2)"
2006-06-01,BenQ-Siemens,M81,105.3,"rgba( 53 ,  53 ,  53 , 0.2)"
2006-05-01,BenQ-Siemens,A38,103.5,"rgba( 53 ,  53 ,  53 , 0.2)"
2006-05-01,BenQ-Siemens,EF71,90,"rgba( 53 ,  53 ,  53 , 0.2)"
2006-03-01,BenQ-Siemens,P51,122,"rgba( 53 ,  53 ,  53 , 0.2)"
2006-02-01,BenQ-Siemens,EL71,90,"rgba( 53 ,  53 ,  53 , 0.2)"
2006-03-01,BenQ-Siemens,CF61,88,"rgba( 53 ,  53 ,  53 , 0.2)"
2006-03-01,BenQ-Siemens,C81,104,"rgba( 53 ,  53 ,  53 , 0.2)"
2006-03-01,BenQ-Siemens,E61,101,"rgba( 53 ,  53 ,  53 , 0.2)"
2006-02-01,BenQ-Siemens,EF91,92,"rgba( 53 ,  53 ,  53 , 0.2)"
2006-02-01,BenQ-Siemens,S81,109,"rgba( 53 ,  53 ,  53 , 0.2)"
2006-02-01,BenQ-Siemens,EF51,89,"rgba( 53 ,  53 ,  53 , 0.2)"
2006-01-01,BenQ-Siemens,EF81,94,"rgba( 53 ,  53 ,  53 , 0.2)"
2006-01-01,BenQ-Siemens,S88,99,"rgba( 53 ,  53 ,  53 , 0.2)"
2006-01-01,BenQ-Siemens,S68,107.5,"rgba( 53 ,  53 ,  53 , 0.2)"
2010-06-01,Pantech,Jest,94,"rgba( 216 ,  237 ,  238 , 0.2)"
2010-03-01,Pantech,Link,115.2,"rgba( 216 ,  237 ,  238 , 0.2)"
2010-06-01,Pantech,Ease,113.8,"rgba( 216 ,  237 ,  238 , 0.2)"
2010-05-01,Pantech,Pursuit,93.2,"rgba( 216 ,  237 ,  238 , 0.2)"
2009-11-01,Pantech,Impact,106,"rgba( 216 ,  237 ,  238 , 0.2)"
2009-10-01,Pantech,C790 Reveal,99,"rgba( 216 ,  237 ,  238 , 0.2)"
2009-02-01,Pantech,Matrix Pro,105.9,"rgba( 216 ,  237 ,  238 , 0.2)"
2008-10-01,Pantech,Slate,107,"rgba( 216 ,  237 ,  238 , 0.2)"
2007-10-01,Pantech,Duo,102,"rgba( 216 ,  237 ,  238 , 0.2)"
2006-11-01,Pantech,U-4000,95,"rgba( 216 ,  237 ,  238 , 0.2)"
2006-06-01,Pantech,PU-5000,95.7,"rgba( 216 ,  237 ,  238 , 0.2)"
2006-06-01,Pantech,PG-1600,89.8,"rgba( 216 ,  237 ,  238 , 0.2)"
2006-06-01,Pantech,PG-1800,95.5,"rgba( 216 ,  237 ,  238 , 0.2)"
2006-04-01,Pantech,PG-3900,90,"rgba( 216 ,  237 ,  238 , 0.2)"
2006-05-01,Pantech,PG-1900,103,"rgba( 216 ,  237 ,  238 , 0.2)"
2006-05-01,Pantech,PG-2800,90,"rgba( 216 ,  237 ,  238 , 0.2)"
2005-10-01,Pantech,PG-8000,99.8,"rgba( 216 ,  237 ,  238 , 0.2)"
2006-02-01,Pantech,PG-6200,87,"rgba( 216 ,  237 ,  238 , 0.2)"
2004-04-01,Pantech,GB300,99,"rgba( 216 ,  237 ,  238 , 0.2)"
2013-11-01,Pantech,Breeze IV,106.4,"rgba( 216 ,  237 ,  238 , 0.2)"
2013-01-01,Pantech,Vega No 6,158.6,"rgba( 216 ,  237 ,  238 , 0.2)"
2013-01-01,Pantech,Discover,134.2,"rgba( 216 ,  237 ,  238 , 0.2)"
2012-10-01,Pantech,Vega R3 IM-A850L,144.7,"rgba( 216 ,  237 ,  238 , 0.2)"
2012-09-01,Pantech,Flex  P8010,129.8,"rgba( 216 ,  237 ,  238 , 0.2)"
2012-07-01,Pantech,Renue,99,"rgba( 216 ,  237 ,  238 , 0.2)"
2012-07-01,Pantech,Marauder,129,"rgba( 216 ,  237 ,  238 , 0.2)"
2012-05-01,Pantech,Vega Racer 2 IM-A830L,132.4,"rgba( 216 ,  237 ,  238 , 0.2)"
2012-01-01,Pantech,Vega LTE EX IM-A820L,134.5,"rgba( 216 ,  237 ,  238 , 0.2)"
2012-01-01,Pantech,Burst,126.5,"rgba( 216 ,  237 ,  238 , 0.2)"
2012-01-01,Pantech,Element,212.3,"rgba( 216 ,  237 ,  238 , 0.2)"
2011-10-01,Pantech,Hotshot,119,"rgba( 216 ,  237 ,  238 , 0.2)"
2011-10-01,Pantech,Link II,114,"rgba( 216 ,  237 ,  238 , 0.2)"
2011-10-01,Pantech,Pocket P9060,114.7,"rgba( 216 ,  237 ,  238 , 0.2)"
2011-10-01,Pantech,Jest II,94,"rgba( 216 ,  237 ,  238 , 0.2)"
2011-07-01,Pantech,Pursuit II,101,"rgba( 216 ,  237 ,  238 , 0.2)"
2011-07-01,Pantech,Breakout,127,"rgba( 216 ,  237 ,  238 , 0.2)"
2011-07-01,Pantech,Breeze III,99,"rgba( 216 ,  237 ,  238 , 0.2)"
2010-12-01,Pantech,Vega Xpress IM-A720L,122.5,"rgba( 216 ,  237 ,  238 , 0.2)"
2010-11-01,Pantech,S902,105.2,"rgba( 216 ,  237 ,  238 , 0.2)"
2010-10-01,Pantech,Crux,109,"rgba( 216 ,  237 ,  238 , 0.2)"
2010-10-01,Pantech,Laser P9050,113.8,"rgba( 216 ,  237 ,  238 , 0.2)"
2010-08-01,Pantech,P4000,110,"rgba( 216 ,  237 ,  238 , 0.2)"
2010-08-01,Pantech,P1000,97,"rgba( 216 ,  237 ,  238 , 0.2)"
2010-07-01,Pantech,SKY Izar IM-A630K,114.4,"rgba( 216 ,  237 ,  238 , 0.2)"
2013-02-01,Plum,Glow,112,"rgba( 236 ,  180 ,  178 , 0.2)"
2013-02-01,Plum,Panther,80.9,"rgba( 236 ,  180 ,  178 , 0.2)"
2013-02-01,Plum,Caliber II,116,"rgba( 236 ,  180 ,  178 , 0.2)"
2012-09-01,Plum,Signal,92,"rgba( 236 ,  180 ,  178 , 0.2)"
2012-11-01,Plum,Hammer,116,"rgba( 236 ,  180 ,  178 , 0.2)"
2012-09-01,Plum,Flipper,92,"rgba( 236 ,  180 ,  178 , 0.2)"
2012-05-01,Plum,Debut,200,"rgba( 236 ,  180 ,  178 , 0.2)"
2012-08-01,Plum,Link,193,"rgba( 236 ,  180 ,  178 , 0.2)"
2012-05-01,Plum,Might,147,"rgba( 236 ,  180 ,  178 , 0.2)"
2012-05-01,Plum,Axe,122,"rgba( 236 ,  180 ,  178 , 0.2)"
2012-05-01,Plum,Capacity,118,"rgba( 236 ,  180 ,  178 , 0.2)"
2012-02-01,Plum,Wicked,110,"rgba( 236 ,  180 ,  178 , 0.2)"
2012-05-01,Plum,Flix,108,"rgba( 236 ,  180 ,  178 , 0.2)"
2012-05-01,Plum,Orbit,104,"rgba( 236 ,  180 ,  178 , 0.2)"
2011-09-01,Plum,Velocity,113.5,"rgba( 236 ,  180 ,  178 , 0.2)"
2011-09-01,Plum,Caliber,107,"rgba( 236 ,  180 ,  178 , 0.2)"
2012-02-01,Plum,Switch,106.1,"rgba( 236 ,  180 ,  178 , 0.2)"
2011-09-01,Plum,Galactic,118,"rgba( 236 ,  180 ,  178 , 0.2)"
2011-09-01,Plum,Tracer II,118,"rgba( 236 ,  180 ,  178 , 0.2)"
2011-08-01,Plum,Tingle,113.7,"rgba( 236 ,  180 ,  178 , 0.2)"
2012-08-01,Plum,Geo,106.9,"rgba( 236 ,  180 ,  178 , 0.2)"
2011-07-01,Plum,Genius,110,"rgba( 236 ,  180 ,  178 , 0.2)"
2011-01-01,Plum,Blast,112.2,"rgba( 236 ,  180 ,  178 , 0.2)"
2011-09-01,Plum,Whiz,111.4,"rgba( 236 ,  180 ,  178 , 0.2)"
2011-05-01,Plum,Stubby,103,"rgba( 236 ,  180 ,  178 , 0.2)"
2011-10-01,Plum,Stubby II,100.6,"rgba( 236 ,  180 ,  178 , 0.2)"
2011-05-01,Plum,Strike,112,"rgba( 236 ,  180 ,  178 , 0.2)"
2011-11-01,Plum,Profile,94.2,"rgba( 236 ,  180 ,  178 , 0.2)"
2011-06-01,Plum,Inspire,113.5,"rgba( 236 ,  180 ,  178 , 0.2)"
2011-04-01,Plum,Spare,102,"rgba( 236 ,  180 ,  178 , 0.2)"
2011-04-01,Plum,Boom,100.2,"rgba( 236 ,  180 ,  178 , 0.2)"
2011-05-01,Plum,Snap,107.5,"rgba( 236 ,  180 ,  178 , 0.2)"
2012-02-01,Plum,Buzz,109.4,"rgba( 236 ,  180 ,  178 , 0.2)"
2012-08-01,Plum,Tweek,104,"rgba( 236 ,  180 ,  178 , 0.2)"
2011-08-01,Plum,Kazzom,102,"rgba( 236 ,  180 ,  178 , 0.2)"
2011-09-01,Plum,Trip,104,"rgba( 236 ,  180 ,  178 , 0.2)"
2011-06-01,Plum,Trion,107.6,"rgba( 236 ,  180 ,  178 , 0.2)"
2012-08-01,Plum,Bubby,104,"rgba( 236 ,  180 ,  178 , 0.2)"
2015-09-01,Plum,Axe LTE,128.8,"rgba( 236 ,  180 ,  178 , 0.2)"
2015-11-01,Plum,Check LTE,130.8,"rgba( 236 ,  180 ,  178 , 0.2)"
2015-11-01,Plum,Boot 2,89,"rgba( 236 ,  180 ,  178 , 0.2)"
2015-06-01,Plum,Ram 3G,125.6,"rgba( 236 ,  180 ,  178 , 0.2)"
2015-06-01,Plum,Sync 4.0b,124.5,"rgba( 236 ,  180 ,  178 , 0.2)"
2015-06-01,Plum,Gator Plus II,121,"rgba( 236 ,  180 ,  178 , 0.2)"
2015-06-01,Plum,Ram Plus,127.8,"rgba( 236 ,  180 ,  178 , 0.2)"
2014-12-01,Plum,Coach Pro,157.8,"rgba( 236 ,  180 ,  178 , 0.2)"
2015-01-01,Plum,Trigger Plus III,117.8,"rgba( 236 ,  180 ,  178 , 0.2)"
2014-09-01,Plum,Might LTE,143.3,"rgba( 236 ,  180 ,  178 , 0.2)"
2014-05-01,Plum,Sync 5.0,145.6,"rgba( 236 ,  180 ,  178 , 0.2)"
2014-05-01,Plum,Sync 4.0,120.4,"rgba( 236 ,  180 ,  178 , 0.2)"
2014-08-01,Plum,Sync 3.5,118.4,"rgba( 236 ,  180 ,  178 , 0.2)"
2014-05-01,Plum,Might Pro,143.4,"rgba( 236 ,  180 ,  178 , 0.2)"
2014-05-01,Plum,Coach Plus II,157.8,"rgba( 236 ,  180 ,  178 , 0.2)"
2014-05-01,Plum,Link Plus,190.4,"rgba( 236 ,  180 ,  178 , 0.2)"
2014-05-01,Plum,Trigger Plus,118,"rgba( 236 ,  180 ,  178 , 0.2)"
2014-05-01,Plum,Trigger Pro,114.8,"rgba( 236 ,  180 ,  178 , 0.2)"
2014-05-01,Plum,Gator,131.8,"rgba( 236 ,  180 ,  178 , 0.2)"
2014-05-01,Plum,Z708,191,"rgba( 236 ,  180 ,  178 , 0.2)"
2014-05-01,Plum,Coach Plus,168,"rgba( 236 ,  180 ,  178 , 0.2)"
2014-05-01,Plum,Pilot Plus,147.5,"rgba( 236 ,  180 ,  178 , 0.2)"
2014-05-01,Plum,Might Plus,145,"rgba( 236 ,  180 ,  178 , 0.2)"
2014-05-01,Plum,Check Plus,130,"rgba( 236 ,  180 ,  178 , 0.2)"
2014-05-01,Plum,Axe Plus,129,"rgba( 236 ,  180 ,  178 , 0.2)"
2014-05-01,Plum,Boot,90,"rgba( 236 ,  180 ,  178 , 0.2)"
2014-05-01,Plum,Slick,111,"rgba( 236 ,  180 ,  178 , 0.2)"
2013-01-01,Plum,Trigger Z104,117,"rgba( 236 ,  180 ,  178 , 0.2)"
2013-09-01,Plum,Bar 3G,108.5,"rgba( 236 ,  180 ,  178 , 0.2)"
2013-09-01,Plum,Velocity II,110.5,"rgba( 236 ,  180 ,  178 , 0.2)"
2013-09-01,Plum,Sync,118,"rgba( 236 ,  180 ,  178 , 0.2)"
2013-10-01,Plum,Axe II,125.5,"rgba( 236 ,  180 ,  178 , 0.2)"
2013-05-01,Plum,Ten 3G,246,"rgba( 236 ,  180 ,  178 , 0.2)"
2013-01-01,Plum,Link II,188.1,"rgba( 236 ,  180 ,  178 , 0.2)"
2013-05-01,Plum,Volt 3G,141,"rgba( 236 ,  180 ,  178 , 0.2)"
2013-05-01,Plum,Mouse,113,"rgba( 236 ,  180 ,  178 , 0.2)"
2013-05-01,Plum,Dazzle,109.2,"rgba( 236 ,  180 ,  178 , 0.2)"
2013-05-01,Plum,Ram,119,"rgba( 236 ,  180 ,  178 , 0.2)"
2013-02-01,Plum,Z710,195,"rgba( 236 ,  180 ,  178 , 0.2)"
2013-02-01,Plum,Trigger,117,"rgba( 236 ,  180 ,  178 , 0.2)"
2009-01-01,T-Mobile,MDA Basic,105,"rgba( 244 ,  46 ,  152 , 0.2)"
2008-09-01,T-Mobile,G1,117,"rgba( 244 ,  46 ,  152 , 0.2)"
2008-06-01,T-Mobile,MDA Vario IV,102,"rgba( 244 ,  46 ,  152 , 0.2)"
2008-01-01,T-Mobile,MDA Compact IV,110,"rgba( 244 ,  46 ,  152 , 0.2)"
2008-07-01,T-Mobile,Sidekick,119,"rgba( 244 ,  46 ,  152 , 0.2)"
2007-09-01,T-Mobile,Sidekick Slide,119.4,"rgba( 244 ,  46 ,  152 , 0.2)"
2007-09-01,T-Mobile,Sidekick LX,129.5,"rgba( 244 ,  46 ,  152 , 0.2)"
2006-06-01,T-Mobile,Sidekick 3,130,"rgba( 244 ,  46 ,  152 , 0.2)"
2006-11-01,T-Mobile,Wing,109,"rgba( 244 ,  46 ,  152 , 0.2)"
2006-09-01,T-Mobile,Dash,111.5,"rgba( 244 ,  46 ,  152 , 0.2)"
2013-06-01,T-Mobile,Prism II,117,"rgba( 244 ,  46 ,  152 , 0.2)"
2012-08-01,T-Mobile,Concord,117,"rgba( 244 ,  46 ,  152 , 0.2)"
2012-08-01,T-Mobile,myTouch Q 2,124.8,"rgba( 244 ,  46 ,  152 , 0.2)"
2012-08-01,T-Mobile,myTouch 2,114,"rgba( 244 ,  46 ,  152 , 0.2)"
2012-05-01,T-Mobile,Prism,116.3,"rgba( 244 ,  46 ,  152 , 0.2)"
2011-12-01,T-Mobile,Move Balance,118.5,"rgba( 244 ,  46 ,  152 , 0.2)"
2011-10-01,T-Mobile,Arizona,104,"rgba( 244 ,  46 ,  152 , 0.2)"
2011-06-01,T-Mobile,myTouch 4G Slide,122,"rgba( 244 ,  46 ,  152 , 0.2)"
2011-11-01,T-Mobile,Vivacity,115,"rgba( 244 ,  46 ,  152 , 0.2)"
2011-01-01,T-Mobile,Energy,116.5,"rgba( 244 ,  46 ,  152 , 0.2)"
2011-10-01,T-Mobile,SpringBoard,190,"rgba( 244 ,  46 ,  152 , 0.2)"
2011-10-01,T-Mobile,myTouch Q,121,"rgba( 244 ,  46 ,  152 , 0.2)"
2011-10-01,T-Mobile,myTouch,122,"rgba( 244 ,  46 ,  152 , 0.2)"
2011-02-01,T-Mobile,G-Slate,243.8,"rgba( 244 ,  46 ,  152 , 0.2)"
2011-03-01,T-Mobile,G2x,124.5,"rgba( 244 ,  46 ,  152 , 0.2)"
2011-04-01,T-Mobile,Move,110,"rgba( 244 ,  46 ,  152 , 0.2)"
2011-03-01,T-Mobile,Sidekick 4G,127,"rgba( 244 ,  46 ,  152 , 0.2)"
2011-01-01,T-Mobile,Vairy Text II,118.5,"rgba( 244 ,  46 ,  152 , 0.2)"
2010-11-01,T-Mobile,Vibe E200,109,"rgba( 244 ,  46 ,  152 , 0.2)"
2010-11-01,T-Mobile,Comet,104.1,"rgba( 244 ,  46 ,  152 , 0.2)"
2010-10-01,T-Mobile,myTouch 4G,121.9,"rgba( 244 ,  46 ,  152 , 0.2)"
2010-09-01,T-Mobile,G2,119.4,"rgba( 244 ,  46 ,  152 , 0.2)"
2010-04-01,T-Mobile,myTouch 3G Slide,114,"rgba( 244 ,  46 ,  152 , 0.2)"
2010-02-01,T-Mobile,Garminfone,116,"rgba( 244 ,  46 ,  152 , 0.2)"
2010-02-01,T-Mobile,Pulse Mini,106,"rgba( 244 ,  46 ,  152 , 0.2)"
2009-10-01,T-Mobile,myTouch 3G Fender Edition,113,"rgba( 244 ,  46 ,  152 , 0.2)"
2010-01-01,T-Mobile,HD2,122,"rgba( 244 ,  46 ,  152 , 0.2)"
2009-10-01,T-Mobile,Tap,106.7,"rgba( 244 ,  46 ,  152 , 0.2)"
2009-08-01,T-Mobile,Pulse,116,"rgba( 244 ,  46 ,  152 , 0.2)"
2009-09-01,T-Mobile,Vairy Text,111,"rgba( 244 ,  46 ,  152 , 0.2)"
2010-02-01,T-Mobile,Vairy Touch II,102,"rgba( 244 ,  46 ,  152 , 0.2)"
2009-07-01,T-Mobile,G2 Touch,112,"rgba( 244 ,  46 ,  152 , 0.2)"
2009-03-01,T-Mobile,Dash 3G,116.5,"rgba( 244 ,  46 ,  152 , 0.2)"
2011-01-01,T-Mobile,myTouch 3G 1.2,113,"rgba( 244 ,  46 ,  152 , 0.2)"
2009-06-01,T-Mobile,myTouch 3G,113,"rgba( 244 ,  46 ,  152 , 0.2)"
2009-02-01,T-Mobile,MDA Vario V,116,"rgba( 244 ,  46 ,  152 , 0.2)"
2009-02-01,T-Mobile,MDA Compact V,107.9,"rgba( 244 ,  46 ,  152 , 0.2)"
2009-04-01,T-Mobile,Sidekick LX 2009,132,"rgba( 244 ,  46 ,  152 , 0.2)"
2009-03-01,T-Mobile,Vairy Touch,93,"rgba( 244 ,  46 ,  152 , 0.2)"
2014-02-01,Yota,YotaPhone 2,144.9,"rgba( 205 ,  209 ,  212 , 0.2)"
2012-12-01,Yota,YotaPhone,133.6,"rgba( 205 ,  209 ,  212 , 0.2)"
2014-05-01,Toshiba,Excite Go,199,"rgba( 255 ,  0 ,  0 , 0.2)"
2014-02-01,Toshiba,Excite 7c AT7-B8,199,"rgba( 255 ,  0 ,  0 , 0.2)"
2013-06-01,Toshiba,Excite Pro,261.6,"rgba( 255 ,  0 ,  0 , 0.2)"
2013-06-01,Toshiba,Excite Write,261.6,"rgba( 255 ,  0 ,  0 , 0.2)"
2013-06-01,Toshiba,Excite Pure,261.6,"rgba( 255 ,  0 ,  0 , 0.2)"
2012-12-01,Toshiba,Excite 10 SE,261.6,"rgba( 255 ,  0 ,  0 , 0.2)"
2012-04-01,Toshiba,Excite 13 AT335,343.8,"rgba( 255 ,  0 ,  0 , 0.2)"
2012-04-01,Toshiba,Excite 10 AT305,262,"rgba( 255 ,  0 ,  0 , 0.2)"
2012-04-01,Toshiba,Excite 7.7 AT275,204.5,"rgba( 255 ,  0 ,  0 , 0.2)"
2011-09-01,Toshiba,Excite AT200,256,"rgba( 255 ,  0 ,  0 , 0.2)"
2011-09-01,Toshiba,Thrive 7,189,"rgba( 255 ,  0 ,  0 , 0.2)"
2011-07-01,Toshiba,Windows Phone IS12T,118,"rgba( 255 ,  0 ,  0 , 0.2)"
2010-06-01,Toshiba,Thrive,273,"rgba( 255 ,  0 ,  0 , 0.2)"
2010-02-01,Toshiba,K01,122,"rgba( 255 ,  0 ,  0 , 0.2)"
2010-02-01,Toshiba,TG02,126,"rgba( 255 ,  0 ,  0 , 0.2)"
2009-01-01,Toshiba,TG01,130,"rgba( 255 ,  0 ,  0 , 0.2)"
2008-02-01,Toshiba,G810,110,"rgba( 255 ,  0 ,  0 , 0.2)"
2008-01-01,Toshiba,G910 / G920,117,"rgba( 255 ,  0 ,  0 , 0.2)"
2008-01-01,Toshiba,G710,115,"rgba( 255 ,  0 ,  0 , 0.2)"
2007-02-01,Toshiba,G900,119,"rgba( 255 ,  0 ,  0 , 0.2)"
2007-02-01,Toshiba,G500,96,"rgba( 255 ,  0 ,  0 , 0.2)"
2006-12-01,Toshiba,TS605,113,"rgba( 255 ,  0 ,  0 , 0.2)"
2006-12-01,Toshiba,TX80,97,"rgba( 255 ,  0 ,  0 , 0.2)"
2006-12-01,Toshiba,TS32,113,"rgba( 255 ,  0 ,  0 , 0.2)"
2006-09-01,Toshiba,TS705,105,"rgba( 255 ,  0 ,  0 , 0.2)"
2006-06-01,Toshiba,TS608,110,"rgba( 255 ,  0 ,  0 , 0.2)"
2006-06-01,Toshiba,TX62,98,"rgba( 255 ,  0 ,  0 , 0.2)"
2006-03-01,Toshiba,904T,112,"rgba( 255 ,  0 ,  0 , 0.2)"
2005-09-01,Toshiba,903T,111,"rgba( 255 ,  0 ,  0 , 0.2)"
2006-05-01,Toshiba,705T,98,"rgba( 255 ,  0 ,  0 , 0.2)"
2005-07-01,Toshiba,TS921,111,"rgba( 255 ,  0 ,  0 , 0.2)"
2005-07-01,Toshiba,TS808,98,"rgba( 255 ,  0 ,  0 , 0.2)"
2005-07-01,Toshiba,TS803,100,"rgba( 255 ,  0 ,  0 , 0.2)"
2009-01-01,Sony Ericsson,C510,107,"rgba( 67 ,  112 ,  86 , 0.2)"
2009-01-01,Sony Ericsson,W508,93.5,"rgba( 67 ,  112 ,  86 , 0.2)"
2009-01-01,Sony Ericsson,W715,95,"rgba( 67 ,  112 ,  86 , 0.2)"
2008-10-01,Sony Ericsson,W705,95,"rgba( 67 ,  112 ,  86 , 0.2)"
2008-09-01,Sony Ericsson,G705,95,"rgba( 67 ,  112 ,  86 , 0.2)"
2008-08-01,Sony Ericsson,TM506,95,"rgba( 67 ,  112 ,  86 , 0.2)"
2008-08-01,Sony Ericsson,T700,104,"rgba( 67 ,  112 ,  86 , 0.2)"
2008-07-01,Sony Ericsson,W902,110,"rgba( 67 ,  112 ,  86 , 0.2)"
2008-07-01,Sony Ericsson,W595,100,"rgba( 67 ,  112 ,  86 , 0.2)"
2008-07-01,Sony Ericsson,W595s,100,"rgba( 67 ,  112 ,  86 , 0.2)"
2008-07-01,Sony Ericsson,W302,100,"rgba( 67 ,  112 ,  86 , 0.2)"
2008-06-01,Sony Ericsson,C905,104,"rgba( 67 ,  112 ,  86 , 0.2)"
2008-06-01,Sony Ericsson,S302,101,"rgba( 67 ,  112 ,  86 , 0.2)"
2008-06-01,Sony Ericsson,F305,96,"rgba( 67 ,  112 ,  86 , 0.2)"
2008-06-01,Sony Ericsson,J132,103,"rgba( 67 ,  112 ,  86 , 0.2)"
2008-06-01,Sony Ericsson,K330,100,"rgba( 67 ,  112 ,  86 , 0.2)"
2008-04-01,Sony Ericsson,G502,103,"rgba( 67 ,  112 ,  86 , 0.2)"
2008-04-01,Sony Ericsson,Z780,92,"rgba( 67 ,  112 ,  86 , 0.2)"
2008-03-01,Sony Ericsson,T303,83,"rgba( 67 ,  112 ,  86 , 0.2)"
2008-02-01,Sony Ericsson,Xperia X1,110.5,"rgba( 67 ,  112 ,  86 , 0.2)"
2008-02-01,Sony Ericsson,G900,106,"rgba( 67 ,  112 ,  86 , 0.2)"
2008-02-01,Sony Ericsson,G700,106,"rgba( 67 ,  112 ,  86 , 0.2)"
2008-06-01,Sony Ericsson,G700 Business Edition,106,"rgba( 67 ,  112 ,  86 , 0.2)"
2008-02-01,Sony Ericsson,W980,92,"rgba( 67 ,  112 ,  86 , 0.2)"
2008-02-01,Sony Ericsson,C902,108,"rgba( 67 ,  112 ,  86 , 0.2)"
2008-02-01,Sony Ericsson,C702,106,"rgba( 67 ,  112 ,  86 , 0.2)"
2008-02-01,Sony Ericsson,Z770,93,"rgba( 67 ,  112 ,  86 , 0.2)"
2008-01-01,Sony Ericsson,T280,100,"rgba( 67 ,  112 ,  86 , 0.2)"
2008-01-01,Sony Ericsson,T270,100,"rgba( 67 ,  112 ,  86 , 0.2)"
2008-01-01,Sony Ericsson,R306 Radio,90,"rgba( 67 ,  112 ,  86 , 0.2)"
2008-01-01,Sony Ericsson,R300 Radio,101,"rgba( 67 ,  112 ,  86 , 0.2)"
2008-01-01,Sony Ericsson,W760,103,"rgba( 67 ,  112 ,  86 , 0.2)"
2008-01-01,Sony Ericsson,Z555,95,"rgba( 67 ,  112 ,  86 , 0.2)"
2008-01-01,Sony Ericsson,W350,104,"rgba( 67 ,  112 ,  86 , 0.2)"
2007-11-01,Sony Ericsson,W890,104,"rgba( 67 ,  112 ,  86 , 0.2)"
2007-11-01,Sony Ericsson,K660,104,"rgba( 67 ,  112 ,  86 , 0.2)"
2007-11-01,Sony Ericsson,W380,92,"rgba( 67 ,  112 ,  86 , 0.2)"
2007-10-01,Sony Ericsson,K630,103,"rgba( 67 ,  112 ,  86 , 0.2)"
2007-08-01,Sony Ericsson,K770,105,"rgba( 67 ,  112 ,  86 , 0.2)"
2007-06-01,Sony Ericsson,K850,102,"rgba( 67 ,  112 ,  86 , 0.2)"
2007-06-01,Sony Ericsson,W960,109,"rgba( 67 ,  112 ,  86 , 0.2)"
2007-06-01,Sony Ericsson,W910,99,"rgba( 67 ,  112 ,  86 , 0.2)"
2007-06-01,Sony Ericsson,K530,102,"rgba( 67 ,  112 ,  86 , 0.2)"
2007-09-01,Sony Ericsson,V640,103,"rgba( 67 ,  112 ,  86 , 0.2)"
2007-06-01,Sony Ericsson,Z320,87,"rgba( 67 ,  112 ,  86 , 0.2)"
2007-06-01,Sony Ericsson,Z250,85,"rgba( 67 ,  112 ,  86 , 0.2)"
2007-05-01,Sony Ericsson,P1,106,"rgba( 67 ,  112 ,  86 , 0.2)"
2007-05-01,Sony Ericsson,T650,104,"rgba( 67 ,  112 ,  86 , 0.2)"
2007-05-01,Sony Ericsson,S500,99,"rgba( 67 ,  112 ,  86 , 0.2)"
2007-05-01,Sony Ericsson,T250,100,"rgba( 67 ,  112 ,  86 , 0.2)"
2007-03-01,Sony Ericsson,Z750,97.4,"rgba( 67 ,  112 ,  86 , 0.2)"
2007-03-01,Sony Ericsson,W580,99,"rgba( 67 ,  112 ,  86 , 0.2)"
2007-03-01,Sony Ericsson,W660,102,"rgba( 67 ,  112 ,  86 , 0.2)"
2007-02-01,Sony Ericsson,W880,103,"rgba( 67 ,  112 ,  86 , 0.2)"
2007-02-01,Sony Ericsson,K810,106,"rgba( 67 ,  112 ,  86 , 0.2)"
2007-02-01,Sony Ericsson,W610,102,"rgba( 67 ,  112 ,  86 , 0.2)"
2007-02-01,Sony Ericsson,K550,102,"rgba( 67 ,  112 ,  86 , 0.2)"
2007-02-01,Sony Ericsson,K220,103,"rgba( 67 ,  112 ,  86 , 0.2)"
2007-12-01,Sony Ericsson,K205,103,"rgba( 67 ,  112 ,  86 , 0.2)"
2007-02-01,Sony Ericsson,K200,103,"rgba( 67 ,  112 ,  86 , 0.2)"
2007-02-01,Sony Ericsson,J120,99,"rgba( 67 ,  112 ,  86 , 0.2)"
2007-02-01,Sony Ericsson,J110,99,"rgba( 67 ,  112 ,  86 , 0.2)"
2007-02-01,Sony Ericsson,K550im,102,"rgba( 67 ,  112 ,  86 , 0.2)"
2007-02-01,Sony Ericsson,W888,103,"rgba( 67 ,  112 ,  86 , 0.2)"
2007-01-01,Sony Ericsson,W200,101,"rgba( 67 ,  112 ,  86 , 0.2)"
2006-09-01,Sony Ericsson,W830,98,"rgba( 67 ,  112 ,  86 , 0.2)"
2006-09-01,Sony Ericsson,K320,101,"rgba( 67 ,  112 ,  86 , 0.2)"
2006-09-01,Sony Ericsson,Z558,87.5,"rgba( 67 ,  112 ,  86 , 0.2)"
2006-08-01,Sony Ericsson,K618,102,"rgba( 67 ,  112 ,  86 , 0.2)"
2006-05-01,Sony Ericsson,W850,98,"rgba( 67 ,  112 ,  86 , 0.2)"
2006-05-01,Sony Ericsson,W710,88,"rgba( 67 ,  112 ,  86 , 0.2)"
2006-05-01,Sony Ericsson,Z710,88,"rgba( 67 ,  112 ,  86 , 0.2)"
2006-05-01,Sony Ericsson,Z550,87.5,"rgba( 67 ,  112 ,  86 , 0.2)"
2006-04-01,Sony Ericsson,W700,100,"rgba( 67 ,  112 ,  86 , 0.2)"
2006-04-01,Sony Ericsson,Z525,83,"rgba( 67 ,  112 ,  86 , 0.2)"
2006-02-01,Sony Ericsson,K800,105,"rgba( 67 ,  112 ,  86 , 0.2)"
2006-02-01,Sony Ericsson,K790,105,"rgba( 67 ,  112 ,  86 , 0.2)"
2006-05-01,Sony Ericsson,V630,102,"rgba( 67 ,  112 ,  86 , 0.2)"
2006-02-01,Sony Ericsson,W300,90,"rgba( 67 ,  112 ,  86 , 0.2)"
2006-02-01,Sony Ericsson,Z530,90,"rgba( 67 ,  112 ,  86 , 0.2)"
2005-10-01,Sony Ericsson,P990,114,"rgba( 67 ,  112 ,  86 , 0.2)"
2006-02-01,Sony Ericsson,K510,101,"rgba( 67 ,  112 ,  86 , 0.2)"
2006-02-01,Sony Ericsson,K310,101,"rgba( 67 ,  112 ,  86 , 0.2)"
2006-02-01,Sony Ericsson,W950,106,"rgba( 67 ,  112 ,  86 , 0.2)"
2006-02-01,Sony Ericsson,M600,105,"rgba( 67 ,  112 ,  86 , 0.2)"
2006-05-01,Sony Ericsson,M608,107,"rgba( 67 ,  112 ,  86 , 0.2)"
2006-02-01,Sony Ericsson,K610,102,"rgba( 67 ,  112 ,  86 , 0.2)"
2006-02-01,Sony Ericsson,J100,100,"rgba( 67 ,  112 ,  86 , 0.2)"
2006-01-01,Sony Ericsson,W810,100,"rgba( 67 ,  112 ,  86 , 0.2)"
2005-10-01,Sony Ericsson,W900,109,"rgba( 67 ,  112 ,  86 , 0.2)"
2005-11-01,Sony Ericsson,J230,102,"rgba( 67 ,  112 ,  86 , 0.2)"
2005-11-01,Sony Ericsson,J220,102,"rgba( 67 ,  112 ,  86 , 0.2)"
2005-07-01,Sony Ericsson,W550,93,"rgba( 67 ,  112 ,  86 , 0.2)"
2005-06-01,Sony Ericsson,W600,93,"rgba( 67 ,  112 ,  86 , 0.2)"
2005-06-01,Sony Ericsson,Z520,93,"rgba( 67 ,  112 ,  86 , 0.2)"
2005-06-01,Sony Ericsson,J210,101,"rgba( 67 ,  112 ,  86 , 0.2)"
2005-06-01,Sony Ericsson,K608,105,"rgba( 67 ,  112 ,  86 , 0.2)"
2005-01-01,Sony Ericsson,W800,100,"rgba( 67 ,  112 ,  86 , 0.2)"
2005-01-01,Sony Ericsson,K750,100,"rgba( 67 ,  112 ,  86 , 0.2)"
2005-01-01,Sony Ericsson,D750,100,"rgba( 67 ,  112 ,  86 , 0.2)"
2005-01-01,Sony Ericsson,J300,99.1,"rgba( 67 ,  112 ,  86 , 0.2)"
2005-06-01,Sony Ericsson,V600,105,"rgba( 67 ,  112 ,  86 , 0.2)"
2005-01-01,Sony Ericsson,K600,104.3,"rgba( 67 ,  112 ,  86 , 0.2)"
2005-01-01,Sony Ericsson,Z800,102,"rgba( 67 ,  112 ,  86 , 0.2)"
2004-10-01,Sony Ericsson,K300,99.9,"rgba( 67 ,  112 ,  86 , 0.2)"
2004-10-01,Sony Ericsson,J200,101,"rgba( 67 ,  112 ,  86 , 0.2)"
2004-10-01,Sony Ericsson,T290,101,"rgba( 67 ,  112 ,  86 , 0.2)"
2004-07-01,Sony Ericsson,V800,102,"rgba( 67 ,  112 ,  86 , 0.2)"
2004-07-01,Sony Ericsson,P910,115,"rgba( 67 ,  112 ,  86 , 0.2)"
2004-07-01,Sony Ericsson,S710,107.5,"rgba( 67 ,  112 ,  86 , 0.2)"
2004-07-01,Sony Ericsson,K508,103,"rgba( 67 ,  112 ,  86 , 0.2)"
2004-07-01,Sony Ericsson,K500,102,"rgba( 67 ,  112 ,  86 , 0.2)"
2004-04-01,Sony Ericsson,F500i,102,"rgba( 67 ,  112 ,  86 , 0.2)"
2004-03-01,Sony Ericsson,S700,107,"rgba( 67 ,  112 ,  86 , 0.2)"
2004-03-01,Sony Ericsson,K700,99,"rgba( 67 ,  112 ,  86 , 0.2)"
2003-10-01,Sony Ericsson,T630,102,"rgba( 67 ,  112 ,  86 , 0.2)"
2003-10-01,Sony Ericsson,P900,115,"rgba( 67 ,  112 ,  86 , 0.2)"
2003-07-01,Sony Ericsson,T230,101,"rgba( 67 ,  112 ,  86 , 0.2)"
2003-10-01,Sony Ericsson,Z1010,98.5,"rgba( 67 ,  112 ,  86 , 0.2)"
2003-04-01,Sony Ericsson,T610,102,"rgba( 67 ,  112 ,  86 , 0.2)"
2002-09-01,Sony Ericsson,P800,117,"rgba( 67 ,  112 ,  86 , 0.2)"
2011-08-01,Sony Ericsson,Xperia Arc S,125,"rgba( 67 ,  112 ,  86 , 0.2)"
2011-08-01,Sony Ericsson,Xperia neo V,116,"rgba( 67 ,  112 ,  86 , 0.2)"
2011-08-01,Sony Ericsson,Live with Walkman,106,"rgba( 67 ,  112 ,  86 , 0.2)"
2011-06-01,Sony Ericsson,Xperia ray,111,"rgba( 67 ,  112 ,  86 , 0.2)"
2011-06-01,Sony Ericsson,Xperia active,92,"rgba( 67 ,  112 ,  86 , 0.2)"
2011-06-01,Sony Ericsson,txt,106,"rgba( 67 ,  112 ,  86 , 0.2)"
2011-06-01,Sony Ericsson,Mix Walkman,95.8,"rgba( 67 ,  112 ,  86 , 0.2)"
2011-06-01,Sony Ericsson,txt pro,93,"rgba( 67 ,  112 ,  86 , 0.2)"
2011-05-01,Sony Ericsson,Xperia mini,88,"rgba( 67 ,  112 ,  86 , 0.2)"
2011-05-01,Sony Ericsson,Xperia mini pro,92,"rgba( 67 ,  112 ,  86 , 0.2)"
2011-05-01,Sony Ericsson,WT18i,106,"rgba( 67 ,  112 ,  86 , 0.2)"
2011-04-01,Sony Ericsson,W8,99,"rgba( 67 ,  112 ,  86 , 0.2)"
2011-02-01,Sony Ericsson,Xperia PLAY,119,"rgba( 67 ,  112 ,  86 , 0.2)"
2011-02-01,Sony Ericsson,Xperia pro,120,"rgba( 67 ,  112 ,  86 , 0.2)"
2011-02-01,Sony Ericsson,Xperia Neo,116,"rgba( 67 ,  112 ,  86 , 0.2)"
2011-01-01,Sony Ericsson,Xperia Arc,125,"rgba( 67 ,  112 ,  86 , 0.2)"
2011-02-01,Sony Ericsson,Xperia PLAY CDMA,119,"rgba( 67 ,  112 ,  86 , 0.2)"
2010-08-01,Sony Ericsson,A8i,117,"rgba( 67 ,  112 ,  86 , 0.2)"
2010-06-01,Sony Ericsson,Xperia X8,99,"rgba( 67 ,  112 ,  86 , 0.2)"
2010-06-01,Sony Ericsson,Cedar,111,"rgba( 67 ,  112 ,  86 , 0.2)"
2010-06-01,Sony Ericsson,Yendo,93.5,"rgba( 67 ,  112 ,  86 , 0.2)"
2010-05-01,Sony Ericsson,BRAVIA S004,111,"rgba( 67 ,  112 ,  86 , 0.2)"
2010-05-01,Sony Ericsson,S003,118,"rgba( 67 ,  112 ,  86 , 0.2)"
2010-04-01,Sony Ericsson,Zylo,103,"rgba( 67 ,  112 ,  86 , 0.2)"
2010-04-01,Sony Ericsson,Spiro,92,"rgba( 67 ,  112 ,  86 , 0.2)"
2010-02-01,Sony Ericsson,Xperia X10 mini pro,90,"rgba( 67 ,  112 ,  86 , 0.2)"
2010-02-01,Sony Ericsson,Xperia X10 mini,83,"rgba( 67 ,  112 ,  86 , 0.2)"
2010-02-01,Sony Ericsson,Vivaz pro,109,"rgba( 67 ,  112 ,  86 , 0.2)"
2010-02-01,Sony Ericsson,Aspen,117,"rgba( 67 ,  112 ,  86 , 0.2)"
2010-01-01,Sony Ericsson,Vivaz,107,"rgba( 67 ,  112 ,  86 , 0.2)"
2009-12-01,Sony Ericsson,Hazel,102,"rgba( 67 ,  112 ,  86 , 0.2)"
2009-12-01,Sony Ericsson,Elm,110,"rgba( 67 ,  112 ,  86 , 0.2)"
2009-11-01,Sony Ericsson,Xperia Pureness,102,"rgba( 67 ,  112 ,  86 , 0.2)"
2009-11-01,Sony Ericsson,Xperia X10,119,"rgba( 67 ,  112 ,  86 , 0.2)"
2009-09-01,Sony Ericsson,Xperia X2,110,"rgba( 67 ,  112 ,  86 , 0.2)"
2009-08-01,Sony Ericsson,Jalou D&G edition,73,"rgba( 67 ,  112 ,  86 , 0.2)"
2009-08-01,Sony Ericsson,Jalou,73,"rgba( 67 ,  112 ,  86 , 0.2)"
2009-06-01,Sony Ericsson,T715,91.5,"rgba( 67 ,  112 ,  86 , 0.2)"
2009-05-01,Sony Ericsson,C901 GreenHeart,105,"rgba( 67 ,  112 ,  86 , 0.2)"
2009-05-01,Sony Ericsson,J105 Naite,108,"rgba( 67 ,  112 ,  86 , 0.2)"
2009-02-01,Sony Ericsson,Satio (Idou),112,"rgba( 67 ,  112 ,  86 , 0.2)"
2009-05-01,Sony Ericsson,Aino,104,"rgba( 67 ,  112 ,  86 , 0.2)"
2009-05-01,Sony Ericsson,Yari,100,"rgba( 67 ,  112 ,  86 , 0.2)"
2009-04-01,Sony Ericsson,S312,100,"rgba( 67 ,  112 ,  86 , 0.2)"
2009-03-01,Sony Ericsson,W205,92,"rgba( 67 ,  112 ,  86 , 0.2)"
2009-03-01,Sony Ericsson,T707,93,"rgba( 67 ,  112 ,  86 , 0.2)"
2009-02-01,Sony Ericsson,W995,97,"rgba( 67 ,  112 ,  86 , 0.2)"
2009-02-01,Sony Ericsson,C903,97,"rgba( 67 ,  112 ,  86 , 0.2)"
2009-02-01,Sony Ericsson,C901,105,"rgba( 67 ,  112 ,  86 , 0.2)"
2009-02-01,Sony Ericsson,W395,96,"rgba( 67 ,  112 ,  86 , 0.2)"
2007-03-01,Thuraya,SG-2520,138.5,"rgba( 0 ,  58 ,  134 , 0.2)"
2014-11-01,Jolla,Tablet,203,"rgba( 6 ,  6 ,  6 , 0.2)"
2013-05-01,Jolla,Jolla,131,"rgba( 6 ,  6 ,  6 , 0.2)"
2014-08-01,Panasonic,P41,142.4,"rgba( 0 ,  0 ,  0 , 0.2)"
2012-02-01,Panasonic,Eluga Power,136,"rgba( 0 ,  0 ,  0 , 0.2)"
2012-02-01,Panasonic,Eluga DL1,123,"rgba( 0 ,  0 ,  0 , 0.2)"
2011-10-01,Panasonic,Toughpad FZ-A1,266.7,"rgba( 0 ,  0 ,  0 , 0.2)"
2011-10-01,Panasonic,KX-TU311,121,"rgba( 0 ,  0 ,  0 , 0.2)"
2011-10-01,Panasonic,KX-TU301,128,"rgba( 0 ,  0 ,  0 , 0.2)"
2005-01-01,Panasonic,X800,100,"rgba( 0 ,  0 ,  0 , 0.2)"
2004-01-01,Panasonic,X700,97,"rgba( 0 ,  0 ,  0 , 0.2)"
2004-01-01,Panasonic,X300,92,"rgba( 0 ,  0 ,  0 , 0.2)"
2015-12-01,Panasonic,Eluga Mark,152,"rgba( 0 ,  0 ,  0 , 0.2)"
2015-09-01,Panasonic,Eluga Switch,152.7,"rgba( 0 ,  0 ,  0 , 0.2)"
2015-08-01,Panasonic,T45,130.6,"rgba( 0 ,  0 ,  0 , 0.2)"
2015-08-01,Panasonic,Eluga Icon,152.3,"rgba( 0 ,  0 ,  0 , 0.2)"
2015-07-01,Panasonic,Eluga Z,141.3,"rgba( 0 ,  0 ,  0 , 0.2)"
2015-05-01,Panasonic,Eluga L 4G,142,"rgba( 0 ,  0 ,  0 , 0.2)"
2015-06-01,Panasonic,Eluga S mini,137.5,"rgba( 0 ,  0 ,  0 , 0.2)"
2015-02-01,Panasonic,Eluga U2,141.5,"rgba( 0 ,  0 ,  0 , 0.2)"
2014-11-01,Panasonic,Eluga S,141,"rgba( 0 ,  0 ,  0 , 0.2)"
2014-07-01,Panasonic,P61,162.7,"rgba( 0 ,  0 ,  0 , 0.2)"
2014-07-01,Panasonic,T41,131,"rgba( 0 ,  0 ,  0 , 0.2)"
2014-10-01,Panasonic,T40,126,"rgba( 0 ,  0 ,  0 , 0.2)"
2014-11-01,Panasonic,P55,149.7,"rgba( 0 ,  0 ,  0 , 0.2)"
2014-11-01,Panasonic,Eluga I,147.1,"rgba( 0 ,  0 ,  0 , 0.2)"
2014-09-01,Panasonic,Lumix Smart Camera CM1,135.4,"rgba( 0 ,  0 ,  0 , 0.2)"
2014-08-01,Panasonic,Eluga A,143.8,"rgba( 0 ,  0 ,  0 , 0.2)"
2013-10-01,Panasonic,T31,122,"rgba( 0 ,  0 ,  0 , 0.2)"
2013-07-01,Panasonic,T21,132,"rgba( 0 ,  0 ,  0 , 0.2)"
2013-07-01,Panasonic,P11,143.9,"rgba( 0 ,  0 ,  0 , 0.2)"
2013-07-01,Panasonic,T11,112.6,"rgba( 0 ,  0 ,  0 , 0.2)"
2013-05-01,Panasonic,P51,144,"rgba( 0 ,  0 ,  0 , 0.2)"
2014-11-01,Sonim,XP7,137,"rgba( 0 ,  0 ,  0 , 0.2)"
2014-11-01,Sonim,XP6,137,"rgba( 0 ,  0 ,  0 , 0.2)"
2014-07-01,Sonim,Land Rover A8,138,"rgba( 0 ,  0 ,  0 , 0.2)"
2011-07-01,Sonim,XP3400 Armor,126,"rgba( 0 ,  0 ,  0 , 0.2)"
2011-08-01,Sonim,XP5300 Force 3G,126,"rgba( 0 ,  0 ,  0 , 0.2)"
2011-08-01,Sonim,XP3340 Sentinel,126,"rgba( 0 ,  0 ,  0 , 0.2)"
2011-02-01,Sonim,XP3300 Force,126,"rgba( 0 ,  0 ,  0 , 0.2)"
2010-10-01,Sonim,XP1300 Core,126,"rgba( 0 ,  0 ,  0 , 0.2)"
2010-02-01,Sonim,XP2.10 Spirit,130.7,"rgba( 0 ,  0 ,  0 , 0.2)"
2010-01-01,Sonim,XP3.20 Quest Pro,119,"rgba( 0 ,  0 ,  0 , 0.2)"
2009-07-01,Sonim,XP3.20 Quest,119,"rgba( 0 ,  0 ,  0 , 0.2)"
2008-11-01,Sonim,XP3 Enduro,118.8,"rgba( 0 ,  0 ,  0 , 0.2)"
2007-12-01,Sonim,XP1,114,"rgba( 0 ,  0 ,  0 , 0.2)"
2016-01-01,Archos,55 Cobalt Plus,152.5,"rgba( 8 ,  8 ,  8 , 0.2)"
2016-01-01,Archos,50 Cobalt,132,"rgba( 8 ,  8 ,  8 , 0.2)"
2015-09-01,Archos,Diamond Plus,152.6,"rgba( 8 ,  8 ,  8 , 0.2)"
2015-09-01,Archos,Diamond S,145,"rgba( 8 ,  8 ,  8 , 0.2)"
2015-07-01,Archos,50d Helium 4G,146,"rgba( 8 ,  8 ,  8 , 0.2)"
2014-10-01,Archos,50b Helium 4G,145,"rgba( 8 ,  8 ,  8 , 0.2)"
2014-10-01,Archos,50 Diamond,146,"rgba( 8 ,  8 ,  8 , 0.2)"
2014-08-01,Archos,45c Platinum,133,"rgba( 8 ,  8 ,  8 , 0.2)"
2014-02-01,Archos,40c Titanium,126,"rgba( 8 ,  8 ,  8 , 0.2)"
2014-08-01,Archos,50b Platinum,146.8,"rgba( 8 ,  8 ,  8 , 0.2)"
2014-02-01,Archos,80 Helium 4G,213,"rgba( 8 ,  8 ,  8 , 0.2)"
2014-02-01,Archos,64 Xenon,170.7,"rgba( 8 ,  8 ,  8 , 0.2)"
2014-02-01,Archos,50c Oxygen,145,"rgba( 8 ,  8 ,  8 , 0.2)"
2014-02-01,Archos,40b Titanium,125,"rgba( 8 ,  8 ,  8 , 0.2)"
2014-01-01,Archos,50 Helium 4G,145,"rgba( 8 ,  8 ,  8 , 0.2)"
2014-01-01,Archos,45 Helium 4G,135,"rgba( 8 ,  8 ,  8 , 0.2)"
2013-01-01,Archos,50 Oxygen,143,"rgba( 8 ,  8 ,  8 , 0.2)"
2013-01-01,Archos,53 Platinum,153.6,"rgba( 8 ,  8 ,  8 , 0.2)"
2013-01-01,Archos,50 Platinum,143.4,"rgba( 8 ,  8 ,  8 , 0.2)"
2013-01-01,Archos,45 Platinum,142.5,"rgba( 8 ,  8 ,  8 , 0.2)"
2013-01-01,Archos,53 Titanium,152.7,"rgba( 8 ,  8 ,  8 , 0.2)"
2013-01-01,Archos,50 Titanium,144.5,"rgba( 8 ,  8 ,  8 , 0.2)"
2013-01-01,Archos,45 Titanium,133.8,"rgba( 8 ,  8 ,  8 , 0.2)"
2013-01-01,Archos,40 Titanium,125,"rgba( 8 ,  8 ,  8 , 0.2)"
2015-09-01,Apple,iPhone 6s Plus,158.2,"rgba( 0 ,  0 ,  0 , 0.2)"
2015-09-01,Apple,iPhone 6s,138.3,"rgba( 0 ,  0 ,  0 , 0.2)"
2015-09-01,Apple,iPad Pro,305.7,"rgba( 0 ,  0 ,  0 , 0.2)"
2015-09-01,Apple,iPad mini 4,203.2,"rgba( 0 ,  0 ,  0 , 0.2)"
2014-09-01,Apple,Watch Edition 42mm,42,"rgba( 0 ,  0 ,  0 , 0.2)"
2014-09-01,Apple,Watch Edition 38mm,38.6,"rgba( 0 ,  0 ,  0 , 0.2)"
2014-09-01,Apple,Watch 42mm,42,"rgba( 0 ,  0 ,  0 , 0.2)"
2014-09-01,Apple,Watch 38mm,38.6,"rgba( 0 ,  0 ,  0 , 0.2)"
2014-09-01,Apple,Watch Sport 42mm,42,"rgba( 0 ,  0 ,  0 , 0.2)"
2014-09-01,Apple,Watch Sport 38mm,38.6,"rgba( 0 ,  0 ,  0 , 0.2)"
2014-10-01,Apple,iPad Air 2,240,"rgba( 0 ,  0 ,  0 , 0.2)"
2014-10-01,Apple,iPad mini 3,200,"rgba( 0 ,  0 ,  0 , 0.2)"
2014-09-01,Apple,iPhone 6 Plus,158.1,"rgba( 0 ,  0 ,  0 , 0.2)"
2014-09-01,Apple,iPhone 6,138.1,"rgba( 0 ,  0 ,  0 , 0.2)"
2013-10-01,Apple,iPad Air,240,"rgba( 0 ,  0 ,  0 , 0.2)"
2013-10-01,Apple,iPad mini 2,200,"rgba( 0 ,  0 ,  0 , 0.2)"
2013-09-01,Apple,iPhone 5s,123.8,"rgba( 0 ,  0 ,  0 , 0.2)"
2013-09-01,Apple,iPhone 5c,124.4,"rgba( 0 ,  0 ,  0 , 0.2)"
2012-10-01,Apple,iPad mini Wi-Fi,200,"rgba( 0 ,  0 ,  0 , 0.2)"
2012-10-01,Apple,iPad mini Wi-Fi + Cellular,200,"rgba( 0 ,  0 ,  0 , 0.2)"
2012-10-01,Apple,iPad 4 Wi-Fi,241.2,"rgba( 0 ,  0 ,  0 , 0.2)"
2012-10-01,Apple,iPad 4 Wi-Fi + Cellular,241.2,"rgba( 0 ,  0 ,  0 , 0.2)"
2012-09-01,Apple,iPhone 5,123.8,"rgba( 0 ,  0 ,  0 , 0.2)"
2012-03-01,Apple,iPad 3 Wi-Fi + Cellular,241.2,"rgba( 0 ,  0 ,  0 , 0.2)"
2012-03-01,Apple,iPad 3 Wi-Fi,241.2,"rgba( 0 ,  0 ,  0 , 0.2)"
2011-10-01,Apple,iPhone 4s,115.2,"rgba( 0 ,  0 ,  0 , 0.2)"
2011-03-01,Apple,iPad 2 Wi-Fi + 3G,241.2,"rgba( 0 ,  0 ,  0 , 0.2)"
2011-03-01,Apple,iPad 2 Wi-Fi,241.2,"rgba( 0 ,  0 ,  0 , 0.2)"
2011-03-01,Apple,iPad 2 CDMA,241.2,"rgba( 0 ,  0 ,  0 , 0.2)"
2010-06-01,Apple,iPhone 4,115.2,"rgba( 0 ,  0 ,  0 , 0.2)"
2011-01-01,Apple,iPhone 4 CDMA,115.2,"rgba( 0 ,  0 ,  0 , 0.2)"
2010-01-01,Apple,iPad Wi-Fi + 3G,242.8,"rgba( 0 ,  0 ,  0 , 0.2)"
2010-01-01,Apple,iPad Wi-Fi,242.8,"rgba( 0 ,  0 ,  0 , 0.2)"
2009-06-01,Apple,iPhone 3GS,115.5,"rgba( 0 ,  0 ,  0 , 0.2)"
2008-06-01,Apple,iPhone 3G,115.5,"rgba( 0 ,  0 ,  0 , 0.2)"
2007-01-01,Apple,iPhone,115,"rgba( 0 ,  0 ,  0 , 0.2)"
2015-01-01,Micromax,Canvas Tab P666,213.9,"rgba( 249 ,  197 ,  168 , 0.2)"
2015-01-01,Micromax,Canvas Tab P470,192,"rgba( 249 ,  197 ,  168 , 0.2)"
2014-10-01,Micromax,A99 Canvas Xpress,132.4,"rgba( 249 ,  197 ,  168 , 0.2)"
2014-05-01,Micromax,X352,125,"rgba( 249 ,  197 ,  168 , 0.2)"
2014-01-01,Micromax,A47 Bolt,125.3,"rgba( 249 ,  197 ,  168 , 0.2)"
2013-01-01,Micromax,X281,124.8,"rgba( 249 ,  197 ,  168 , 0.2)"
2013-01-01,Micromax,X267,120.5,"rgba( 249 ,  197 ,  168 , 0.2)"
2013-01-01,Micromax,X098,108.3,"rgba( 249 ,  197 ,  168 , 0.2)"
2014-01-01,Micromax,A28 Bolt,116.9,"rgba( 249 ,  197 ,  168 , 0.2)"
2014-01-01,Micromax,A119 Canvas XL,165,"rgba( 249 ,  197 ,  168 , 0.2)"
2013-12-01,Micromax,A114 Canvas 2.2,145,"rgba( 249 ,  197 ,  168 , 0.2)"
2013-11-01,Micromax,A61 Bolt,135,"rgba( 249 ,  197 ,  168 , 0.2)"
2013-10-01,Micromax,A117 Canvas Magnus,144,"rgba( 249 ,  197 ,  168 , 0.2)"
2013-09-01,Micromax,Canvas Tab P650,204,"rgba( 249 ,  197 ,  168 , 0.2)"
2013-07-01,Micromax,A113 Canvas Ego,143.4,"rgba( 249 ,  197 ,  168 , 0.2)"
2013-09-01,Micromax,A74 Canvas Fun,133,"rgba( 249 ,  197 ,  168 , 0.2)"
2013-08-01,Micromax,A67 Bolt,137.7,"rgba( 249 ,  197 ,  168 , 0.2)"
2013-07-01,Micromax,A63 Canvas Fun,124.5,"rgba( 249 ,  197 ,  168 , 0.2)"
2013-08-01,Micromax,A240 Canvas Doodle 2,161,"rgba( 249 ,  197 ,  168 , 0.2)"
2013-06-01,Micromax,A92,147,"rgba( 249 ,  197 ,  168 , 0.2)"
2013-06-01,Micromax,Canvas 4 A210,144.5,"rgba( 249 ,  197 ,  168 , 0.2)"
2013-01-01,Micromax,A88,135,"rgba( 249 ,  197 ,  168 , 0.2)"
2013-05-01,Micromax,A110Q Canvas 2 Plus,147,"rgba( 249 ,  197 ,  168 , 0.2)"
2013-01-01,Micromax,X322,130.8,"rgba( 249 ,  197 ,  168 , 0.2)"
2013-01-01,Micromax,X321,127.8,"rgba( 249 ,  197 ,  168 , 0.2)"
2013-01-01,Micromax,X295,121,"rgba( 249 ,  197 ,  168 , 0.2)"
2013-01-01,Micromax,X286,119,"rgba( 249 ,  197 ,  168 , 0.2)"
2013-01-01,Micromax,X278,123,"rgba( 249 ,  197 ,  168 , 0.2)"
2013-01-01,Micromax,X099,109,"rgba( 249 ,  197 ,  168 , 0.2)"
2013-01-01,Micromax,X396,112,"rgba( 249 ,  197 ,  168 , 0.2)"
2013-01-01,Micromax,X335C,104,"rgba( 249 ,  197 ,  168 , 0.2)"
2013-05-01,Micromax,A111 Canvas Doodle,147,"rgba( 249 ,  197 ,  168 , 0.2)"
2013-03-01,Micromax,Funbook 3G P600,193.5,"rgba( 249 ,  197 ,  168 , 0.2)"
2013-02-01,Micromax,Funbook Talk P362,194,"rgba( 249 ,  197 ,  168 , 0.2)"
2013-04-01,Micromax,Viva A72,142.8,"rgba( 249 ,  197 ,  168 , 0.2)"
2013-03-01,Micromax,Ninja A91,130,"rgba( 249 ,  197 ,  168 , 0.2)"
2013-01-01,Micromax,Ninja A54,116,"rgba( 249 ,  197 ,  168 , 0.2)"
2013-04-01,Micromax,Bolt A62,121.7,"rgba( 249 ,  197 ,  168 , 0.2)"
2013-04-01,Micromax,Bolt A51,118.5,"rgba( 249 ,  197 ,  168 , 0.2)"
2013-02-01,Micromax,Bolt A35,124,"rgba( 249 ,  197 ,  168 , 0.2)"
2013-01-01,Micromax,Bolt A27,116.2,"rgba( 249 ,  197 ,  168 , 0.2)"
2013-01-01,Micromax,A116 Canvas HD,144,"rgba( 249 ,  197 ,  168 , 0.2)"
2012-12-01,Micromax,A101,148,"rgba( 249 ,  197 ,  168 , 0.2)"
2012-10-01,Micromax,A110 Canvas 2,147,"rgba( 249 ,  197 ,  168 , 0.2)"
2012-09-01,Micromax,A87 Ninja 4.0,124.8,"rgba( 249 ,  197 ,  168 , 0.2)"
2012-09-01,Micromax,A57 Ninja 3.0,116,"rgba( 249 ,  197 ,  168 , 0.2)"
2012-08-01,Micromax,A100,142.2,"rgba( 249 ,  197 ,  168 , 0.2)"
2012-07-01,Micromax,A90s,127.2,"rgba( 249 ,  197 ,  168 , 0.2)"
2012-07-01,Micromax,A90,125,"rgba( 249 ,  197 ,  168 , 0.2)"
2012-08-01,Micromax,A84,125,"rgba( 249 ,  197 ,  168 , 0.2)"
2012-08-01,Micromax,A80 ,129.5,"rgba( 249 ,  197 ,  168 , 0.2)"
2012-08-01,Micromax,Superfone Punk A44,112,"rgba( 249 ,  197 ,  168 , 0.2)"
2012-10-01,Micromax,A25,104.5,"rgba( 249 ,  197 ,  168 , 0.2)"
2012-05-01,Micromax,X291,119,"rgba( 249 ,  197 ,  168 , 0.2)"
2012-05-01,Micromax,X277,118.3,"rgba( 249 ,  197 ,  168 , 0.2)"
2012-05-01,Micromax,X276,118,"rgba( 249 ,  197 ,  168 , 0.2)"
2012-05-01,Micromax,X246,116,"rgba( 249 ,  197 ,  168 , 0.2)"
2012-06-01,Micromax,X234+,108.6,"rgba( 249 ,  197 ,  168 , 0.2)"
2012-07-01,Micromax,A56,116,"rgba( 249 ,  197 ,  168 , 0.2)"
2012-06-01,Micromax,A52,112,"rgba( 249 ,  197 ,  168 , 0.2)"
2012-06-01,Micromax,A45,115,"rgba( 249 ,  197 ,  168 , 0.2)"
2012-04-01,Micromax,X660,119.4,"rgba( 249 ,  197 ,  168 , 0.2)"
2012-04-01,Micromax,X368,117,"rgba( 249 ,  197 ,  168 , 0.2)"
2012-04-01,Micromax,X335,104,"rgba( 249 ,  197 ,  168 , 0.2)"
2012-04-01,Micromax,X288,113.7,"rgba( 249 ,  197 ,  168 , 0.2)"
2012-04-01,Micromax,X274,117.8,"rgba( 249 ,  197 ,  168 , 0.2)"
2012-04-01,Micromax,X233,114.8,"rgba( 249 ,  197 ,  168 , 0.2)"
2012-04-01,Micromax,X231,120.5,"rgba( 249 ,  197 ,  168 , 0.2)"
2012-01-01,Micromax,A50 Ninja,113,"rgba( 249 ,  197 ,  168 , 0.2)"
2012-02-01,Micromax,A78,120,"rgba( 249 ,  197 ,  168 , 0.2)"
2012-04-01,Micromax,Funbook P300,192,"rgba( 249 ,  197 ,  168 , 0.2)"
2011-01-01,Micromax,A73,108,"rgba( 249 ,  197 ,  168 , 0.2)"
2012-01-01,Micromax,X650,110.3,"rgba( 249 ,  197 ,  168 , 0.2)"
2012-01-01,Micromax,X490,98,"rgba( 249 ,  197 ,  168 , 0.2)"
2012-01-01,Micromax,X333,103.7,"rgba( 249 ,  197 ,  168 , 0.2)"
2012-01-01,Micromax,X271,119.7,"rgba( 249 ,  197 ,  168 , 0.2)"
2011-10-01,Micromax,X11i,113.5,"rgba( 249 ,  197 ,  168 , 0.2)"
2011-12-01,Micromax,A75,120,"rgba( 249 ,  197 ,  168 , 0.2)"
2011-01-01,Micromax,X270,116,"rgba( 249 ,  197 ,  168 , 0.2)"
2011-01-01,Micromax,X256,118.5,"rgba( 249 ,  197 ,  168 , 0.2)"
2011-01-01,Micromax,X78,106,"rgba( 249 ,  197 ,  168 , 0.2)"
2011-01-01,Micromax,X285,113.5,"rgba( 249 ,  197 ,  168 , 0.2)"
2011-01-01,Micromax,A55,107.2,"rgba( 249 ,  197 ,  168 , 0.2)"
2011-01-01,Micromax,X450,116.7,"rgba( 249 ,  197 ,  168 , 0.2)"
2011-06-01,Micromax,Q80,117,"rgba( 249 ,  197 ,  168 , 0.2)"
2011-07-01,Micromax,A85,118.7,"rgba( 249 ,  197 ,  168 , 0.2)"
2011-04-01,Micromax,A70,111,"rgba( 249 ,  197 ,  168 , 0.2)"
2011-01-01,Micromax,X410,115,"rgba( 249 ,  197 ,  168 , 0.2)"
2011-01-01,Micromax,X395,115,"rgba( 249 ,  197 ,  168 , 0.2)"
2011-01-01,Micromax,X266,115,"rgba( 249 ,  197 ,  168 , 0.2)"
2010-01-01,Micromax,X265,113.7,"rgba( 249 ,  197 ,  168 , 0.2)"
2011-01-01,Micromax,M2,113,"rgba( 249 ,  197 ,  168 , 0.2)"
2010-01-01,Micromax,Q66,71,"rgba( 249 ,  197 ,  168 , 0.2)"
2010-01-01,Micromax,X370,113,"rgba( 249 ,  197 ,  168 , 0.2)"
2010-01-01,Micromax,X226+,112.3,"rgba( 249 ,  197 ,  168 , 0.2)"
2010-01-01,Micromax,Q50,114,"rgba( 249 ,  197 ,  168 , 0.2)"
2010-01-01,Micromax,A60,106.8,"rgba( 249 ,  197 ,  168 , 0.2)"
2010-01-01,Micromax,X600,113,"rgba( 249 ,  197 ,  168 , 0.2)"
2010-01-01,Micromax,X550 Qube,112.5,"rgba( 249 ,  197 ,  168 , 0.2)"
2010-01-01,Micromax,X510 Pike,110.2,"rgba( 249 ,  197 ,  168 , 0.2)"
2010-01-01,Micromax,X500,117,"rgba( 249 ,  197 ,  168 , 0.2)"
2010-01-01,Micromax,X310,110.3,"rgba( 249 ,  197 ,  168 , 0.2)"
2010-01-01,Micromax,X2i,105.3,"rgba( 249 ,  197 ,  168 , 0.2)"
2010-01-01,Micromax,X1i,106,"rgba( 249 ,  197 ,  168 , 0.2)"
2010-01-01,Micromax,GC700,117,"rgba( 249 ,  197 ,  168 , 0.2)"
2010-01-01,Micromax,GC400,115.1,"rgba( 249 ,  197 ,  168 , 0.2)"
2010-05-01,Micromax,Q7,110,"rgba( 249 ,  197 ,  168 , 0.2)"
2010-03-01,Micromax,G4,112,"rgba( 249 ,  197 ,  168 , 0.2)"
2010-02-01,Micromax,W900,112,"rgba( 249 ,  197 ,  168 , 0.2)"
2010-04-01,Micromax,X330,110.5,"rgba( 249 ,  197 ,  168 , 0.2)"
2009-10-01,Micromax,H360,113,"rgba( 249 ,  197 ,  168 , 0.2)"
2010-02-01,Micromax,Q1,111.2,"rgba( 249 ,  197 ,  168 , 0.2)"
2009-12-01,Micromax,Q2,111.2,"rgba( 249 ,  197 ,  168 , 0.2)"
2009-06-01,Micromax,Q3,111.2,"rgba( 249 ,  197 ,  168 , 0.2)"
2010-01-01,Micromax,Q5 fb,115,"rgba( 249 ,  197 ,  168 , 0.2)"
2010-02-01,Micromax,Q55 Bling,70,"rgba( 249 ,  197 ,  168 , 0.2)"
2009-11-01,Micromax,X1i plus,106,"rgba( 249 ,  197 ,  168 , 0.2)"
2010-02-01,Micromax,X2i plus,107,"rgba( 249 ,  197 ,  168 , 0.2)"
2010-04-01,Micromax,X111,88,"rgba( 249 ,  197 ,  168 , 0.2)"
2009-07-01,Micromax,X114,106,"rgba( 249 ,  197 ,  168 , 0.2)"
2010-01-01,Micromax,X220,96,"rgba( 249 ,  197 ,  168 , 0.2)"
2010-03-01,Micromax,X235,111.5,"rgba( 249 ,  197 ,  168 , 0.2)"
2009-05-01,Micromax,X250,110,"rgba( 249 ,  197 ,  168 , 0.2)"
2009-10-01,Micromax,X260,110,"rgba( 249 ,  197 ,  168 , 0.2)"
2009-11-01,Micromax,X360,108.7,"rgba( 249 ,  197 ,  168 , 0.2)"
2016-02-01,Micromax,Canvas Juice 4G Q461,143,"rgba( 249 ,  197 ,  168 , 0.2)"
2015-12-01,Micromax,Canvas Pulse 4G E451,140.8,"rgba( 249 ,  197 ,  168 , 0.2)"
2015-11-01,Micromax,Canvas Nitro 3 E352,144.3,"rgba( 249 ,  197 ,  168 , 0.2)"
2015-11-01,Micromax,Canvas Pace 4G Q416,143,"rgba( 249 ,  197 ,  168 , 0.2)"
2015-10-01,Micromax,Canvas Mega E353,154,"rgba( 249 ,  197 ,  168 , 0.2)"
2015-10-01,Micromax,Bolt Q332,141.2,"rgba( 249 ,  197 ,  168 , 0.2)"
2015-05-01,Micromax,Q391 Canvas Doodle 4,165.5,"rgba( 249 ,  197 ,  168 , 0.2)"
2007-02-01,Neonode,N2,77,"rgba( 255 ,  0 ,  0 , 0.2)"
2005-01-01,Neonode,N1m,88,"rgba( 255 ,  0 ,  0 , 0.2)"
2003-01-01,Neonode,N1,88,"rgba( 255 ,  0 ,  0 , 0.2)"
2009-02-01,Gigabyte,GSmart S1200,106,"rgba( 237 ,  197 ,  197 , 0.2)"
2008-06-01,Gigabyte,GSmart MS820,116,"rgba( 237 ,  197 ,  197 , 0.2)"
2008-02-01,Gigabyte,GSmart MW998,110.5,"rgba( 237 ,  197 ,  197 , 0.2)"
2008-02-01,Gigabyte,GSmart MS800,116,"rgba( 237 ,  197 ,  197 , 0.2)"
2008-02-01,Gigabyte,GSmart MW700,116,"rgba( 237 ,  197 ,  197 , 0.2)"
2007-06-01,Gigabyte,GSmart i350,110,"rgba( 237 ,  197 ,  197 , 0.2)"
2007-02-01,Gigabyte,GSmart q60,111,"rgba( 237 ,  197 ,  197 , 0.2)"
2007-02-01,Gigabyte,GSmart t600,110,"rgba( 237 ,  197 ,  197 , 0.2)"
2006-12-01,Gigabyte,GSmart i120,106.6,"rgba( 237 ,  197 ,  197 , 0.2)"
2006-04-01,Gigabyte,GSmart i300,102.5,"rgba( 237 ,  197 ,  197 , 0.2)"
2005-01-01,Gigabyte,GSmart 2005,109,"rgba( 237 ,  197 ,  197 , 0.2)"
2005-01-01,Gigabyte,GSmart i,106.2,"rgba( 237 ,  197 ,  197 , 0.2)"
2005-01-01,Gigabyte,GSmart i (128),106.6,"rgba( 237 ,  197 ,  197 , 0.2)"
2006-01-01,Gigabyte,g-YoYo,99.7,"rgba( 237 ,  197 ,  197 , 0.2)"
2005-01-01,Gigabyte,g-Cam,105,"rgba( 237 ,  197 ,  197 , 0.2)"
2005-12-01,Gigabyte,Barbie,96.7,"rgba( 237 ,  197 ,  197 , 0.2)"
2005-01-01,Gigabyte,g-re (b),96.7,"rgba( 237 ,  197 ,  197 , 0.2)"
2005-01-01,Gigabyte,g-re (o),96.7,"rgba( 237 ,  197 ,  197 , 0.2)"
2005-01-01,Gigabyte,Snoopy,96.7,"rgba( 237 ,  197 ,  197 , 0.2)"
2005-01-01,Gigabyte,Keroro,96.7,"rgba( 237 ,  197 ,  197 , 0.2)"
2005-01-01,Gigabyte,Doraemon,96.7,"rgba( 237 ,  197 ,  197 , 0.2)"
2005-09-01,Gigabyte,g-X5,96.7,"rgba( 237 ,  197 ,  197 , 0.2)"
2015-10-01,Gigabyte,GSmart Essence 4,124,"rgba( 237 ,  197 ,  197 , 0.2)"
2015-10-01,Gigabyte,GSmart Classic Lite,143,"rgba( 237 ,  197 ,  197 , 0.2)"
2015-10-01,Gigabyte,GSmart Essence,134,"rgba( 237 ,  197 ,  197 , 0.2)"
2015-10-01,Gigabyte,GSmart Classic,145,"rgba( 237 ,  197 ,  197 , 0.2)"
2015-01-01,Gigabyte,GSmart Guru GX,139,"rgba( 237 ,  197 ,  197 , 0.2)"
2015-01-01,Gigabyte,GSmart Mika MX,143,"rgba( 237 ,  197 ,  197 , 0.2)"
2015-01-01,Gigabyte,GSmart Roma RX,142,"rgba( 237 ,  197 ,  197 , 0.2)"
2014-11-01,Gigabyte,GSmart Akta A4,147,"rgba( 237 ,  197 ,  197 , 0.2)"
2014-10-01,Gigabyte,GSmart Mika M3,144,"rgba( 237 ,  197 ,  197 , 0.2)"
2014-08-01,Gigabyte,GSmart GX2,146.5,"rgba( 237 ,  197 ,  197 , 0.2)"
2014-08-01,Gigabyte,GSmart Guru (White Edition),147,"rgba( 237 ,  197 ,  197 , 0.2)"
2014-07-01,Gigabyte,GSmart T4 (Lite Edition),124.5,"rgba( 237 ,  197 ,  197 , 0.2)"
2014-07-01,Gigabyte,GSmart Arty A3,145,"rgba( 237 ,  197 ,  197 , 0.2)"
2014-06-01,Gigabyte,GSmart Mika M2,145,"rgba( 237 ,  197 ,  197 , 0.2)"
2014-04-01,Gigabyte,GSmart T4,126,"rgba( 237 ,  197 ,  197 , 0.2)"
2014-04-01,Gigabyte,GSmart Saga S3,168,"rgba( 237 ,  197 ,  197 , 0.2)"
2014-03-01,Gigabyte,GSmart Rey R3,136,"rgba( 237 ,  197 ,  197 , 0.2)"
2013-07-01,Gigabyte,GSmart Aku A1,136,"rgba( 237 ,  197 ,  197 , 0.2)"
2013-07-01,Gigabyte,GSmart Tuku T2,124,"rgba( 237 ,  197 ,  197 , 0.2)"
2013-06-01,Gigabyte,GSmart Maya M1 v2,136,"rgba( 237 ,  197 ,  197 , 0.2)"
2013-06-01,Gigabyte,GSmart Sierra S1,145.5,"rgba( 237 ,  197 ,  197 , 0.2)"
2013-06-01,Gigabyte,GSmart Simba SX1,144,"rgba( 237 ,  197 ,  197 , 0.2)"
2013-04-01,Gigabyte,GSmart Maya M1,136,"rgba( 237 ,  197 ,  197 , 0.2)"
2013-04-01,Gigabyte,GSmart Rio R1,124.2,"rgba( 237 ,  197 ,  197 , 0.2)"
2012-12-01,Gigabyte,GSmart GS202,130.5,"rgba( 237 ,  197 ,  197 , 0.2)"
2012-08-01,Gigabyte,GSmart G1362,132.5,"rgba( 237 ,  197 ,  197 , 0.2)"
2012-02-01,Gigabyte,GSmart G1355,129.8,"rgba( 237 ,  197 ,  197 , 0.2)"
2011-04-01,Gigabyte,GSmart G1345,120,"rgba( 237 ,  197 ,  197 , 0.2)"
2011-01-01,Gigabyte,GSmart G1342 Houston,121,"rgba( 237 ,  197 ,  197 , 0.2)"
2011-01-01,Gigabyte,GSmart M3447,110,"rgba( 237 ,  197 ,  197 , 0.2)"
2011-01-01,Gigabyte,GSmart G1310,113.5,"rgba( 237 ,  197 ,  197 , 0.2)"
2010-11-01,Gigabyte,GSmart G1317 Rola,113.5,"rgba( 237 ,  197 ,  197 , 0.2)"
2011-10-01,Gigabyte,GSmart G1315 Skate,113.5,"rgba( 237 ,  197 ,  197 , 0.2)"
2010-03-01,Gigabyte,GSmart S1205,110.6,"rgba( 237 ,  197 ,  197 , 0.2)"
2010-04-01,Gigabyte,GSmart G1305 Boston,116,"rgba( 237 ,  197 ,  197 , 0.2)"
2009-07-01,Gigabyte,GSmart MS802,117,"rgba( 237 ,  197 ,  197 , 0.2)"
2009-07-01,Gigabyte,GSmart MW702,117,"rgba( 237 ,  197 ,  197 , 0.2)"
2016-01-01,Coolpad,Porto S,143,"rgba( 0 ,  78 ,  147 , 0.2)"
2016-01-01,Coolpad,Torino S,139,"rgba( 0 ,  78 ,  147 , 0.2)"
2016-01-01,Coolpad,Note 3 Lite,140.8,"rgba( 0 ,  78 ,  147 , 0.2)"
2015-11-01,Coolpad,Roar,133,"rgba( 0 ,  78 ,  147 , 0.2)"
2015-10-01,Coolpad,Note 3,151,"rgba( 0 ,  78 ,  147 , 0.2)"
2015-10-01,Coolpad,Shine,153,"rgba( 0 ,  78 ,  147 , 0.2)"
2015-08-01,Coolpad,Modena,153,"rgba( 0 ,  78 ,  147 , 0.2)"
2015-08-01,Coolpad,Porto,139,"rgba( 0 ,  78 ,  147 , 0.2)"
2009-11-01,Vodafone,840,106,"rgba( 229 ,  37 ,  57 , 0.2)"
2009-11-01,Vodafone,541,96,"rgba( 229 ,  37 ,  57 , 0.2)"
2009-11-01,Vodafone,540,109,"rgba( 229 ,  37 ,  57 , 0.2)"
2009-11-01,Vodafone,340,109,"rgba( 229 ,  37 ,  57 , 0.2)"
2009-09-01,Vodafone,360 H1,115.9,"rgba( 229 ,  37 ,  57 , 0.2)"
2009-09-01,Vodafone,360 M1,112,"rgba( 229 ,  37 ,  57 , 0.2)"
2009-09-01,Vodafone,533 Crystal,98.5,"rgba( 229 ,  37 ,  57 , 0.2)"
2009-06-01,Vodafone,1231,113,"rgba( 229 ,  37 ,  57 , 0.2)"
2009-03-01,Vodafone,V-X760,93,"rgba( 229 ,  37 ,  57 , 0.2)"
2009-07-01,Vodafone,Indie,88.5,"rgba( 229 ,  37 ,  57 , 0.2)"
2009-04-01,Vodafone,235,103.5,"rgba( 229 ,  37 ,  57 , 0.2)"
2009-02-01,Vodafone,533,98.5,"rgba( 229 ,  37 ,  57 , 0.2)"
2008-09-01,Vodafone,526,107,"rgba( 229 ,  37 ,  57 , 0.2)"
2008-10-01,Vodafone,332,105,"rgba( 229 ,  37 ,  57 , 0.2)"
2008-10-01,Vodafone,231,105,"rgba( 229 ,  37 ,  57 , 0.2)"
2007-05-01,Vodafone,1210,108,"rgba( 229 ,  37 ,  57 , 0.2)"
2008-05-01,Vodafone,725,108.5,"rgba( 229 ,  37 ,  57 , 0.2)"
2007-12-01,Vodafone,810,98,"rgba( 229 ,  37 ,  57 , 0.2)"
2008-02-01,Vodafone,716,104,"rgba( 229 ,  37 ,  57 , 0.2)"
2008-03-01,Vodafone,527,107,"rgba( 229 ,  37 ,  57 , 0.2)"
2007-12-01,Vodafone,511,106.9,"rgba( 229 ,  37 ,  57 , 0.2)"
2006-10-01,Vodafone,710,91.2,"rgba( 229 ,  37 ,  57 , 0.2)"
2015-09-01,Vodafone,Smart speed 6,132.2,"rgba( 229 ,  37 ,  57 , 0.2)"
2015-06-01,Vodafone,Smart ultra 6,154,"rgba( 229 ,  37 ,  57 , 0.2)"
2015-05-01,Vodafone,Tab Prime 6,244,"rgba( 229 ,  37 ,  57 , 0.2)"
2015-05-01,Vodafone,Smart prime 6,141.7,"rgba( 229 ,  37 ,  57 , 0.2)"
2015-05-01,Vodafone,Smart first 6,121.6,"rgba( 229 ,  37 ,  57 , 0.2)"
2014-10-01,Vodafone,Smart Tab 4G,209,"rgba( 229 ,  37 ,  57 , 0.2)"
2015-01-01,Vodafone,Smart 4 max,164,"rgba( 229 ,  37 ,  57 , 0.2)"
2014-10-01,Vodafone,Smart 4G,134,"rgba( 229 ,  37 ,  57 , 0.2)"
2014-04-01,Vodafone,Smart 4 turbo,134.5,"rgba( 229 ,  37 ,  57 , 0.2)"
2014-06-01,Vodafone,Smart 4 power,141,"rgba( 229 ,  37 ,  57 , 0.2)"
2014-05-01,Vodafone,Smart 4,134.7,"rgba( 229 ,  37 ,  57 , 0.2)"
2014-04-01,Vodafone,Smart 4 mini,121.6,"rgba( 229 ,  37 ,  57 , 0.2)"
2013-10-01,Vodafone,Smart Tab III 10.1,260,"rgba( 229 ,  37 ,  57 , 0.2)"
2013-10-01,Vodafone,Smart Tab III 7,194,"rgba( 229 ,  37 ,  57 , 0.2)"
2013-01-01,Vodafone,Chat 655,112,"rgba( 229 ,  37 ,  57 , 0.2)"
2013-06-01,Vodafone,Smart Mini,115,"rgba( 229 ,  37 ,  57 , 0.2)"
2013-01-01,Vodafone,Smart III 975,123.2,"rgba( 229 ,  37 ,  57 , 0.2)"
2012-11-01,Vodafone,Smart Tab II 10,259.8,"rgba( 229 ,  37 ,  57 , 0.2)"
2012-11-01,Vodafone,Smart Tab II 7,192,"rgba( 229 ,  37 ,  57 , 0.2)"
2012-06-01,Vodafone,V860 Smart II,109,"rgba( 229 ,  37 ,  57 , 0.2)"
2012-02-01,Vodafone,Smart Tab 7,194,"rgba( 229 ,  37 ,  57 , 0.2)"
2012-01-01,Vodafone,155,110,"rgba( 229 ,  37 ,  57 , 0.2)"
2011-07-01,Vodafone,555 Blue,110,"rgba( 229 ,  37 ,  57 , 0.2)"
2011-05-01,Vodafone,858 Smart,103.8,"rgba( 229 ,  37 ,  57 , 0.2)"
2010-09-01,Vodafone,945,109.1,"rgba( 229 ,  37 ,  57 , 0.2)"
2010-09-01,Vodafone,553,108,"rgba( 229 ,  37 ,  57 , 0.2)"
2010-04-01,Vodafone,845,99,"rgba( 229 ,  37 ,  57 , 0.2)"
2015-12-01,YU,Yutopia,146.6,"rgba( 183 ,  183 ,  183 , 0.2)"
2015-09-01,YU,Yunique,134.5,"rgba( 183 ,  183 ,  183 , 0.2)"
2015-07-01,YU,Yureka Plus,154.8,"rgba( 183 ,  183 ,  183 , 0.2)"
2015-05-01,YU,Yuphoria,142.4,"rgba( 183 ,  183 ,  183 , 0.2)"
2015-01-01,YU,Yureka,154.8,"rgba( 183 ,  183 ,  183 , 0.2)"
2013-03-01,Casio,G'zOne CA-201L,129.9,"rgba( 0 ,  0 ,  0 , 0.2)"
2011-04-01,Casio,G'zOne Commando,129,"rgba( 0 ,  0 ,  0 , 0.2)"
2011-11-01,Casio,G'zOne Ravine 2,109.9,"rgba( 0 ,  0 ,  0 , 0.2)"
2010-10-01,Casio,G'zOne Ravine,109.2,"rgba( 0 ,  0 ,  0 , 0.2)"
2010-02-01,Casio,G'zOne Brigade,112.8,"rgba( 0 ,  0 ,  0 , 0.2)"
2010-10-01,Palm,Pre 2,100.7,"rgba( 238 ,  238 ,  247 , 0.2)"
2010-10-01,Palm,Pre 2 CDMA,100.7,"rgba( 238 ,  238 ,  247 , 0.2)"
2010-03-01,Palm,Pixi Plus,111,"rgba( 238 ,  238 ,  247 , 0.2)"
2010-03-01,Palm,Pre Plus,100.5,"rgba( 238 ,  238 ,  247 , 0.2)"
2009-10-01,Palm,Pixi,111,"rgba( 238 ,  238 ,  247 , 0.2)"
2009-02-01,Palm,Pre,100.5,"rgba( 238 ,  238 ,  247 , 0.2)"
2008-08-01,Palm,Treo Pro,114,"rgba( 238 ,  238 ,  247 , 0.2)"
2008-02-01,Palm,Centro,107.2,"rgba( 238 ,  238 ,  247 , 0.2)"
2007-09-01,Palm,Treo 500v,110,"rgba( 238 ,  238 ,  247 , 0.2)"
2007-02-01,Palm,Treo 750,111,"rgba( 238 ,  238 ,  247 , 0.2)"
2006-10-01,Palm,Treo 680,111.8,"rgba( 238 ,  238 ,  247 , 0.2)"
2006-09-01,Palm,Treo 750v,111,"rgba( 238 ,  238 ,  247 , 0.2)"
2004-10-01,Palm,Treo 650,113,"rgba( 238 ,  238 ,  247 , 0.2)"
2003-10-01,Palm,Treo 600,112,"rgba( 238 ,  238 ,  247 , 0.2)"
2004-10-01,HP,iPAQ h6310,119,"rgba( 34 ,  67 ,  143 , 0.2)"
2016-02-01,HP,Elite x3,161.8,"rgba( 34 ,  67 ,  143 , 0.2)"
2014-09-01,HP,Slate 17,418.1,"rgba( 34 ,  67 ,  143 , 0.2)"
2015-01-01,HP,Pro Slate 12,300.3,"rgba( 34 ,  67 ,  143 , 0.2)"
2015-01-01,HP,Pro Slate 10 EE G1,280,"rgba( 34 ,  67 ,  143 , 0.2)"
2015-01-01,HP,Pro Slate 8,207,"rgba( 34 ,  67 ,  143 , 0.2)"
2014-11-01,HP,Slate6 VoiceTab II,165.1,"rgba( 34 ,  67 ,  143 , 0.2)"
2014-01-01,HP,10 Plus,265,"rgba( 34 ,  67 ,  143 , 0.2)"
2014-10-01,HP,7 VoiceTab,192.1,"rgba( 34 ,  67 ,  143 , 0.2)"
2014-05-01,HP,7 Plus,192.5,"rgba( 34 ,  67 ,  143 , 0.2)"
2014-02-01,HP,8,200.3,"rgba( 34 ,  67 ,  143 , 0.2)"
2014-01-01,HP,Slate7 VoiceTab Ultra,183.5,"rgba( 34 ,  67 ,  143 , 0.2)"
2014-01-01,HP,Slate6 VoiceTab,165,"rgba( 34 ,  67 ,  143 , 0.2)"
2013-12-01,HP,Slate8 Pro,220,"rgba( 34 ,  67 ,  143 , 0.2)"
2013-12-01,HP,Slate10 HD,259,"rgba( 34 ,  67 ,  143 , 0.2)"
2013-12-01,HP,Slate7 Extreme,200,"rgba( 34 ,  67 ,  143 , 0.2)"
2013-12-01,HP,Slate7 Plus,194.7,"rgba( 34 ,  67 ,  143 , 0.2)"
2013-02-01,HP,Slate 7,197.1,"rgba( 34 ,  67 ,  143 , 0.2)"
2011-07-01,HP,TouchPad 4G,240,"rgba( 34 ,  67 ,  143 , 0.2)"
2011-05-01,HP,Veer 4G,84,"rgba( 34 ,  67 ,  143 , 0.2)"
2011-02-01,HP,Veer,84,"rgba( 34 ,  67 ,  143 , 0.2)"
2011-02-01,HP,Pre 3 CDMA,111,"rgba( 34 ,  67 ,  143 , 0.2)"
2011-02-01,HP,Pre 3,111,"rgba( 34 ,  67 ,  143 , 0.2)"
2011-02-01,HP,TouchPad,240,"rgba( 34 ,  67 ,  143 , 0.2)"
2009-11-01,HP,iPAQ Glisten,112.8,"rgba( 34 ,  67 ,  143 , 0.2)"
2008-10-01,HP,iPAQ Voice Messenger,114,"rgba( 34 ,  67 ,  143 , 0.2)"
2008-10-01,HP,iPAQ Data Messenger,114,"rgba( 34 ,  67 ,  143 , 0.2)"
2007-09-01,HP,iPAQ 910c,113,"rgba( 34 ,  67 ,  143 , 0.2)"
2007-09-01,HP,iPAQ 610c,117,"rgba( 34 ,  67 ,  143 , 0.2)"
2007-02-01,HP,iPAQ 514,107,"rgba( 34 ,  67 ,  143 , 0.2)"
2006-10-01,HP,iPAQ rw6815,102,"rgba( 34 ,  67 ,  143 , 0.2)"
2006-04-01,HP,iPAQ rw6828,102,"rgba( 34 ,  67 ,  143 , 0.2)"
2006-04-01,HP,iPAQ rw6818,102,"rgba( 34 ,  67 ,  143 , 0.2)"
2005-04-01,HP,iPAQ hw6515,118,"rgba( 34 ,  67 ,  143 , 0.2)"
2005-04-01,HP,iPAQ hw6510,118,"rgba( 34 ,  67 ,  143 , 0.2)"
2004-10-01,HP,iPAQ h6325,137.6,"rgba( 34 ,  67 ,  143 , 0.2)"
2004-10-01,HP,iPAQ h6320,137.6,"rgba( 34 ,  67 ,  143 , 0.2)"
2004-10-01,HP,iPAQ h6315,119,"rgba( 34 ,  67 ,  143 , 0.2)"
2009-10-01,BlackBerry,Storm2 9550,112.5,"rgba( 49 ,  108 ,  145 , 0.2)"
2009-11-01,BlackBerry,Curve 8530,109,"rgba( 49 ,  108 ,  145 , 0.2)"
2009-07-01,BlackBerry,Curve 8520,109,"rgba( 49 ,  108 ,  145 , 0.2)"
2009-07-01,BlackBerry,Tour 9630,112,"rgba( 49 ,  108 ,  145 , 0.2)"
2012-01-01,BlackBerry,Curve 8980,109,"rgba( 49 ,  108 ,  145 , 0.2)"
2008-11-01,BlackBerry,Curve 8900,109,"rgba( 49 ,  108 ,  145 , 0.2)"
2008-09-01,BlackBerry,Storm 9500,112.5,"rgba( 49 ,  108 ,  145 , 0.2)"
2008-09-01,BlackBerry,Storm 9530,112.5,"rgba( 49 ,  108 ,  145 , 0.2)"
2009-02-01,BlackBerry,Pearl Flip 8230,101,"rgba( 49 ,  108 ,  145 , 0.2)"
2008-09-01,BlackBerry,Pearl Flip 8220,101.1,"rgba( 49 ,  108 ,  145 , 0.2)"
2008-05-01,BlackBerry,Bold 9000,114,"rgba( 49 ,  108 ,  145 , 0.2)"
2007-10-01,BlackBerry,Pearl 8130,107,"rgba( 49 ,  108 ,  145 , 0.2)"
2008-01-01,BlackBerry,Pearl 8110,107,"rgba( 49 ,  108 ,  145 , 0.2)"
2007-10-01,BlackBerry,Pearl 8120,107,"rgba( 49 ,  108 ,  145 , 0.2)"
2007-09-01,BlackBerry,Curve 8330,106.6,"rgba( 49 ,  108 ,  145 , 0.2)"
2007-09-01,BlackBerry,Curve 8320,107,"rgba( 49 ,  108 ,  145 , 0.2)"
2007-08-01,BlackBerry,Curve 8310,107,"rgba( 49 ,  108 ,  145 , 0.2)"
2007-05-01,BlackBerry,Curve 8300,107,"rgba( 49 ,  108 ,  145 , 0.2)"
2007-07-01,BlackBerry,8820,114,"rgba( 49 ,  108 ,  145 , 0.2)"
2007-04-01,BlackBerry,8830 World Edition,114,"rgba( 49 ,  108 ,  145 , 0.2)"
2007-02-01,BlackBerry,8800,114,"rgba( 49 ,  108 ,  145 , 0.2)"
2006-09-01,BlackBerry,Pearl 8100,107,"rgba( 49 ,  108 ,  145 , 0.2)"
2006-06-01,BlackBerry,7130g,115,"rgba( 49 ,  108 ,  145 , 0.2)"
2006-06-01,BlackBerry,7130c,115,"rgba( 49 ,  108 ,  145 , 0.2)"
2006-06-01,BlackBerry,7130v,115,"rgba( 49 ,  108 ,  145 , 0.2)"
2006-05-01,BlackBerry,8707v,110,"rgba( 49 ,  108 ,  145 , 0.2)"
2004-10-01,BlackBerry,8700c,110,"rgba( 49 ,  108 ,  145 , 0.2)"
2005-01-01,BlackBerry,7100x,114,"rgba( 49 ,  108 ,  145 , 0.2)"
2004-10-01,BlackBerry,7100t,119,"rgba( 49 ,  108 ,  145 , 0.2)"
2004-10-01,BlackBerry,7100v,114,"rgba( 49 ,  108 ,  145 , 0.2)"
2004-10-01,BlackBerry,7290,113,"rgba( 49 ,  108 ,  145 , 0.2)"
2004-01-01,BlackBerry,7730,121,"rgba( 49 ,  108 ,  145 , 0.2)"
2003-07-01,BlackBerry,7230,113,"rgba( 49 ,  108 ,  145 , 0.2)"
2003-04-01,BlackBerry,6720,121,"rgba( 49 ,  108 ,  145 , 0.2)"
2015-10-01,BlackBerry,Priv,147,"rgba( 49 ,  108 ,  145 , 0.2)"
2015-03-01,BlackBerry,Leap,144,"rgba( 49 ,  108 ,  145 , 0.2)"
2015-02-01,BlackBerry,Classic Non Camera,131,"rgba( 49 ,  108 ,  145 , 0.2)"
2014-09-01,BlackBerry,Porsche Design P'9983,119,"rgba( 49 ,  108 ,  145 , 0.2)"
2014-06-01,BlackBerry,Passport,128,"rgba( 49 ,  108 ,  145 , 0.2)"
2014-06-01,BlackBerry,Classic,131,"rgba( 49 ,  108 ,  145 , 0.2)"
2014-02-01,BlackBerry,Z3,140,"rgba( 49 ,  108 ,  145 , 0.2)"
2013-11-01,BlackBerry,Porsche Design P'9982,131,"rgba( 49 ,  108 ,  145 , 0.2)"
2013-09-01,BlackBerry,Z30,140.7,"rgba( 49 ,  108 ,  145 , 0.2)"
2013-08-01,BlackBerry,9720,114,"rgba( 49 ,  108 ,  145 , 0.2)"
2013-05-01,BlackBerry,Q5,120,"rgba( 49 ,  108 ,  145 , 0.2)"
2013-01-01,BlackBerry,Z10,130,"rgba( 49 ,  108 ,  145 , 0.2)"
2013-01-01,BlackBerry,Q10,119.6,"rgba( 49 ,  108 ,  145 , 0.2)"
2012-08-01,BlackBerry,4G LTE PlayBook,194,"rgba( 49 ,  108 ,  145 , 0.2)"
2012-05-01,BlackBerry,Curve 9320,109,"rgba( 49 ,  108 ,  145 , 0.2)"
2012-04-01,BlackBerry,Curve 9220,109,"rgba( 49 ,  108 ,  145 , 0.2)"
2011-11-01,BlackBerry,Curve 9380,109,"rgba( 49 ,  108 ,  145 , 0.2)"
2011-11-01,BlackBerry,Bold 9790,110,"rgba( 49 ,  108 ,  145 , 0.2)"
2011-10-01,BlackBerry,Porsche Design P'9981,115,"rgba( 49 ,  108 ,  145 , 0.2)"
2011-08-01,BlackBerry,Curve 9370,109,"rgba( 49 ,  108 ,  145 , 0.2)"
2011-08-01,BlackBerry,Curve 9360,109,"rgba( 49 ,  108 ,  145 , 0.2)"
2011-08-01,BlackBerry,Curve 9350,109,"rgba( 49 ,  108 ,  145 , 0.2)"
2011-08-01,BlackBerry,Torch 9810,111,"rgba( 49 ,  108 ,  145 , 0.2)"
2011-08-01,BlackBerry,Torch 9860,120,"rgba( 49 ,  108 ,  145 , 0.2)"
2011-08-01,BlackBerry,Torch 9850,120,"rgba( 49 ,  108 ,  145 , 0.2)"
2011-05-01,BlackBerry,Bold Touch 9900,115,"rgba( 49 ,  108 ,  145 , 0.2)"
2011-05-01,BlackBerry,Bold Touch 9930,115,"rgba( 49 ,  108 ,  145 , 0.2)"
2011-02-01,BlackBerry,4G PlayBook HSPA+,194,"rgba( 49 ,  108 ,  145 , 0.2)"
2010-09-01,BlackBerry,PlayBook WiMax,194,"rgba( 49 ,  108 ,  145 , 0.2)"
2010-09-01,BlackBerry,PlayBook,194,"rgba( 49 ,  108 ,  145 , 0.2)"
2010-10-01,BlackBerry,Bold 9780,109,"rgba( 49 ,  108 ,  145 , 0.2)"
2010-09-01,BlackBerry,Curve 3G 9330,109,"rgba( 49 ,  108 ,  145 , 0.2)"
2010-08-01,BlackBerry,Curve 3G 9300,109,"rgba( 49 ,  108 ,  145 , 0.2)"
2010-08-01,BlackBerry,Torch 9800,111,"rgba( 49 ,  108 ,  145 , 0.2)"
2010-04-01,BlackBerry,Pearl 3G 9105,108,"rgba( 49 ,  108 ,  145 , 0.2)"
2010-04-01,BlackBerry,Pearl 3G 9100,108,"rgba( 49 ,  108 ,  145 , 0.2)"
2010-04-01,BlackBerry,Bold 9650,112,"rgba( 49 ,  108 ,  145 , 0.2)"
2009-10-01,BlackBerry,Bold 9700,109,"rgba( 49 ,  108 ,  145 , 0.2)"
2009-10-01,BlackBerry,Storm2 9520,112.5,"rgba( 49 ,  108 ,  145 , 0.2)"
2015-04-01,Dell,Venue 10 7000,243.4,"rgba( 0 ,  117 ,  186 , 0.2)"
2014-10-01,Dell,Venue 8 7000,215.9,"rgba( 0 ,  117 ,  186 , 0.2)"
2013-10-01,Dell,Venue 8,212,"rgba( 0 ,  117 ,  186 , 0.2)"
2013-10-01,Dell,Venue 7 8 GB,193,"rgba( 0 ,  117 ,  186 , 0.2)"
2013-10-01,Dell,Venue 7,193,"rgba( 0 ,  117 ,  186 , 0.2)"
2012-10-01,Dell,XPS 10,274.7,"rgba( 0 ,  117 ,  186 , 0.2)"
2011-01-01,Dell,Streak 10 Pro,262.3,"rgba( 0 ,  117 ,  186 , 0.2)"
2011-12-01,Dell,Streak Pro D43,124.9,"rgba( 0 ,  117 ,  186 , 0.2)"
2011-02-01,Dell,Streak 7,200,"rgba( 0 ,  117 ,  186 , 0.2)"
2011-02-01,Dell,Streak 7 Wi-Fi,200,"rgba( 0 ,  117 ,  186 , 0.2)"
2010-12-01,Dell,Venue,121,"rgba( 0 ,  117 ,  186 , 0.2)"
2010-11-01,Dell,XCD35,114,"rgba( 0 ,  117 ,  186 , 0.2)"
2010-11-01,Dell,XCD28,102,"rgba( 0 ,  117 ,  186 , 0.2)"
2010-10-01,Dell,Venue Pro,122,"rgba( 0 ,  117 ,  186 , 0.2)"
2010-05-01,Dell,Streak,152.9,"rgba( 0 ,  117 ,  186 , 0.2)"
2010-03-01,Dell,Aero,122,"rgba( 0 ,  117 ,  186 , 0.2)"
2009-11-01,Dell,Mini 3i,122,"rgba( 0 ,  117 ,  186 , 0.2)"
2009-11-01,Dell,Mini 3iX,120,"rgba( 0 ,  117 ,  186 , 0.2)"
2015-10-01,Meizu,m1 metal,150.7,"rgba( 0 ,  0 ,  0 , 0.2)"
2015-09-01,Meizu,PRO 5,156.7,"rgba( 0 ,  0 ,  0 , 0.2)"
2015-07-01,Meizu,m2,140.1,"rgba( 0 ,  0 ,  0 , 0.2)"
2015-06-01,Meizu,MX5,149.9,"rgba( 0 ,  0 ,  0 , 0.2)"
2015-06-01,Meizu,m2 note,150.9,"rgba( 0 ,  0 ,  0 , 0.2)"
2015-01-01,Meizu,m1,140.2,"rgba( 0 ,  0 ,  0 , 0.2)"
2014-12-01,Meizu,m1 note,150.7,"rgba( 0 ,  0 ,  0 , 0.2)"
2014-10-01,Meizu,MX4 Pro,150.1,"rgba( 0 ,  0 ,  0 , 0.2)"
2014-09-01,Meizu,MX4,144,"rgba( 0 ,  0 ,  0 , 0.2)"
2013-09-01,Meizu,MX3,139,"rgba( 0 ,  0 ,  0 , 0.2)"
2012-11-01,Meizu,MX2,124.9,"rgba( 0 ,  0 ,  0 , 0.2)"
2012-04-01,Meizu,MX 4-core,121.3,"rgba( 0 ,  0 ,  0 , 0.2)"
2011-12-01,Meizu,MX,121.3,"rgba( 0 ,  0 ,  0 , 0.2)"
2004-07-01,BenQ,S680C,81,"rgba( 94 ,  40 ,  124 , 0.2)"
2004-01-01,BenQ,P50,122,"rgba( 94 ,  40 ,  124 , 0.2)"
2004-01-01,BenQ,P30,118,"rgba( 94 ,  40 ,  124 , 0.2)"
2004-01-01,BenQ,S700,82,"rgba( 94 ,  40 ,  124 , 0.2)"
2004-01-01,BenQ,M300,102,"rgba( 94 ,  40 ,  124 , 0.2)"
2004-01-01,BenQ,M100,102,"rgba( 94 ,  40 ,  124 , 0.2)"
2004-01-01,BenQ,S670C,81,"rgba( 94 ,  40 ,  124 , 0.2)"
2004-01-01,BenQ,S660C,81,"rgba( 94 ,  40 ,  124 , 0.2)"
2015-05-01,BenQ,F52,147,"rgba( 94 ,  40 ,  124 , 0.2)"
2014-10-01,BenQ,B502,144,"rgba( 94 ,  40 ,  124 , 0.2)"
2014-09-01,BenQ,T3,131.9,"rgba( 94 ,  40 ,  124 , 0.2)"
2014-09-01,BenQ,F5,143,"rgba( 94 ,  40 ,  124 , 0.2)"
2013-11-01,BenQ,F3,131.6,"rgba( 94 ,  40 ,  124 , 0.2)"
2013-11-01,BenQ,A3,133.9,"rgba( 94 ,  40 ,  124 , 0.2)"
2008-07-01,BenQ,E55,94,"rgba( 94 ,  40 ,  124 , 0.2)"
2008-04-01,BenQ,C36,108,"rgba( 94 ,  40 ,  124 , 0.2)"
2008-03-01,BenQ,E53,93,"rgba( 94 ,  40 ,  124 , 0.2)"
2008-03-01,BenQ,T60,109,"rgba( 94 ,  40 ,  124 , 0.2)"
2007-10-01,BenQ,M7,105,"rgba( 94 ,  40 ,  124 , 0.2)"
2007-08-01,BenQ,E72,108,"rgba( 94 ,  40 ,  124 , 0.2)"
2007-09-01,BenQ,C30,108,"rgba( 94 ,  40 ,  124 , 0.2)"
2007-08-01,BenQ,T51,86.4,"rgba( 94 ,  40 ,  124 , 0.2)"
2007-08-01,BenQ,T33,92,"rgba( 94 ,  40 ,  124 , 0.2)"
2006-02-01,BenQ,EL71,90,"rgba( 94 ,  40 ,  124 , 0.2)"
2006-01-01,BenQ,M580,88,"rgba( 94 ,  40 ,  124 , 0.2)"
2005-01-01,BenQ,Z2,66,"rgba( 94 ,  40 ,  124 , 0.2)"
2005-01-01,BenQ,M315,102,"rgba( 94 ,  40 ,  124 , 0.2)"
2005-01-01,BenQ,M220,102,"rgba( 94 ,  40 ,  124 , 0.2)"
2005-01-01,BenQ,S80,90,"rgba( 94 ,  40 ,  124 , 0.2)"
2005-01-01,BenQ,A520,82.5,"rgba( 94 ,  40 ,  124 , 0.2)"
2005-04-01,BenQ,M350,83,"rgba( 94 ,  40 ,  124 , 0.2)"
2004-10-01,BenQ,A500,83.5,"rgba( 94 ,  40 ,  124 , 0.2)"
2014-05-01,LG,G3,146.3,"rgba( 138 ,  141 ,  142 , 0.2)"
2014-10-01,LG,450,98,"rgba( 138 ,  141 ,  142 , 0.2)"
2014-05-01,LG,L35,109.4,"rgba( 138 ,  141 ,  142 , 0.2)"
2014-05-01,LG,Volt,131.6,"rgba( 138 ,  141 ,  142 , 0.2)"
2014-07-01,LG,G Pad 10.1 LTE,260.9,"rgba( 138 ,  141 ,  142 , 0.2)"
2014-05-01,LG,G Pad 10.1,260.9,"rgba( 138 ,  141 ,  142 , 0.2)"
2014-05-01,LG,G Pad 8.0,210.8,"rgba( 138 ,  141 ,  142 , 0.2)"
2014-05-01,LG,G Pad 7.0,189.3,"rgba( 138 ,  141 ,  142 , 0.2)"
2014-04-01,LG,L80,138.2,"rgba( 138 ,  141 ,  142 , 0.2)"
2014-04-01,LG,L80 Dual,138.2,"rgba( 138 ,  141 ,  142 , 0.2)"
2014-04-01,LG,Lucid 3 VS876,131.6,"rgba( 138 ,  141 ,  142 , 0.2)"
2014-04-01,LG,L65 Dual D285,127.2,"rgba( 138 ,  141 ,  142 , 0.2)"
2014-03-01,LG,G Pad 8.3 LTE,216.9,"rgba( 138 ,  141 ,  142 , 0.2)"
2014-02-01,LG,F70 D315,127.2,"rgba( 138 ,  141 ,  142 , 0.2)"
2014-02-01,LG,G2 mini LTE (Tegra),129.6,"rgba( 138 ,  141 ,  142 , 0.2)"
2014-02-01,LG,G2 mini LTE,129.6,"rgba( 138 ,  141 ,  142 , 0.2)"
2014-02-01,LG,G2 mini,129.6,"rgba( 138 ,  141 ,  142 , 0.2)"
2014-02-01,LG,L90 Dual D410,131.6,"rgba( 138 ,  141 ,  142 , 0.2)"
2014-02-01,LG,L90 D405,131.6,"rgba( 138 ,  141 ,  142 , 0.2)"
2014-02-01,LG,L70 D320N,127.2,"rgba( 138 ,  141 ,  142 , 0.2)"
2014-02-01,LG,L70 Dual D325,127.2,"rgba( 138 ,  141 ,  142 , 0.2)"
2014-01-01,LG,L45 Dual X132,109,"rgba( 138 ,  141 ,  142 , 0.2)"
2014-02-01,LG,L40 D160,109.4,"rgba( 138 ,  141 ,  142 , 0.2)"
2014-02-01,LG,L40 Dual D170,109.4,"rgba( 138 ,  141 ,  142 , 0.2)"
2014-02-01,LG,G Pro 2,157.9,"rgba( 138 ,  141 ,  142 , 0.2)"
2013-10-01,LG,Optimus L4 II Tri E470,112.8,"rgba( 138 ,  141 ,  142 , 0.2)"
2014-02-01,LG,Optimus L1 II Tri E475,102.6,"rgba( 138 ,  141 ,  142 , 0.2)"
2014-01-01,LG,Optimus F3Q,121.9,"rgba( 138 ,  141 ,  142 , 0.2)"
2013-12-01,LG,GX F310L,150.6,"rgba( 138 ,  141 ,  142 , 0.2)"
2013-10-01,LG,Nexus 5,137.9,"rgba( 138 ,  141 ,  142 , 0.2)"
2013-10-01,LG,G Flex,160.5,"rgba( 138 ,  141 ,  142 , 0.2)"
2013-10-01,LG,Fireweb,113.8,"rgba( 138 ,  141 ,  142 , 0.2)"
2013-10-01,LG,G Pro Lite,150.2,"rgba( 138 ,  141 ,  142 , 0.2)"
2013-10-01,LG,G Pro Lite Dual,150.2,"rgba( 138 ,  141 ,  142 , 0.2)"
2013-10-01,LG,Optimus L2 II E435,102,"rgba( 138 ,  141 ,  142 , 0.2)"
2013-09-01,LG,G Pad 8.3,216.8,"rgba( 138 ,  141 ,  142 , 0.2)"
2013-08-01,LG,G2,138.5,"rgba( 138 ,  141 ,  142 , 0.2)"
2013-08-01,LG,Optimus L9 II,128.4,"rgba( 138 ,  141 ,  142 , 0.2)"
2013-08-01,LG,Enact VS890,111,"rgba( 138 ,  141 ,  142 , 0.2)"
2013-05-01,LG,Optimus GJ E975W,136.9,"rgba( 138 ,  141 ,  142 , 0.2)"
2013-06-01,LG,Optimus L4 II Dual E445,112.8,"rgba( 138 ,  141 ,  142 , 0.2)"
2013-06-01,LG,Optimus L4 II E440,112.5,"rgba( 138 ,  141 ,  142 , 0.2)"
2013-06-01,LG,Optimus Zone VS410,102.6,"rgba( 138 ,  141 ,  142 , 0.2)"
2013-06-01,LG,Optimus F3,116.1,"rgba( 138 ,  141 ,  142 , 0.2)"
2013-04-01,LG,Lucid2 VS870,122.5,"rgba( 138 ,  141 ,  142 , 0.2)"
2013-02-01,LG,Optimus F7,131.7,"rgba( 138 ,  141 ,  142 , 0.2)"
2013-08-01,LG,Optimus F6,128,"rgba( 138 ,  141 ,  142 , 0.2)"
2013-02-01,LG,Optimus F5,126,"rgba( 138 ,  141 ,  142 , 0.2)"
2013-02-01,LG,Optimus G Pro E985,150.2,"rgba( 138 ,  141 ,  142 , 0.2)"
2013-02-01,LG,Optimus L7 II Dual P715,122.2,"rgba( 138 ,  141 ,  142 , 0.2)"
2013-02-01,LG,Optimus L7 II P710,121.5,"rgba( 138 ,  141 ,  142 , 0.2)"
2013-02-01,LG,Optimus L5 II Dual E455,118.4,"rgba( 138 ,  141 ,  142 , 0.2)"
2013-02-01,LG,Optimus L5 II E460,117.5,"rgba( 138 ,  141 ,  142 , 0.2)"
2013-02-01,LG,Optimus L3 II Dual E435,102.9,"rgba( 138 ,  141 ,  142 , 0.2)"
2013-02-01,LG,Optimus L3 II E430,102.6,"rgba( 138 ,  141 ,  142 , 0.2)"
2013-02-01,LG,Optimus L1 II E410,102.9,"rgba( 138 ,  141 ,  142 , 0.2)"
2012-10-01,LG,Nexus 4 E960,133.9,"rgba( 138 ,  141 ,  142 , 0.2)"
2013-01-01,LG,A390,114.4,"rgba( 138 ,  141 ,  142 , 0.2)"
2013-01-01,LG,A395,114.4,"rgba( 138 ,  141 ,  142 , 0.2)"
2013-01-01,LG,C299,110,"rgba( 138 ,  141 ,  142 , 0.2)"
2012-09-01,LG,Tri Chip C333,108.9,"rgba( 138 ,  141 ,  142 , 0.2)"
2012-10-01,LG,Spectrum II 4G VS930,134.9,"rgba( 138 ,  141 ,  142 , 0.2)"
2012-10-01,LG,Mach LS860,117.9,"rgba( 138 ,  141 ,  142 , 0.2)"
2012-10-01,LG,Optimus L9 P769,127.8,"rgba( 138 ,  141 ,  142 , 0.2)"
2013-02-01,LG,Optimus Vu II,132.2,"rgba( 138 ,  141 ,  142 , 0.2)"
2012-09-01,LG,Optimus Vu II F200,132.2,"rgba( 138 ,  141 ,  142 , 0.2)"
2012-09-01,LG,Optimus G E970,130.8,"rgba( 138 ,  141 ,  142 , 0.2)"
2012-10-01,LG,Optimus G LS970,131.9,"rgba( 138 ,  141 ,  142 , 0.2)"
2012-08-01,LG,Optimus G E975,131.9,"rgba( 138 ,  141 ,  142 , 0.2)"
2012-09-01,LG,Intuition VS950,139.7,"rgba( 138 ,  141 ,  142 , 0.2)"
2012-09-01,LG,Splendor US730,125,"rgba( 138 ,  141 ,  142 , 0.2)"
2012-09-01,LG,Escape P870,126,"rgba( 138 ,  141 ,  142 , 0.2)"
2012-08-01,LG,Optimus L5 Dual E615,118.3,"rgba( 138 ,  141 ,  142 , 0.2)"
2012-08-01,LG,Optimus L9 P760,131.9,"rgba( 138 ,  141 ,  142 , 0.2)"
2012-08-01,LG,Motion 4G MS770,111,"rgba( 138 ,  141 ,  142 , 0.2)"
2012-08-01,LG,Optimus Vu P895,139.6,"rgba( 138 ,  141 ,  142 , 0.2)"
2012-01-01,LG,Optimus L3 E405,102.6,"rgba( 138 ,  141 ,  142 , 0.2)"
2012-01-01,LG,C199,109.4,"rgba( 138 ,  141 ,  142 , 0.2)"
2012-03-01,LG,T385,103,"rgba( 138 ,  141 ,  142 , 0.2)"
2012-05-01,LG,T375 Cookie Smart,103,"rgba( 138 ,  141 ,  142 , 0.2)"
2012-05-01,LG,Optimus Elite LS696,117,"rgba( 138 ,  141 ,  142 , 0.2)"
2012-05-01,LG,T370 Cookie Smart,103,"rgba( 138 ,  141 ,  142 , 0.2)"
2012-05-01,LG,Optimus LTE2,134.7,"rgba( 138 ,  141 ,  142 , 0.2)"
2012-04-01,LG,Optimus True HD LTE P936,132.9,"rgba( 138 ,  141 ,  142 , 0.2)"
2012-04-01,LG,Xpression C395,108,"rgba( 138 ,  141 ,  142 , 0.2)"
2012-03-01,LG,Lucid 4G VS840,119.1,"rgba( 138 ,  141 ,  142 , 0.2)"
2012-03-01,LG,Optimus M+ MS695,113.8,"rgba( 138 ,  141 ,  142 , 0.2)"
2012-02-01,LG,Optimus 4X HD P880,132.4,"rgba( 138 ,  141 ,  142 , 0.2)"
2012-02-01,LG,Optimus 3D Max P720,126.8,"rgba( 138 ,  141 ,  142 , 0.2)"
2012-02-01,LG,Optimus 3D Cube SU870,126.8,"rgba( 138 ,  141 ,  142 , 0.2)"
2012-02-01,LG,Optimus L7 P700,125.5,"rgba( 138 ,  141 ,  142 , 0.2)"
2012-02-01,LG,Optimus L5 E610,118.3,"rgba( 138 ,  141 ,  142 , 0.2)"
2012-02-01,LG,Optimus Vu F100S,139.6,"rgba( 138 ,  141 ,  142 , 0.2)"
2012-02-01,LG,Optimus LTE Tag,126.5,"rgba( 138 ,  141 ,  142 , 0.2)"
2012-01-01,LG,Optimus L3 E400,102.6,"rgba( 138 ,  141 ,  142 , 0.2)"
2012-01-01,LG,Optimus Pad LTE,245,"rgba( 138 ,  141 ,  142 , 0.2)"
2012-03-01,LG,Rumor Reflex  LN272,107,"rgba( 138 ,  141 ,  142 , 0.2)"
2012-01-01,LG,Connect 4G MS840,117,"rgba( 138 ,  141 ,  142 , 0.2)"
2012-01-01,LG,Viper 4G LTE LS840,117,"rgba( 138 ,  141 ,  142 , 0.2)"
2012-01-01,LG,Spectrum VS920,135.4,"rgba( 138 ,  141 ,  142 , 0.2)"
2011-10-01,LG,X350,111,"rgba( 138 ,  141 ,  142 , 0.2)"
2011-12-01,LG,Prada 3.0,127.5,"rgba( 138 ,  141 ,  142 , 0.2)"
2011-11-01,LG,Nitro HD,133.9,"rgba( 138 ,  141 ,  142 , 0.2)"
2011-11-01,LG,Optimus 4G LTE P935,133.9,"rgba( 138 ,  141 ,  142 , 0.2)"
2011-10-01,LG,Optimus 2 AS680,111.8,"rgba( 138 ,  141 ,  142 , 0.2)"
2011-11-01,LG,Extravert VN271,105,"rgba( 138 ,  141 ,  142 , 0.2)"
2011-10-01,LG,DoublePlay,121.9,"rgba( 138 ,  141 ,  142 , 0.2)"
2011-09-01,LG,Enlighten VS700,114,"rgba( 138 ,  141 ,  142 , 0.2)"
2011-10-01,LG,S367,117,"rgba( 138 ,  141 ,  142 , 0.2)"
2011-10-01,LG,Jil Sander Mobile,123,"rgba( 138 ,  141 ,  142 , 0.2)"
2011-10-01,LG,Optimus Slider,115,"rgba( 138 ,  141 ,  142 , 0.2)"
2011-10-01,LG,Optimus LTE SU640,132.9,"rgba( 138 ,  141 ,  142 , 0.2)"
2011-10-01,LG,Optimus LTE LU6200,132.9,"rgba( 138 ,  141 ,  142 , 0.2)"
2011-09-01,LG,Optimus EX SU880,118,"rgba( 138 ,  141 ,  142 , 0.2)"
2011-09-01,LG,Optimus Q2 LU6500,123,"rgba( 138 ,  141 ,  142 , 0.2)"
2011-09-01,LG,Optimus Hub E510,113.4,"rgba( 138 ,  141 ,  142 , 0.2)"
2011-08-01,LG,Optimus Sol E730,122.5,"rgba( 138 ,  141 ,  142 , 0.2)"
2011-07-01,LG,Optimus Net Dual,114,"rgba( 138 ,  141 ,  142 , 0.2)"
2011-07-01,LG,Optimus Net,113.5,"rgba( 138 ,  141 ,  142 , 0.2)"
2011-09-01,LG,Esteem MS910,128,"rgba( 138 ,  141 ,  142 , 0.2)"
2011-09-01,LG,Marquee LS855,122,"rgba( 138 ,  141 ,  142 , 0.2)"
2011-07-01,LG,Optimus Black (White version),122,"rgba( 138 ,  141 ,  142 , 0.2)"
2011-07-01,LG,Optimus Pro C660,119.5,"rgba( 138 ,  141 ,  142 , 0.2)"
2011-08-01,LG,S365,117,"rgba( 138 ,  141 ,  142 , 0.2)"
2011-07-01,LG,A350,116,"rgba( 138 ,  141 ,  142 , 0.2)"
2011-01-01,LG,A258,97.5,"rgba( 138 ,  141 ,  142 , 0.2)"
2011-07-01,LG,A250,99.8,"rgba( 138 ,  141 ,  142 , 0.2)"
2011-01-01,LG,A270,107.2,"rgba( 138 ,  141 ,  142 , 0.2)"
2011-07-01,LG,A230,108.8,"rgba( 138 ,  141 ,  142 , 0.2)"
2012-02-01,LG,A290,113.5,"rgba( 138 ,  141 ,  142 , 0.2)"
2011-08-01,LG,A190,106.5,"rgba( 138 ,  141 ,  142 , 0.2)"
2011-04-01,LG,A200,99.8,"rgba( 138 ,  141 ,  142 , 0.2)"
2011-08-01,LG,T515 Cookie Duo,105,"rgba( 138 ,  141 ,  142 , 0.2)"
2011-08-01,LG,T510,105,"rgba( 138 ,  141 ,  142 , 0.2)"
2011-01-01,LG,T505,105,"rgba( 138 ,  141 ,  142 , 0.2)"
2011-06-01,LG,EGO T500,106,"rgba( 138 ,  141 ,  142 , 0.2)"
2011-06-01,LG,EGO Wi-Fi,106,"rgba( 138 ,  141 ,  142 , 0.2)"
2011-04-01,LG,C375 Cookie Tweet,113,"rgba( 138 ,  141 ,  142 , 0.2)"
2011-01-01,LG,C365,113.6,"rgba( 138 ,  141 ,  142 , 0.2)"
2011-01-01,LG,C360,113,"rgba( 138 ,  141 ,  142 , 0.2)"
2011-05-01,LG,A100,104,"rgba( 138 ,  141 ,  142 , 0.2)"
2011-04-01,LG,Optimus Big LU6800,132,"rgba( 138 ,  141 ,  142 , 0.2)"
2011-07-01,LG,Cosmos 2,112,"rgba( 138 ,  141 ,  142 , 0.2)"
2011-05-01,LG,US760 Genesis,120,"rgba( 138 ,  141 ,  142 , 0.2)"
2011-04-01,LG,Phoenix P505,114,"rgba( 138 ,  141 ,  142 , 0.2)"
2011-04-01,LG,Thrive P506,114,"rgba( 138 ,  141 ,  142 , 0.2)"
2011-03-01,LG,Thrill 4G P925,128.8,"rgba( 138 ,  141 ,  142 , 0.2)"
2011-03-01,LG,T315,123,"rgba( 138 ,  141 ,  142 , 0.2)"
2011-01-01,LG,Optimus 3D P920,128.8,"rgba( 138 ,  141 ,  142 , 0.2)"
2011-02-01,LG,Optimus Pad V900,243.8,"rgba( 138 ,  141 ,  142 , 0.2)"
2011-02-01,LG,A180,106.3,"rgba( 138 ,  141 ,  142 , 0.2)"
2011-01-01,LG,A165,110,"rgba( 138 ,  141 ,  142 , 0.2)"
2011-01-01,LG,A160,110,"rgba( 138 ,  141 ,  142 , 0.2)"
2011-01-01,LG,A140,109.5,"rgba( 138 ,  141 ,  142 , 0.2)"
2011-02-01,LG,Optimus Chat C550,109,"rgba( 138 ,  141 ,  142 , 0.2)"
2011-01-01,LG,Optimus Me P350,108,"rgba( 138 ,  141 ,  142 , 0.2)"
2011-01-01,LG,Optimus Black P970,122,"rgba( 138 ,  141 ,  142 , 0.2)"
2010-12-01,LG,Optimus 2X SU660,123.9,"rgba( 138 ,  141 ,  142 , 0.2)"
2010-12-01,LG,Optimus 2X,123.9,"rgba( 138 ,  141 ,  142 , 0.2)"
2010-12-01,LG,Optimus Mach LU3000,112.5,"rgba( 138 ,  141 ,  142 , 0.2)"
2011-01-01,LG,Revolution,128,"rgba( 138 ,  141 ,  142 , 0.2)"
2011-01-01,LG,X335,109,"rgba( 138 ,  141 ,  142 , 0.2)"
2010-12-01,LG,C310,116,"rgba( 138 ,  141 ,  142 , 0.2)"
2010-12-01,LG,Cookie WiFi T310i,102.9,"rgba( 138 ,  141 ,  142 , 0.2)"
2010-01-01,LG,GU200,91,"rgba( 138 ,  141 ,  142 , 0.2)"
2010-12-01,LG,A120,108,"rgba( 138 ,  141 ,  142 , 0.2)"
2010-12-01,LG,A155,110,"rgba( 138 ,  141 ,  142 , 0.2)"
2010-11-01,LG,S310,114,"rgba( 138 ,  141 ,  142 , 0.2)"
2011-01-01,LG,P525,109.4,"rgba( 138 ,  141 ,  142 , 0.2)"
2010-11-01,LG,P520,109.4,"rgba( 138 ,  141 ,  142 , 0.2)"
2011-01-01,LG,Axis,115.8,"rgba( 138 ,  141 ,  142 , 0.2)"
2010-11-01,LG,Apex,116,"rgba( 138 ,  141 ,  142 , 0.2)"
2010-11-01,LG,Cosmos Touch VN270,103,"rgba( 138 ,  141 ,  142 , 0.2)"
2010-11-01,LG,Vortex VS660,113.5,"rgba( 138 ,  141 ,  142 , 0.2)"
2010-11-01,LG,C320 InTouch Lady,91,"rgba( 138 ,  141 ,  142 , 0.2)"
2010-10-01,LG,GT550 Encore,106,"rgba( 138 ,  141 ,  142 , 0.2)"
2010-10-01,LG,GS390 Prime,108,"rgba( 138 ,  141 ,  142 , 0.2)"
2010-10-01,LG,Quantum,119.5,"rgba( 138 ,  141 ,  142 , 0.2)"
2010-10-01,LG,C900 Optimus 7Q ,119.5,"rgba( 138 ,  141 ,  142 , 0.2)"
2010-10-01,LG,E900 Optimus 7,125,"rgba( 138 ,  141 ,  142 , 0.2)"
2010-09-01,LG,Town C300,116,"rgba( 138 ,  141 ,  142 , 0.2)"
2010-07-01,LG,Optimus Chic E720,112.5,"rgba( 138 ,  141 ,  142 , 0.2)"
2010-10-01,LG,Octane,107,"rgba( 138 ,  141 ,  142 , 0.2)"
2010-11-01,LG,Optimus M,116,"rgba( 138 ,  141 ,  142 , 0.2)"
2010-10-01,LG,Optimus S,114,"rgba( 138 ,  141 ,  142 , 0.2)"
2010-10-01,LG,Optimus T,113.5,"rgba( 138 ,  141 ,  142 , 0.2)"
2010-07-01,LG,Optimus One P500,113.5,"rgba( 138 ,  141 ,  142 , 0.2)"
2010-09-01,LG,GW910,115,"rgba( 138 ,  141 ,  142 , 0.2)"
2010-08-01,LG,A130,92.5,"rgba( 138 ,  141 ,  142 , 0.2)"
2010-08-01,LG,GW370 Rumour Plus,103,"rgba( 138 ,  141 ,  142 , 0.2)"
2010-08-01,LG,GD550 Pure,105.5,"rgba( 138 ,  141 ,  142 , 0.2)"
2010-08-01,LG,KS365,101.5,"rgba( 138 ,  141 ,  142 , 0.2)"
2010-08-01,LG,GM650s,111.5,"rgba( 138 ,  141 ,  142 , 0.2)"
2010-04-01,LG,Scarlet II TV,106.7,"rgba( 138 ,  141 ,  142 , 0.2)"
2010-12-01,LG,Flick T320,102.4,"rgba( 138 ,  141 ,  142 , 0.2)"
2010-08-01,LG,Cookie 3G T320,103,"rgba( 138 ,  141 ,  142 , 0.2)"
2010-08-01,LG,Wink 3G T320,103,"rgba( 138 ,  141 ,  142 , 0.2)"
2010-08-01,LG,Cookie Style T310,102.9,"rgba( 138 ,  141 ,  142 , 0.2)"
2010-08-01,LG,Wink Style T310,102.9,"rgba( 138 ,  141 ,  142 , 0.2)"
2010-08-01,LG,Cookie Lite T300,95.8,"rgba( 138 ,  141 ,  142 , 0.2)"
2010-07-01,LG,C105,114.5,"rgba( 138 ,  141 ,  142 , 0.2)"
2010-06-01,LG,GX300,116,"rgba( 138 ,  141 ,  142 , 0.2)"
2010-05-01,LG,GU292,99.6,"rgba( 138 ,  141 ,  142 , 0.2)"
2010-06-01,LG,GM360 Viewty Snap,108,"rgba( 138 ,  141 ,  142 , 0.2)"
2010-05-01,LG,Fathom VS750,115,"rgba( 138 ,  141 ,  142 , 0.2)"
2010-05-01,LG,Vu Plus,109.4,"rgba( 138 ,  141 ,  142 , 0.2)"
2010-04-01,LG,GT400 Viewty Smile,107,"rgba( 138 ,  141 ,  142 , 0.2)"
2010-04-01,LG,SU420 Cafe,113.9,"rgba( 138 ,  141 ,  142 , 0.2)"
2010-04-01,LG,Optimus Z,117.9,"rgba( 138 ,  141 ,  142 , 0.2)"
2010-04-01,LG,SU920,109.3,"rgba( 138 ,  141 ,  142 , 0.2)"
2010-04-01,LG,KM570 Cookie Gig,105.9,"rgba( 138 ,  141 ,  142 , 0.2)"
2010-04-01,LG,Optimus Q LU2300,118.8,"rgba( 138 ,  141 ,  142 , 0.2)"
2010-04-01,LG,GX500,108.9,"rgba( 138 ,  141 ,  142 , 0.2)"
2010-02-01,LG,GT950 Arena,107.7,"rgba( 138 ,  141 ,  142 , 0.2)"
2010-04-01,LG,KH3900 Joypop,108.5,"rgba( 138 ,  141 ,  142 , 0.2)"
2010-04-01,LG,GB280,105,"rgba( 138 ,  141 ,  142 , 0.2)"
2010-03-01,LG,GS155,103.9,"rgba( 138 ,  141 ,  142 , 0.2)"
2010-03-01,LG,GS107,103.9,"rgba( 138 ,  141 ,  142 , 0.2)"
2010-03-01,LG,GS106,103.9,"rgba( 138 ,  141 ,  142 , 0.2)"
2010-03-01,LG,KP108,101,"rgba( 138 ,  141 ,  142 , 0.2)"
2010-03-01,LG,GD350,95.5,"rgba( 138 ,  141 ,  142 , 0.2)"
2010-03-01,LG,KH5200 Andro-1,109,"rgba( 138 ,  141 ,  142 , 0.2)"
2010-01-01,LG,GT540 Optimus,109,"rgba( 138 ,  141 ,  142 , 0.2)"
2010-03-01,LG,GS290 Cookie Fresh,108,"rgba( 138 ,  141 ,  142 , 0.2)"
2010-04-01,LG,GT405,107,"rgba( 138 ,  141 ,  142 , 0.2)"
2010-01-01,LG,GW990,146.8,"rgba( 138 ,  141 ,  142 , 0.2)"
2010-02-01,LG,GS500 Cookie Plus,107,"rgba( 138 ,  141 ,  142 , 0.2)"
2010-02-01,LG,GX200,109,"rgba( 138 ,  141 ,  142 , 0.2)"
2010-02-01,LG,KF305,98.8,"rgba( 138 ,  141 ,  142 , 0.2)"
2009-11-01,LG,GW880,121.9,"rgba( 138 ,  141 ,  142 , 0.2)"
2010-02-01,LG,GD880 Mini,102,"rgba( 138 ,  141 ,  142 , 0.2)"
2010-02-01,LG,Wink Plus GT350i,107.5,"rgba( 138 ,  141 ,  142 , 0.2)"
2010-01-01,LG,Etna C330,101,"rgba( 138 ,  141 ,  142 , 0.2)"
2010-02-01,LG,Town GT350,107.5,"rgba( 138 ,  141 ,  142 , 0.2)"
2010-01-01,LG,KU2100,109.8,"rgba( 138 ,  141 ,  142 , 0.2)"
2010-01-01,LG,GD580 Lollipop,108.3,"rgba( 138 ,  141 ,  142 , 0.2)"
2009-12-01,LG,GS200,106,"rgba( 138 ,  141 ,  142 , 0.2)"
2010-01-01,LG,GS190,108,"rgba( 138 ,  141 ,  142 , 0.2)"
2009-12-01,LG,GW820 eXpo,114,"rgba( 138 ,  141 ,  142 , 0.2)"
2009-11-01,LG,GD710 Shine II,106.9,"rgba( 138 ,  141 ,  142 , 0.2)"
2009-10-01,LG,GU230 Dimsun,108,"rgba( 138 ,  141 ,  142 , 0.2)"
2009-11-01,LG,GB160,103,"rgba( 138 ,  141 ,  142 , 0.2)"
2009-10-01,LG,GU285,96,"rgba( 138 ,  141 ,  142 , 0.2)"
2009-01-01,LG,8575 Samba,109.2,"rgba( 138 ,  141 ,  142 , 0.2)"
2009-11-01,LG,KM555E,105.9,"rgba( 138 ,  141 ,  142 , 0.2)"
2009-10-01,LG,GD310 ,102.9,"rgba( 138 ,  141 ,  142 , 0.2)"
2009-09-01,LG,GD510 Pop,97.8,"rgba( 138 ,  141 ,  142 , 0.2)"
2009-09-01,LG,BL20 New Chocolate,106.9,"rgba( 138 ,  141 ,  142 , 0.2)"
2009-02-01,LG,CF360,101,"rgba( 138 ,  141 ,  142 , 0.2)"
2009-09-01,LG,GW620,109,"rgba( 138 ,  141 ,  142 , 0.2)"
2009-09-01,LG,GM750,109.8,"rgba( 138 ,  141 ,  142 , 0.2)"
2009-08-01,LG,BL40 New Chocolate,128,"rgba( 138 ,  141 ,  142 , 0.2)"
2009-08-01,LG,GW300,115.5,"rgba( 138 ,  141 ,  142 , 0.2)"
2009-08-01,LG,GB270,108,"rgba( 138 ,  141 ,  142 , 0.2)"
2009-10-01,LG,GB190,104,"rgba( 138 ,  141 ,  142 , 0.2)"
2009-08-01,LG,GB109,102,"rgba( 138 ,  141 ,  142 , 0.2)"
2009-08-01,LG,GB170,103,"rgba( 138 ,  141 ,  142 , 0.2)"
2009-06-01,LG,GW550,116,"rgba( 138 ,  141 ,  142 , 0.2)"
2009-01-01,LG,KB775 Scarlet,108,"rgba( 138 ,  141 ,  142 , 0.2)"
2009-07-01,LG,GT500 Puccini,107,"rgba( 138 ,  141 ,  142 , 0.2)"
2009-06-01,LG,GT505,107,"rgba( 138 ,  141 ,  142 , 0.2)"
2009-06-01,LG,GW520,106.5,"rgba( 138 ,  141 ,  142 , 0.2)"
2009-04-01,LG,GD900 Crystal,105,"rgba( 138 ,  141 ,  142 , 0.2)"
2009-04-01,LG,GC900 Viewty Smart,108.9,"rgba( 138 ,  141 ,  142 , 0.2)"
2009-05-01,LG,GB230 Julia,101.2,"rgba( 138 ,  141 ,  142 , 0.2)"
2009-04-01,LG,GD330,102.7,"rgba( 138 ,  141 ,  142 , 0.2)"
2009-02-01,LG,KS660,105,"rgba( 138 ,  141 ,  142 , 0.2)"
2009-03-01,LG,GB125,87,"rgba( 138 ,  141 ,  142 , 0.2)"
2009-03-01,LG,Xenon GR500,105.5,"rgba( 138 ,  141 ,  142 , 0.2)"
2009-03-01,LG,GB210,103.7,"rgba( 138 ,  141 ,  142 , 0.2)"
2009-03-01,LG,GM200 Brio,106,"rgba( 138 ,  141 ,  142 , 0.2)"
2009-03-01,LG,KC560,106,"rgba( 138 ,  141 ,  142 , 0.2)"
2009-02-01,LG,KM900 Arena,105.9,"rgba( 138 ,  141 ,  142 , 0.2)"
2009-02-01,LG,GM730 Eigen,109.8,"rgba( 138 ,  141 ,  142 , 0.2)"
2009-02-01,LG,KC910i Renoir,107.8,"rgba( 138 ,  141 ,  142 , 0.2)"
2009-02-01,LG,GB250,97.6,"rgba( 138 ,  141 ,  142 , 0.2)"
2009-02-01,LG,GB220,105,"rgba( 138 ,  141 ,  142 , 0.2)"
2009-02-01,LG,GB102,103,"rgba( 138 ,  141 ,  142 , 0.2)"
2009-02-01,LG,KT770,111,"rgba( 138 ,  141 ,  142 , 0.2)"
2009-02-01,LG,GB130,103,"rgba( 138 ,  141 ,  142 , 0.2)"
2009-02-01,LG,GM310,104.7,"rgba( 138 ,  141 ,  142 , 0.2)"
2009-04-01,LG,GM210,104,"rgba( 138 ,  141 ,  142 , 0.2)"
2009-02-01,LG,KM330,108.2,"rgba( 138 ,  141 ,  142 , 0.2)"
2009-01-01,LG,GB110,103,"rgba( 138 ,  141 ,  142 , 0.2)"
2009-01-01,LG,GB106,102,"rgba( 138 ,  141 ,  142 , 0.2)"
2009-01-01,LG,GD910,49,"rgba( 138 ,  141 ,  142 , 0.2)"
2008-04-01,LG,CT810 Incite,107,"rgba( 138 ,  141 ,  142 , 0.2)"
2008-09-01,LG,KP152,88,"rgba( 138 ,  141 ,  142 , 0.2)"
2008-10-01,LG,KS500,102.8,"rgba( 138 ,  141 ,  142 , 0.2)"
2008-10-01,LG,KF900 Prada,104.5,"rgba( 138 ,  141 ,  142 , 0.2)"
2008-10-01,LG,KC780,107,"rgba( 138 ,  141 ,  142 , 0.2)"
2008-09-01,LG,KP500 Cookie,106.5,"rgba( 138 ,  141 ,  142 , 0.2)"
2009-01-01,LG,KP501 Cookie,106.5,"rgba( 138 ,  141 ,  142 , 0.2)"
2009-06-01,LG,KP502 Cookie,106.5,"rgba( 138 ,  141 ,  142 , 0.2)"
2008-08-01,LG,KC910 Renoir,107.8,"rgba( 138 ,  141 ,  142 , 0.2)"
2008-09-01,LG,KB770,108,"rgba( 138 ,  141 ,  142 , 0.2)"
2008-08-01,LG,CB630 Invision,103,"rgba( 138 ,  141 ,  142 , 0.2)"
2008-12-01,LG,KP270,98,"rgba( 138 ,  141 ,  142 , 0.2)"
2009-02-01,LG,KF311,94,"rgba( 138 ,  141 ,  142 , 0.2)"
2008-11-01,LG,CP150,87.9,"rgba( 138 ,  141 ,  142 , 0.2)"
2008-07-01,LG,KP265,96,"rgba( 138 ,  141 ,  142 , 0.2)"
2008-01-01,LG,KP260,96.6,"rgba( 138 ,  141 ,  142 , 0.2)"
2008-08-01,LG,KP199,105,"rgba( 138 ,  141 ,  142 , 0.2)"
2008-12-01,LG,KP170,105.2,"rgba( 138 ,  141 ,  142 , 0.2)"
2009-03-01,LG,GT365 Neon,101.5,"rgba( 138 ,  141 ,  142 , 0.2)"
2008-07-01,LG,KS360,101.5,"rgba( 138 ,  141 ,  142 , 0.2)"
2008-01-01,LG,KF390,99,"rgba( 138 ,  141 ,  142 , 0.2)"
2008-08-01,LG,KF350,100.9,"rgba( 138 ,  141 ,  142 , 0.2)"
2008-01-01,LG,KF245,94,"rgba( 138 ,  141 ,  142 , 0.2)"
2008-01-01,LG,KF240,94,"rgba( 138 ,  141 ,  142 , 0.2)"
2008-03-01,LG,U370,92.5,"rgba( 138 ,  141 ,  142 , 0.2)"
2008-02-01,LG,HB620T,88.5,"rgba( 138 ,  141 ,  142 , 0.2)"
2008-05-01,LG,KC550,96.9,"rgba( 138 ,  141 ,  142 , 0.2)"
2008-04-01,LG,KF757 Secret,102.8,"rgba( 138 ,  141 ,  142 , 0.2)"
2008-04-01,LG,KF750 Secret,102.8,"rgba( 138 ,  141 ,  142 , 0.2)"
2008-04-01,LG,KF755 Secret,102.8,"rgba( 138 ,  141 ,  142 , 0.2)"
2008-03-01,LG,CU915 Vu,108,"rgba( 138 ,  141 ,  142 , 0.2)"
2008-02-01,LG,KF700,102,"rgba( 138 ,  141 ,  142 , 0.2)"
2008-02-01,LG,KF600,101.2,"rgba( 138 ,  141 ,  142 , 0.2)"
2008-02-01,LG,KF510,104.5,"rgba( 138 ,  141 ,  142 , 0.2)"
2008-02-01,LG,KT610,108.9,"rgba( 138 ,  141 ,  142 , 0.2)"
2008-05-01,LG,KP320,105,"rgba( 138 ,  141 ,  142 , 0.2)"
2008-02-01,LG,KT520,101.4,"rgba( 138 ,  141 ,  142 , 0.2)"
2008-02-01,LG,KM710,103,"rgba( 138 ,  141 ,  142 , 0.2)"
2008-02-01,LG,KF310,97,"rgba( 138 ,  141 ,  142 , 0.2)"
2008-04-01,LG,KF300,99,"rgba( 138 ,  141 ,  142 , 0.2)"
2008-02-01,LG,KM500,101.5,"rgba( 138 ,  141 ,  142 , 0.2)"
2008-05-01,LG,KM386,108,"rgba( 138 ,  141 ,  142 , 0.2)"
2008-06-01,LG,KM380,108,"rgba( 138 ,  141 ,  142 , 0.2)"
2008-02-01,LG,KM338,108,"rgba( 138 ,  141 ,  142 , 0.2)"
2008-02-01,LG,KP235,89,"rgba( 138 ,  141 ,  142 , 0.2)"
2008-05-01,LG,KP220,103,"rgba( 138 ,  141 ,  142 , 0.2)"
2008-04-01,LG,KP215,89,"rgba( 138 ,  141 ,  142 , 0.2)"
2008-02-01,LG,KP210,89,"rgba( 138 ,  141 ,  142 , 0.2)"
2008-02-01,LG,KP130,99.8,"rgba( 138 ,  141 ,  142 , 0.2)"
2008-04-01,LG,KP110,103.1,"rgba( 138 ,  141 ,  142 , 0.2)"
2008-04-01,LG,KP105,101,"rgba( 138 ,  141 ,  142 , 0.2)"
2008-04-01,LG,KP100,99.8,"rgba( 138 ,  141 ,  142 , 0.2)"
2007-10-01,LG,KU385,96,"rgba( 138 ,  141 ,  142 , 0.2)"
2007-11-01,LG,KU380,96,"rgba( 138 ,  141 ,  142 , 0.2)"
2007-07-01,LG,U960,103.9,"rgba( 138 ,  141 ,  142 , 0.2)"
2007-09-01,LG,KG290,92,"rgba( 138 ,  141 ,  142 , 0.2)"
2007-01-01,LG,KG288,99.5,"rgba( 138 ,  141 ,  142 , 0.2)"
2007-09-01,LG,KS20,99.8,"rgba( 138 ,  141 ,  142 , 0.2)"
2007-08-01,LG,KU990 Viewty,103.5,"rgba( 138 ,  141 ,  142 , 0.2)"
2008-03-01,LG,KE990 Viewty,103.5,"rgba( 138 ,  141 ,  142 , 0.2)"
2007-10-01,LG,KE590,97,"rgba( 138 ,  141 ,  142 , 0.2)"
2007-07-01,LG,KE500,97,"rgba( 138 ,  141 ,  142 , 0.2)"
2007-06-01,LG,KG280,95,"rgba( 138 ,  141 ,  142 , 0.2)"
2007-06-01,LG,KG275,98,"rgba( 138 ,  141 ,  142 , 0.2)"
2007-09-01,LG,MG160,98,"rgba( 138 ,  141 ,  142 , 0.2)"
2007-04-01,LG,KU580,94,"rgba( 138 ,  141 ,  142 , 0.2)"
2007-01-01,LG,KE850 Prada,98.8,"rgba( 138 ,  141 ,  142 , 0.2)"
2007-01-01,LG,KE970 Shine,99.8,"rgba( 138 ,  141 ,  142 , 0.2)"
2007-02-01,LG,KU970 Shine,99.8,"rgba( 138 ,  141 ,  142 , 0.2)"
2007-02-01,LG,KE770 Shine,105,"rgba( 138 ,  141 ,  142 , 0.2)"
2007-10-01,LG,CU720 Shine,100,"rgba( 138 ,  141 ,  142 , 0.2)"
2007-02-01,LG,KU950,102,"rgba( 138 ,  141 ,  142 , 0.2)"
2007-02-01,LG,KS10,103,"rgba( 138 ,  141 ,  142 , 0.2)"
2007-08-01,LG,Trax CU575,99,"rgba( 138 ,  141 ,  142 , 0.2)"
2007-10-01,LG,CU515,96,"rgba( 138 ,  141 ,  142 , 0.2)"
2007-09-01,LG,CE110,89.4,"rgba( 138 ,  141 ,  142 , 0.2)"
2007-02-01,LG,KU250,110.9,"rgba( 138 ,  141 ,  142 , 0.2)"
2006-11-01,LG,KE260,89,"rgba( 138 ,  141 ,  142 , 0.2)"
2006-10-01,LG,KE800,95,"rgba( 138 ,  141 ,  142 , 0.2)"
2006-10-01,LG,KE820,95,"rgba( 138 ,  141 ,  142 , 0.2)"
2006-09-01,LG,KU800,94.6,"rgba( 138 ,  141 ,  142 , 0.2)"
2006-10-01,LG,U830,98,"rgba( 138 ,  141 ,  142 , 0.2)"
2006-10-01,LG,L600v,93.7,"rgba( 138 ,  141 ,  142 , 0.2)"
2007-05-01,LG,KP202,87,"rgba( 138 ,  141 ,  142 , 0.2)"
2006-07-01,LG,U400,99.8,"rgba( 138 ,  141 ,  142 , 0.2)"
2006-10-01,LG,U310,94,"rgba( 138 ,  141 ,  142 , 0.2)"
2006-07-01,LG,U300,96,"rgba( 138 ,  141 ,  142 , 0.2)"
2006-03-01,LG,KG800,95,"rgba( 138 ,  141 ,  142 , 0.2)"
2006-05-01,LG,KG810,92,"rgba( 138 ,  141 ,  142 , 0.2)"
2006-03-01,LG,KE600,97,"rgba( 138 ,  141 ,  142 , 0.2)"
2006-10-01,LG,KG330,106,"rgba( 138 ,  141 ,  142 , 0.2)"
2006-03-01,LG,KG320,96,"rgba( 138 ,  141 ,  142 , 0.2)"
2006-11-01,LG,KG300,100,"rgba( 138 ,  141 ,  142 , 0.2)"
2007-10-01,LG,CG180,99,"rgba( 138 ,  141 ,  142 , 0.2)"
2006-11-01,LG,KG200,100,"rgba( 138 ,  141 ,  142 , 0.2)"
2007-07-01,LG,KG195,100,"rgba( 138 ,  141 ,  142 , 0.2)"
2006-02-01,LG,KG920,108,"rgba( 138 ,  141 ,  142 , 0.2)"
2006-02-01,LG,KU730,96.9,"rgba( 138 ,  141 ,  142 , 0.2)"
2006-04-01,LG,U900,100.6,"rgba( 138 ,  141 ,  142 , 0.2)"
2006-02-01,LG,V9000,103,"rgba( 138 ,  141 ,  142 , 0.2)"
2006-05-01,LG,KG190,84.5,"rgba( 138 ,  141 ,  142 , 0.2)"
2007-04-01,LG,KG130,103.4,"rgba( 138 ,  141 ,  142 , 0.2)"
2006-09-01,LG,KG110,102.8,"rgba( 138 ,  141 ,  142 , 0.2)"
2006-12-01,LG,C2600,102,"rgba( 138 ,  141 ,  142 , 0.2)"
2006-02-01,LG,U890,98.8,"rgba( 138 ,  141 ,  142 , 0.2)"
2006-02-01,LG,U8550,90,"rgba( 138 ,  141 ,  142 , 0.2)"
2006-01-01,LG,M6100,89.7,"rgba( 138 ,  141 ,  142 , 0.2)"
2005-12-01,LG,C2500,101,"rgba( 138 ,  141 ,  142 , 0.2)"
2006-02-01,LG,S5300,92,"rgba( 138 ,  141 ,  142 , 0.2)"
2005-10-01,LG,S5200,92,"rgba( 138 ,  141 ,  142 , 0.2)"
2005-10-01,LG,U880,98.8,"rgba( 138 ,  141 ,  142 , 0.2)"
2005-07-01,LG,B2250,107,"rgba( 138 ,  141 ,  142 , 0.2)"
2005-07-01,LG,B2070,104,"rgba( 138 ,  141 ,  142 , 0.2)"
2005-07-01,LG,B2050,105,"rgba( 138 ,  141 ,  142 , 0.2)"
2005-06-01,LG,U8380,95.7,"rgba( 138 ,  141 ,  142 , 0.2)"
2005-06-01,LG,U8360,92,"rgba( 138 ,  141 ,  142 , 0.2)"
2005-01-01,LG,B2150,105,"rgba( 138 ,  141 ,  142 , 0.2)"
2005-04-01,LG,B2100,103,"rgba( 138 ,  141 ,  142 , 0.2)"
2005-01-01,LG,B2000,104,"rgba( 138 ,  141 ,  142 , 0.2)"
2004-10-01,LG,F7250,98,"rgba( 138 ,  141 ,  142 , 0.2)"
2004-10-01,LG,G1800,99,"rgba( 138 ,  141 ,  142 , 0.2)"
2004-10-01,LG,G1700,101,"rgba( 138 ,  141 ,  142 , 0.2)"
2005-01-01,LG,G1610,104,"rgba( 138 ,  141 ,  142 , 0.2)"
2016-02-01,LG,G5,149.4,"rgba( 138 ,  141 ,  142 , 0.2)"
2016-02-01,LG,K8,144.6,"rgba( 138 ,  141 ,  142 , 0.2)"
2016-02-01,LG,Stylus 2,155,"rgba( 138 ,  141 ,  142 , 0.2)"
2016-01-01,LG,K10,146,"rgba( 138 ,  141 ,  142 , 0.2)"
2016-01-01,LG,K7,143.6,"rgba( 138 ,  141 ,  142 , 0.2)"
2016-01-01,LG,K4,131.9,"rgba( 138 ,  141 ,  142 , 0.2)"
2015-12-01,LG,G Pad II 8.3 LTE,216.8,"rgba( 138 ,  141 ,  142 , 0.2)"
2015-11-01,LG,Ray,152.5,"rgba( 138 ,  141 ,  142 , 0.2)"
2015-10-01,LG,G Vista 2,154.4,"rgba( 138 ,  141 ,  142 , 0.2)"
2015-10-01,LG,G Watch R W110,46.4,"rgba( 138 ,  141 ,  142 , 0.2)"
2015-10-01,LG,Watch Urbane W150,45.5,"rgba( 138 ,  141 ,  142 , 0.2)"
2015-10-01,LG,Watch Urbane 2nd Edition,44.5,"rgba( 138 ,  141 ,  142 , 0.2)"
2015-10-01,LG,V10,159.6,"rgba( 138 ,  141 ,  142 , 0.2)"
2015-09-01,LG,Nexus 5X,147,"rgba( 138 ,  141 ,  142 , 0.2)"
2015-09-01,LG,Zero,142,"rgba( 138 ,  141 ,  142 , 0.2)"
2015-08-01,LG,G Pad II 10.1,254.3,"rgba( 138 ,  141 ,  142 , 0.2)"
2015-08-01,LG,G Pad II 8.0 LTE,210.8,"rgba( 138 ,  141 ,  142 , 0.2)"
2015-08-01,LG,Wine Smart,117.7,"rgba( 138 ,  141 ,  142 , 0.2)"
2015-07-01,LG,Tribute 2,129.9,"rgba( 138 ,  141 ,  142 , 0.2)"
2015-07-01,LG,Bello II,140.8,"rgba( 138 ,  141 ,  142 , 0.2)"
2015-07-01,LG,G4 Beat,142.7,"rgba( 138 ,  141 ,  142 , 0.2)"
2015-06-01,LG,G360,108,"rgba( 138 ,  141 ,  142 , 0.2)"
2015-05-01,LG,G350,108,"rgba( 138 ,  141 ,  142 , 0.2)"
2015-05-01,LG,G4c,139.7,"rgba( 138 ,  141 ,  142 , 0.2)"
2015-05-01,LG,G4 Dual,149,"rgba( 138 ,  141 ,  142 , 0.2)"
2015-04-01,LG,G4,148.9,"rgba( 138 ,  141 ,  142 , 0.2)"
2015-05-01,LG,G Stylo (CDMA),154.4,"rgba( 138 ,  141 ,  142 , 0.2)"
2015-04-01,LG,G4 Stylus,154.3,"rgba( 138 ,  141 ,  142 , 0.2)"
2015-03-01,LG,AKA,138.7,"rgba( 138 ,  141 ,  142 , 0.2)"
2014-06-01,LG,G Watch W100,46.5,"rgba( 138 ,  141 ,  142 , 0.2)"
2015-02-01,LG,Magna,139.8,"rgba( 138 ,  141 ,  142 , 0.2)"
2015-02-01,LG,Spirit,133.3,"rgba( 138 ,  141 ,  142 , 0.2)"
2015-02-01,LG,Leon,129.9,"rgba( 138 ,  141 ,  142 , 0.2)"
2015-02-01,LG,Joy,122.7,"rgba( 138 ,  141 ,  142 , 0.2)"
2015-01-01,LG,G Flex2,149.1,"rgba( 138 ,  141 ,  142 , 0.2)"
2014-09-01,LG,Tribute,127.5,"rgba( 138 ,  141 ,  142 , 0.2)"
2014-11-01,LG,L Prime,138.2,"rgba( 138 ,  141 ,  142 , 0.2)"
2014-11-01,LG,G2 Lite,127.5,"rgba( 138 ,  141 ,  142 , 0.2)"
2014-10-01,LG,G3 Dual-LTE,146.3,"rgba( 138 ,  141 ,  142 , 0.2)"
2014-10-01,LG,G3 Screen,157.8,"rgba( 138 ,  141 ,  142 , 0.2)"
2014-09-01,LG,F60,127.5,"rgba( 138 ,  141 ,  142 , 0.2)"
2014-08-01,LG,L60,124.1,"rgba( 138 ,  141 ,  142 , 0.2)"
2014-08-01,LG,L60 Dual,124.1,"rgba( 138 ,  141 ,  142 , 0.2)"
2014-08-01,LG,G3 Stylus,149.3,"rgba( 138 ,  141 ,  142 , 0.2)"
2014-08-01,LG,L Bello,138.1,"rgba( 138 ,  141 ,  142 , 0.2)"
2014-08-01,LG,L Fino,127.5,"rgba( 138 ,  141 ,  142 , 0.2)"
2014-08-01,LG,G Pad 8.0 LTE,210.8,"rgba( 138 ,  141 ,  142 , 0.2)"
2014-08-01,LG,G Vista,152.1,"rgba( 138 ,  141 ,  142 , 0.2)"
2014-08-01,LG,G3 A,141,"rgba( 138 ,  141 ,  142 , 0.2)"
2014-08-01,LG,G Pad 7.0 LTE,189.2,"rgba( 138 ,  141 ,  142 , 0.2)"
2014-07-01,LG,L50,124.5,"rgba( 138 ,  141 ,  142 , 0.2)"
2014-06-01,LG,L30,105.6,"rgba( 138 ,  141 ,  142 , 0.2)"
2014-07-01,LG,L20,105.6,"rgba( 138 ,  141 ,  142 , 0.2)"
2014-08-01,LG,G Vista (CDMA),152.2,"rgba( 138 ,  141 ,  142 , 0.2)"
2014-01-01,LG,G3 LTE-A,146.3,"rgba( 138 ,  141 ,  142 , 0.2)"
2014-07-01,LG,G3 S Dual,137.7,"rgba( 138 ,  141 ,  142 , 0.2)"
2014-07-01,LG,G3 S,137.7,"rgba( 138 ,  141 ,  142 , 0.2)"
2014-06-01,LG,L65 D280,127.2,"rgba( 138 ,  141 ,  142 , 0.2)"
2014-07-01,LG,G3 (CDMA),146.3,"rgba( 138 ,  141 ,  142 , 0.2)"
2013-01-01,Prestigio,MultiPad 2 Prime Duo 8.0,204.2,"rgba( 0 ,  0 ,  0 , 0.2)"
2013-01-01,Prestigio,MultiPad 7.0 Ultra Duo,188,"rgba( 0 ,  0 ,  0 , 0.2)"
2013-01-01,Prestigio,MultiPad 8.0 Ultra Duo,207,"rgba( 0 ,  0 ,  0 , 0.2)"
2013-01-01,Prestigio,MultiPad 9.7 Ultra Duo,243,"rgba( 0 ,  0 ,  0 , 0.2)"
2013-01-01,Prestigio,MultiPad 7.0 Prime Duo,191,"rgba( 0 ,  0 ,  0 , 0.2)"
2013-01-01,Prestigio,MultiPad 8.0 Pro Duo,203,"rgba( 0 ,  0 ,  0 , 0.2)"
2013-01-01,Prestigio,MultiPad 7.0 Pro Duo,195,"rgba( 0 ,  0 ,  0 , 0.2)"
2013-01-01,Prestigio,MultiPad 8.0 HD,216.3,"rgba( 0 ,  0 ,  0 , 0.2)"
2013-01-01,Prestigio,MultiPad 7.0 Ultra + New,192,"rgba( 0 ,  0 ,  0 , 0.2)"
2013-01-01,Prestigio,MultiPad 7.0 HD +,192.4,"rgba( 0 ,  0 ,  0 , 0.2)"
2013-01-01,Prestigio,MultiPad 7.0 HD,194.7,"rgba( 0 ,  0 ,  0 , 0.2)"
2013-01-01,Prestigio,MultiPad 7.0 Ultra +,192,"rgba( 0 ,  0 ,  0 , 0.2)"
2013-01-01,Prestigio,MultiPad 7.0 Ultra,187,"rgba( 0 ,  0 ,  0 , 0.2)"
2013-01-01,Prestigio,MultiPad 7.0 Prime +,197,"rgba( 0 ,  0 ,  0 , 0.2)"
2013-01-01,Prestigio,MultiPad 7.0 Prime,197,"rgba( 0 ,  0 ,  0 , 0.2)"
2013-01-01,Prestigio,MultiPad 7.0 Pro,191.8,"rgba( 0 ,  0 ,  0 , 0.2)"
2014-01-01,Prestigio,MultiPhone 5508 Duo,142.5,"rgba( 0 ,  0 ,  0 , 0.2)"
2014-01-01,Prestigio,MultiPhone 5504 Duo,147.1,"rgba( 0 ,  0 ,  0 , 0.2)"
2014-01-01,Prestigio,MultiPhone 5503 Duo,144,"rgba( 0 ,  0 ,  0 , 0.2)"
2014-01-01,Prestigio,MultiPad 4 Quantum 10.1 3G,260,"rgba( 0 ,  0 ,  0 , 0.2)"
2014-01-01,Prestigio,MultiPad 4 Quantum 9.7 Colombia,241.5,"rgba( 0 ,  0 ,  0 , 0.2)"
2014-01-01,Prestigio,MultiPad 4 Ultra Quad 8.0 3G,204.3,"rgba( 0 ,  0 ,  0 , 0.2)"
2014-01-01,Prestigio,MultiPhone 7600 Duo,166.5,"rgba( 0 ,  0 ,  0 , 0.2)"
2014-01-01,Prestigio,MultiPhone 7500,144,"rgba( 0 ,  0 ,  0 , 0.2)"
2014-01-01,Prestigio,MultiPhone 5501 Duo,149.6,"rgba( 0 ,  0 ,  0 , 0.2)"
2014-01-01,Prestigio,MultiPhone 5500 Duo,146,"rgba( 0 ,  0 ,  0 , 0.2)"
2014-01-01,Prestigio,MultiPhone 5451 Duo,134,"rgba( 0 ,  0 ,  0 , 0.2)"
2014-01-01,Prestigio,MultiPhone 5450 Duo,134,"rgba( 0 ,  0 ,  0 , 0.2)"
2013-01-01,Prestigio,MultiPhone 5430 Duo,126,"rgba( 0 ,  0 ,  0 , 0.2)"
2013-01-01,Prestigio,MultiPhone 5400 Duo,126,"rgba( 0 ,  0 ,  0 , 0.2)"
2013-01-01,Prestigio,MultiPhone 5300 Duo,147,"rgba( 0 ,  0 ,  0 , 0.2)"
2013-01-01,Prestigio,MultiPhone 5044 Duo,145,"rgba( 0 ,  0 ,  0 , 0.2)"
2013-01-01,Prestigio,MultiPhone 5000 Duo,148.5,"rgba( 0 ,  0 ,  0 , 0.2)"
2013-01-01,Prestigio,MultiPhone 4505 Duo,130,"rgba( 0 ,  0 ,  0 , 0.2)"
2013-01-01,Prestigio,MultiPhone 4500 Duo,135,"rgba( 0 ,  0 ,  0 , 0.2)"
2013-01-01,Prestigio,MultiPhone 4322 Duo,130,"rgba( 0 ,  0 ,  0 , 0.2)"
2013-01-01,Prestigio,MultiPhone 4300 Duo,128,"rgba( 0 ,  0 ,  0 , 0.2)"
2013-01-01,Prestigio,MultiPhone 4055 Duo,127.1,"rgba( 0 ,  0 ,  0 , 0.2)"
2013-01-01,Prestigio,MultiPhone 4044 Duo,125,"rgba( 0 ,  0 ,  0 , 0.2)"
2013-01-01,Prestigio,MultiPhone 4040 Duo,124,"rgba( 0 ,  0 ,  0 , 0.2)"
2013-01-01,Prestigio,MultiPhone 3540 Duo,118,"rgba( 0 ,  0 ,  0 , 0.2)"
2013-01-01,Prestigio,MultiPad 4 Ultimate 8.0 3G,204,"rgba( 0 ,  0 ,  0 , 0.2)"
2013-01-01,Prestigio,MultiPad 7.0 Prime Duo 3G,198,"rgba( 0 ,  0 ,  0 , 0.2)"
2013-01-01,Prestigio,Multipad 4 Quantum 10.1,260,"rgba( 0 ,  0 ,  0 , 0.2)"
2013-01-01,Prestigio,Multipad 4 Quantum 9.7,241.5,"rgba( 0 ,  0 ,  0 , 0.2)"
2013-01-01,Prestigio,Multipad 4 Quantum 7.85,203.5,"rgba( 0 ,  0 ,  0 , 0.2)"
2013-01-01,Prestigio,MultiPad Note 8.0 3G,207,"rgba( 0 ,  0 ,  0 , 0.2)"
2013-01-01,Prestigio,MultiPad 2 Pro Duo 8.0 3G,203.4,"rgba( 0 ,  0 ,  0 , 0.2)"
2013-01-01,Prestigio,MultiPad 2 Ultra Duo 8.0 3G,204,"rgba( 0 ,  0 ,  0 , 0.2)"
2013-01-01,Prestigio,MultiPad 2 Ultra Duo 8.0,204,"rgba( 0 ,  0 ,  0 , 0.2)"
2013-01-01,Prestigio,MultiPad 10.1 Ultimate 3G,175,"rgba( 0 ,  0 ,  0 , 0.2)"
2013-01-01,Prestigio,MultiPad 10.1 Ultimate,175,"rgba( 0 ,  0 ,  0 , 0.2)"
2013-01-01,Prestigio,MultiPad 7.0 Prime 3G,198,"rgba( 0 ,  0 ,  0 , 0.2)"
2015-11-01,Nvidia,Shield K1,221,"rgba( 0 ,  0 ,  0 , 0.2)"
2014-07-01,Nvidia,Shield LTE,221,"rgba( 0 ,  0 ,  0 , 0.2)"
2014-07-01,Nvidia,Shield,221,"rgba( 0 ,  0 ,  0 , 0.2)"
2006-04-01,Haier,N70,93,"rgba( 38 ,  104 ,  206 , 0.2)"
2010-04-01,Haier,U69,110,"rgba( 38 ,  104 ,  206 , 0.2)"
2010-01-01,Haier,U60,104,"rgba( 38 ,  104 ,  206 , 0.2)"
2010-01-01,Haier,U56,115,"rgba( 38 ,  104 ,  206 , 0.2)"
2010-01-01,Haier,K3,109,"rgba( 38 ,  104 ,  206 , 0.2)"
2010-01-01,Haier,A66,100,"rgba( 38 ,  104 ,  206 , 0.2)"
2010-05-01,Haier,V730,116,"rgba( 38 ,  104 ,  206 , 0.2)"
2010-01-01,Haier,V700,115,"rgba( 38 ,  104 ,  206 , 0.2)"
2010-01-01,Haier,M160,108,"rgba( 38 ,  104 ,  206 , 0.2)"
2006-01-01,Haier,A7,80,"rgba( 38 ,  104 ,  206 , 0.2)"
2006-07-01,Haier,M600 Black Pearl,90.6,"rgba( 38 ,  104 ,  206 , 0.2)"
2006-04-01,Haier,A600,117,"rgba( 38 ,  104 ,  206 , 0.2)"
2005-01-01,Haier,M2000,89,"rgba( 38 ,  104 ,  206 , 0.2)"
2005-01-01,Haier,M1200,81.9,"rgba( 38 ,  104 ,  206 , 0.2)"
2005-01-01,Haier,M1100,81.9,"rgba( 38 ,  104 ,  206 , 0.2)"
2005-01-01,Haier,M1000,81.9,"rgba( 38 ,  104 ,  206 , 0.2)"
2006-04-01,Haier,M80,97,"rgba( 38 ,  104 ,  206 , 0.2)"
2006-04-01,Haier,M260,104,"rgba( 38 ,  104 ,  206 , 0.2)"
2006-04-01,Haier,N90,104,"rgba( 38 ,  104 ,  206 , 0.2)"
2013-01-01,verykool,i603,100,"rgba( 248 ,  159 ,  73 , 0.2)"
2013-01-01,verykool,i128,108.5,"rgba( 248 ,  159 ,  73 , 0.2)"
2013-01-01,verykool,i133,110,"rgba( 248 ,  159 ,  73 , 0.2)"
2013-09-01,verykool,s400,119,"rgba( 248 ,  159 ,  73 , 0.2)"
2013-01-01,verykool,i127,109,"rgba( 248 ,  159 ,  73 , 0.2)"
2013-09-01,verykool,s470,137,"rgba( 248 ,  159 ,  73 , 0.2)"
2013-09-01,verykool,i316,89,"rgba( 248 ,  159 ,  73 , 0.2)"
2013-01-01,verykool,RS90,144,"rgba( 248 ,  159 ,  73 , 0.2)"
2013-01-01,verykool,i126,111.4,"rgba( 248 ,  159 ,  73 , 0.2)"
2013-01-01,verykool,RS75,121.6,"rgba( 248 ,  159 ,  73 , 0.2)"
2013-01-01,verykool,i607,111,"rgba( 248 ,  159 ,  73 , 0.2)"
2013-01-01,verykool,s732,117.5,"rgba( 248 ,  159 ,  73 , 0.2)"
2013-01-01,verykool,s758,152.3,"rgba( 248 ,  159 ,  73 , 0.2)"
2013-01-01,verykool,s350,113,"rgba( 248 ,  159 ,  73 , 0.2)"
2013-01-01,verykool,R623,115,"rgba( 248 ,  159 ,  73 , 0.2)"
2013-01-01,verykool,i601,100,"rgba( 248 ,  159 ,  73 , 0.2)"
2013-01-01,verykool,i121C,109,"rgba( 248 ,  159 ,  73 , 0.2)"
2013-01-01,verykool,i121,109,"rgba( 248 ,  159 ,  73 , 0.2)"
2013-01-01,verykool,R25,111.4,"rgba( 248 ,  159 ,  73 , 0.2)"
2012-01-01,verykool,s735,118.5,"rgba( 248 ,  159 ,  73 , 0.2)"
2012-11-01,verykool,s135,108,"rgba( 248 ,  159 ,  73 , 0.2)"
2012-11-01,verykool,i320,96,"rgba( 248 ,  159 ,  73 , 0.2)"
2012-10-01,verykool,i315N,80,"rgba( 248 ,  159 ,  73 , 0.2)"
2012-10-01,verykool,s635,108,"rgba( 248 ,  159 ,  73 , 0.2)"
2012-10-01,verykool,s728,104,"rgba( 248 ,  159 ,  73 , 0.2)"
2012-10-01,verykool,i625,111,"rgba( 248 ,  159 ,  73 , 0.2)"
2012-10-01,verykool,i130,107,"rgba( 248 ,  159 ,  73 , 0.2)"
2012-08-01,verykool,R800,216,"rgba( 248 ,  159 ,  73 , 0.2)"
2012-08-01,verykool,i123,107,"rgba( 248 ,  159 ,  73 , 0.2)"
2012-01-01,verykool,s757,148,"rgba( 248 ,  159 ,  73 , 0.2)"
2012-06-01,verykool,i675,122,"rgba( 248 ,  159 ,  73 , 0.2)"
2012-06-01,verykool,i674,122,"rgba( 248 ,  159 ,  73 , 0.2)"
2012-05-01,verykool,i672,119,"rgba( 248 ,  159 ,  73 , 0.2)"
2012-01-01,verykool,R16,109.9,"rgba( 248 ,  159 ,  73 , 0.2)"
2012-01-01,verykool,s700,117,"rgba( 248 ,  159 ,  73 , 0.2)"
2012-01-01,verykool,i605,118,"rgba( 248 ,  159 ,  73 , 0.2)"
2012-01-01,verykool,i604,118,"rgba( 248 ,  159 ,  73 , 0.2)"
2012-01-01,verykool,i125,107,"rgba( 248 ,  159 ,  73 , 0.2)"
2011-10-01,verykool,S815,105.5,"rgba( 248 ,  159 ,  73 , 0.2)"
2011-01-01,verykool,R23,111,"rgba( 248 ,  159 ,  73 , 0.2)"
2011-07-01,verykool,R620,115.8,"rgba( 248 ,  159 ,  73 , 0.2)"
2011-04-01,verykool,i285,117,"rgba( 248 ,  159 ,  73 , 0.2)"
2011-04-01,verykool,i725,107,"rgba( 248 ,  159 ,  73 , 0.2)"
2011-01-01,verykool,CD611,103,"rgba( 248 ,  159 ,  73 , 0.2)"
2011-01-01,verykool,i800,111,"rgba( 248 ,  159 ,  73 , 0.2)"
2011-01-01,verykool,i720,102,"rgba( 248 ,  159 ,  73 , 0.2)"
2011-01-01,verykool,i705,94,"rgba( 248 ,  159 ,  73 , 0.2)"
2011-01-01,verykool,R80,118,"rgba( 248 ,  159 ,  73 , 0.2)"
2011-01-01,verykool,R13,109.9,"rgba( 248 ,  159 ,  73 , 0.2)"
2011-01-01,verykool,s810,115,"rgba( 248 ,  159 ,  73 , 0.2)"
2011-01-01,verykool,i650,116,"rgba( 248 ,  159 ,  73 , 0.2)"
2011-01-01,verykool,i610,115,"rgba( 248 ,  159 ,  73 , 0.2)"
2011-01-01,verykool,i600,98,"rgba( 248 ,  159 ,  73 , 0.2)"
2011-01-01,verykool,i410,93,"rgba( 248 ,  159 ,  73 , 0.2)"
2011-01-01,verykool,i310,91,"rgba( 248 ,  159 ,  73 , 0.2)"
2011-01-01,verykool,i315,80,"rgba( 248 ,  159 ,  73 , 0.2)"
2011-01-01,verykool,i305,90,"rgba( 248 ,  159 ,  73 , 0.2)"
2011-01-01,verykool,i277,111,"rgba( 248 ,  159 ,  73 , 0.2)"
2011-01-01,verykool,i280,114,"rgba( 248 ,  159 ,  73 , 0.2)"
2011-01-01,verykool,i270,102.6,"rgba( 248 ,  159 ,  73 , 0.2)"
2011-01-01,verykool,i122,107,"rgba( 248 ,  159 ,  73 , 0.2)"
2011-01-01,verykool,i119,105,"rgba( 248 ,  159 ,  73 , 0.2)"
2011-01-01,verykool,i117,107,"rgba( 248 ,  159 ,  73 , 0.2)"
2011-01-01,verykool,i115,107,"rgba( 248 ,  159 ,  73 , 0.2)"
2016-02-01,verykool,SL5011 Spark LTE,143,"rgba( 248 ,  159 ,  73 , 0.2)"
2016-01-01,verykool,SL6010 Cyprus LTE,167.3,"rgba( 248 ,  159 ,  73 , 0.2)"
2015-12-01,verykool,s5025 Helix,143.5,"rgba( 248 ,  159 ,  73 , 0.2)"
2015-12-01,verykool,s5020 Giant,145,"rgba( 248 ,  159 ,  73 , 0.2)"
2015-12-01,verykool,s5001 Lotus,145,"rgba( 248 ,  159 ,  73 , 0.2)"
2015-12-01,verykool,SL4502 Fusion II,139.9,"rgba( 248 ,  159 ,  73 , 0.2)"
2015-12-01,verykool,SL5550 Maverick LTE,155,"rgba( 248 ,  159 ,  73 , 0.2)"
2015-11-01,verykool,s5518Q Maverick,157.5,"rgba( 248 ,  159 ,  73 , 0.2)"
2015-11-01,verykool,s5017Q Dorado,148.3,"rgba( 248 ,  159 ,  73 , 0.2)"
2015-09-01,verykool,sl5009 Jet,147,"rgba( 248 ,  159 ,  73 , 0.2)"
2015-08-01,verykool,R28 Denali,132,"rgba( 248 ,  159 ,  73 , 0.2)"
2015-08-01,verykool,T7440 Kolorpad II,192,"rgba( 248 ,  159 ,  73 , 0.2)"
2015-08-01,verykool,s5017 Dorado,148.3,"rgba( 248 ,  159 ,  73 , 0.2)"
2015-08-01,verykool,s3504 Mystic II,119,"rgba( 248 ,  159 ,  73 , 0.2)"
2015-07-01,verykool,s5518 Maverick,157,"rgba( 248 ,  159 ,  73 , 0.2)"
2014-10-01,verykool,s5012 Orbit,146.1,"rgba( 248 ,  159 ,  73 , 0.2)"
2015-03-01,verykool,SL4500 Fusion,131.6,"rgba( 248 ,  159 ,  73 , 0.2)"
2014-10-01,verykool,i330 Sunray,107.8,"rgba( 248 ,  159 ,  73 , 0.2)"
2014-09-01,verykool,s4510 Luna,136,"rgba( 248 ,  159 ,  73 , 0.2)"
2015-02-01,verykool,s5014 Atlas,149,"rgba( 248 ,  159 ,  73 , 0.2)"
2015-02-01,verykool,s6001 Cyprus,166,"rgba( 248 ,  159 ,  73 , 0.2)"
2015-01-01,verykool,s5015 Spark II,143.5,"rgba( 248 ,  159 ,  73 , 0.2)"
2015-01-01,verykool,s4010 Gazelle,127.5,"rgba( 248 ,  159 ,  73 , 0.2)"
2015-01-01,verykool,s4002 Leo,122,"rgba( 248 ,  159 ,  73 , 0.2)"
2014-11-01,verykool,s3501 Lynx,113.4,"rgba( 248 ,  159 ,  73 , 0.2)"
2014-09-01,verykool,R27,111.4,"rgba( 248 ,  159 ,  73 , 0.2)"
2014-10-01,verykool,s5511 Juno Quatro,150.4,"rgba( 248 ,  159 ,  73 , 0.2)"
2014-10-01,verykool,s5510 Juno,150.4,"rgba( 248 ,  159 ,  73 , 0.2)"
2014-07-01,verykool,s354,119,"rgba( 248 ,  159 ,  73 , 0.2)"
2014-09-01,verykool,SL5000 Quantum,143,"rgba( 248 ,  159 ,  73 , 0.2)"
2014-06-01,verykool,s401,126,"rgba( 248 ,  159 ,  73 , 0.2)"
2014-06-01,verykool,i129,113.5,"rgba( 248 ,  159 ,  73 , 0.2)"
2014-05-01,verykool,s505,143.5,"rgba( 248 ,  159 ,  73 , 0.2)"
2014-05-01,verykool,s450,131.4,"rgba( 248 ,  159 ,  73 , 0.2)"
2014-02-01,verykool,T742,192,"rgba( 248 ,  159 ,  73 , 0.2)"
2014-01-01,verykool,R80L Granite II,109.9,"rgba( 248 ,  159 ,  73 , 0.2)"
2014-01-01,verykool,i240,116,"rgba( 248 ,  159 ,  73 , 0.2)"
2004-04-01,NEC,e228,129,"rgba( 0 ,  0 ,  0 , 0.2)"
2004-03-01,NEC,N410i,101,"rgba( 0 ,  0 ,  0 , 0.2)"
2004-03-01,NEC,N400i,101,"rgba( 0 ,  0 ,  0 , 0.2)"
2004-01-01,NEC,N900,85,"rgba( 0 ,  0 ,  0 , 0.2)"
2004-04-01,NEC,N830,101,"rgba( 0 ,  0 ,  0 , 0.2)"
2003-10-01,NEC,N820,101,"rgba( 0 ,  0 ,  0 , 0.2)"
2004-01-01,NEC,N710,91,"rgba( 0 ,  0 ,  0 , 0.2)"
2003-10-01,NEC,N700,90,"rgba( 0 ,  0 ,  0 , 0.2)"
2003-10-01,NEC,c616v,103,"rgba( 0 ,  0 ,  0 , 0.2)"
2003-10-01,NEC,e616,103,"rgba( 0 ,  0 ,  0 , 0.2)"
2013-06-01,NEC,Terrain,127.5,"rgba( 0 ,  0 ,  0 , 0.2)"
2006-04-01,NEC,804N,93,"rgba( 0 ,  0 ,  0 , 0.2)"
2006-01-01,NEC,e1108,103,"rgba( 0 ,  0 ,  0 , 0.2)"
2005-01-01,NEC,N344i,109,"rgba( 0 ,  0 ,  0 , 0.2)"
2006-05-01,NEC,e373,92,"rgba( 0 ,  0 ,  0 , 0.2)"
2006-02-01,NEC,N500i,93,"rgba( 0 ,  0 ,  0 , 0.2)"
2006-02-01,NEC,e636,102,"rgba( 0 ,  0 ,  0 , 0.2)"
2006-07-01,NEC,N908,83.4,"rgba( 0 ,  0 ,  0 , 0.2)"
2005-10-01,NEC,e121,106,"rgba( 0 ,  0 ,  0 , 0.2)"
2005-04-01,NEC,e949/L1,102,"rgba( 0 ,  0 ,  0 , 0.2)"
2005-07-01,NEC,N600i,94.4,"rgba( 0 ,  0 ,  0 , 0.2)"
2005-01-01,NEC,e540/N411i,93,"rgba( 0 ,  0 ,  0 , 0.2)"
2005-01-01,NEC,N401i,90,"rgba( 0 ,  0 ,  0 , 0.2)"
2005-01-01,NEC,N850,93,"rgba( 0 ,  0 ,  0 , 0.2)"
2004-10-01,NEC,N840,100,"rgba( 0 ,  0 ,  0 , 0.2)"
2004-10-01,NEC,e101,84,"rgba( 0 ,  0 ,  0 , 0.2)"
2004-07-01,NEC,e338,93.8,"rgba( 0 ,  0 ,  0 , 0.2)"
2015-11-01,Parla,Minu P124,112,"rgba( 0 ,  0 ,  0 , 0.2)"
2015-06-01,Parla,Sonic 3.5S,117.8,"rgba( 0 ,  0 ,  0 , 0.2)"
2014-09-01,Parla,Minu P123,106.5,"rgba( 0 ,  0 ,  0 , 0.2)"
2013-09-01,Parla,Sonic 3.5,116,"rgba( 0 ,  0 ,  0 , 0.2)"
2013-09-01,Parla,Zum Bianco,103.8,"rgba( 0 ,  0 ,  0 , 0.2)"
2013-09-01,Parla,Minu,110.6,"rgba( 0 ,  0 ,  0 , 0.2)"
2012-06-01,Parla,Gala,105.5,"rgba( 0 ,  0 ,  0 , 0.2)"
2012-06-01,Parla,Spriz,104.6,"rgba( 0 ,  0 ,  0 , 0.2)"
2012-06-01,Parla,Mist,104.6,"rgba( 0 ,  0 ,  0 , 0.2)"
2012-06-01,Parla,Zum,103.8,"rgba( 0 ,  0 ,  0 , 0.2)"
2012-01-01,Karbonn,A9,120,"rgba( 236 ,  60 ,  48 , 0.2)"
2012-01-01,Karbonn,KT62,100,"rgba( 236 ,  60 ,  48 , 0.2)"
2012-01-01,Karbonn,K52 Groovster,115,"rgba( 236 ,  60 ,  48 , 0.2)"
2012-01-01,Karbonn,K4+ Titan,118.8,"rgba( 236 ,  60 ,  48 , 0.2)"
2012-01-01,Karbonn,K707 Spy II,118.9,"rgba( 236 ,  60 ,  48 , 0.2)"
2012-01-01,Karbonn,K451+ Sound Wave,116.5,"rgba( 236 ,  60 ,  48 , 0.2)"
2012-01-01,Karbonn,KC540 Blaze,111.2,"rgba( 236 ,  60 ,  48 , 0.2)"
2012-01-01,Karbonn,K1+ Stereo,109,"rgba( 236 ,  60 ,  48 , 0.2)"
2012-01-01,Karbonn,A1+,114.5,"rgba( 236 ,  60 ,  48 , 0.2)"
2012-01-01,Karbonn,K36+ Jumbo Mini,111,"rgba( 236 ,  60 ,  48 , 0.2)"
2012-01-01,Karbonn,K101+ Media Champ,104,"rgba( 236 ,  60 ,  48 , 0.2)"
2012-01-01,Karbonn,K440,119.5,"rgba( 236 ,  60 ,  48 , 0.2)"
2012-01-01,Karbonn,A9+,120,"rgba( 236 ,  60 ,  48 , 0.2)"
2012-01-01,Karbonn,A30,166,"rgba( 236 ,  60 ,  48 , 0.2)"
2015-03-01,Karbonn,Titanium Mach Two S360,138,"rgba( 236 ,  60 ,  48 , 0.2)"
2014-09-01,Karbonn,Titanium Wind W4,125.1,"rgba( 236 ,  60 ,  48 , 0.2)"
2014-06-01,Karbonn,Titanium S99,133,"rgba( 236 ,  60 ,  48 , 0.2)"
2014-09-01,Karbonn,Sparkle V,132,"rgba( 236 ,  60 ,  48 , 0.2)"
2014-07-01,Karbonn,Smart A12 Star,124.2,"rgba( 236 ,  60 ,  48 , 0.2)"
2014-03-01,Karbonn,Titanium Hexa,154,"rgba( 236 ,  60 ,  48 , 0.2)"
2014-03-01,Karbonn,Titanium Octane Plus,147.3,"rgba( 236 ,  60 ,  48 , 0.2)"
2014-03-01,Karbonn,Titanium Octane,145.7,"rgba( 236 ,  60 ,  48 , 0.2)"
2014-01-01,Karbonn,Titanium X,143.9,"rgba( 236 ,  60 ,  48 , 0.2)"
2013-12-01,Karbonn,Titanium S5 Plus,138,"rgba( 236 ,  60 ,  48 , 0.2)"
2013-11-01,Karbonn,S7 Titanium,143.5,"rgba( 236 ,  60 ,  48 , 0.2)"
2013-01-01,Karbonn,A37,197,"rgba( 236 ,  60 ,  48 , 0.2)"
2013-01-01,Karbonn,A34,197,"rgba( 236 ,  60 ,  48 , 0.2)"
2013-01-01,Karbonn,A25,146,"rgba( 236 ,  60 ,  48 , 0.2)"
2013-01-01,Karbonn,A7 Star,113,"rgba( 236 ,  60 ,  48 , 0.2)"
2013-01-01,Karbonn,A4+,123,"rgba( 236 ,  60 ,  48 , 0.2)"
2013-01-01,Karbonn,A2+,124,"rgba( 236 ,  60 ,  48 , 0.2)"
2013-03-01,Karbonn,A27 Retina,133.6,"rgba( 236 ,  60 ,  48 , 0.2)"
2013-03-01,Karbonn,A111,148,"rgba( 236 ,  60 ,  48 , 0.2)"
2013-03-01,Karbonn,A6,128,"rgba( 236 ,  60 ,  48 , 0.2)"
2013-03-01,Karbonn,A4,124.8,"rgba( 236 ,  60 ,  48 , 0.2)"
2013-03-01,Karbonn,A3,113,"rgba( 236 ,  60 ,  48 , 0.2)"
2013-03-01,Karbonn,A2,124,"rgba( 236 ,  60 ,  48 , 0.2)"
2013-03-01,Karbonn,S5 Titanium,144,"rgba( 236 ,  60 ,  48 , 0.2)"
2013-01-01,Karbonn,S1 Titanium,134.6,"rgba( 236 ,  60 ,  48 , 0.2)"
2012-01-01,Karbonn,K9 Jumbo,115,"rgba( 236 ,  60 ,  48 , 0.2)"
2015-01-01,BLU,Studio X Plus,155.5,"rgba( 127 ,  127 ,  127 , 0.2)"
2015-01-01,BLU,Studio X,144,"rgba( 127 ,  127 ,  127 , 0.2)"
2015-01-01,BLU,Vivo Air,139.8,"rgba( 127 ,  127 ,  127 , 0.2)"
2014-12-01,BLU,Studio 6.0 LTE,163.5,"rgba( 127 ,  127 ,  127 , 0.2)"
2014-12-01,BLU,Studio 5.0 HD LTE,145.7,"rgba( 127 ,  127 ,  127 , 0.2)"
2014-11-01,BLU,Studio Mini LTE,137.1,"rgba( 127 ,  127 ,  127 , 0.2)"
2014-11-01,BLU,Studio 7.0,187.5,"rgba( 127 ,  127 ,  127 , 0.2)"
2014-10-01,BLU,Sport 4.5,134.6,"rgba( 127 ,  127 ,  127 , 0.2)"
2014-10-01,BLU,Life View 8.0,200,"rgba( 127 ,  127 ,  127 , 0.2)"
2014-11-01,BLU,Dash Music JR,125,"rgba( 127 ,  127 ,  127 , 0.2)"
2014-10-01,BLU,Life Play Mini,127,"rgba( 127 ,  127 ,  127 , 0.2)"
2014-11-01,BLU,Dash C Music,125,"rgba( 127 ,  127 ,  127 , 0.2)"
2014-09-01,BLU,Win JR,125,"rgba( 127 ,  127 ,  127 , 0.2)"
2014-09-01,BLU,Win HD,144.8,"rgba( 127 ,  127 ,  127 , 0.2)"
2014-08-01,BLU,Studio 5.0 C HD,146,"rgba( 127 ,  127 ,  127 , 0.2)"
2014-08-01,BLU,Studio C Mini,138,"rgba( 127 ,  127 ,  127 , 0.2)"
2014-08-01,BLU,Studio 5.0 C,145,"rgba( 127 ,  127 ,  127 , 0.2)"
2014-08-01,BLU,Studio 5.0 CE,145,"rgba( 127 ,  127 ,  127 , 0.2)"
2014-05-01,BLU,Vivo IV,145.1,"rgba( 127 ,  127 ,  127 , 0.2)"
2014-05-01,BLU,Life 8,145,"rgba( 127 ,  127 ,  127 , 0.2)"
2014-04-01,BLU,Life Pure XL,150.6,"rgba( 127 ,  127 ,  127 , 0.2)"
2014-04-01,BLU,Studio 5.0 LTE,145.5,"rgba( 127 ,  127 ,  127 , 0.2)"
2014-04-01,BLU,Studio 6.0 HD,168,"rgba( 127 ,  127 ,  127 , 0.2)"
2014-04-01,BLU,Neo 4.5,136,"rgba( 127 ,  127 ,  127 , 0.2)"
2014-04-01,BLU,Neo 3.5,117,"rgba( 127 ,  127 ,  127 , 0.2)"
2014-01-01,BLU,Studio 5.0 S II,145,"rgba( 127 ,  127 ,  127 , 0.2)"
2014-01-01,BLU,Studio 5.0 E,146,"rgba( 127 ,  127 ,  127 , 0.2)"
2014-01-01,BLU,Studio 5.5 S,156,"rgba( 127 ,  127 ,  127 , 0.2)"
2014-02-01,BLU,Life Pure Mini,130,"rgba( 127 ,  127 ,  127 , 0.2)"
2014-01-01,BLU,Vivo 4.8 HD,137,"rgba( 127 ,  127 ,  127 , 0.2)"
2014-01-01,BLU,Life View Tab,205,"rgba( 127 ,  127 ,  127 , 0.2)"
2014-01-01,BLU,Life Play S,137.5,"rgba( 127 ,  127 ,  127 , 0.2)"
2014-01-01,BLU,Life One X,143.5,"rgba( 127 ,  127 ,  127 , 0.2)"
2014-01-01,BLU,Life One M,144,"rgba( 127 ,  127 ,  127 , 0.2)"
2013-12-01,BLU,Life Play X,137,"rgba( 127 ,  127 ,  127 , 0.2)"
2013-12-01,BLU,Life Pure,142,"rgba( 127 ,  127 ,  127 , 0.2)"
2013-12-01,BLU,Studio 5.0 II,146,"rgba( 127 ,  127 ,  127 , 0.2)"
2013-12-01,BLU,Advance 4.0,125,"rgba( 127 ,  127 ,  127 , 0.2)"
2013-11-01,BLU,Life Pro,147,"rgba( 127 ,  127 ,  127 , 0.2)"
2013-09-01,BLU,Studio 5.5,157,"rgba( 127 ,  127 ,  127 , 0.2)"
2013-08-01,BLU,Samba W,107.8,"rgba( 127 ,  127 ,  127 , 0.2)"
2013-05-01,BLU,Samba TV,107.8,"rgba( 127 ,  127 ,  127 , 0.2)"
2013-08-01,BLU,Jenny TV 2.8,128,"rgba( 127 ,  127 ,  127 , 0.2)"
2013-08-01,BLU,Zoey,110,"rgba( 127 ,  127 ,  127 , 0.2)"
2013-08-01,BLU,Dash 5.0,146,"rgba( 127 ,  127 ,  127 , 0.2)"
2013-08-01,BLU,Dash Music 4.0,124,"rgba( 127 ,  127 ,  127 , 0.2)"
2013-08-01,BLU,Dash JR,116.5,"rgba( 127 ,  127 ,  127 , 0.2)"
2013-07-01,BLU,Dash 4.5,133,"rgba( 127 ,  127 ,  127 , 0.2)"
2013-05-01,BLU,Amour,128,"rgba( 127 ,  127 ,  127 , 0.2)"
2013-04-01,BLU,Studio 5.3 S,153,"rgba( 127 ,  127 ,  127 , 0.2)"
2013-04-01,BLU,Studio 5.0 S,143,"rgba( 127 ,  127 ,  127 , 0.2)"
2013-04-01,BLU,Studio 5.0,144,"rgba( 127 ,  127 ,  127 , 0.2)"
2013-04-01,BLU,Dash Music,124,"rgba( 127 ,  127 ,  127 , 0.2)"
2013-04-01,BLU,Diva X,127,"rgba( 127 ,  127 ,  127 , 0.2)"
2013-04-01,BLU,Diva,119,"rgba( 127 ,  127 ,  127 , 0.2)"
2013-03-01,BLU,Tattoo S,102,"rgba( 127 ,  127 ,  127 , 0.2)"
2013-03-01,BLU,Life View,161,"rgba( 127 ,  127 ,  127 , 0.2)"
2013-03-01,BLU,Life One,144,"rgba( 127 ,  127 ,  127 , 0.2)"
2013-03-01,BLU,Life Play,137,"rgba( 127 ,  127 ,  127 , 0.2)"
2013-02-01,BLU,Studio 5.3 II,150,"rgba( 127 ,  127 ,  127 , 0.2)"
2013-02-01,BLU,Tank 4.5,134,"rgba( 127 ,  127 ,  127 , 0.2)"
2013-02-01,BLU,Quattro 5.7 HD,161.2,"rgba( 127 ,  127 ,  127 , 0.2)"
2013-02-01,BLU,Quattro 4.5 HD,134,"rgba( 127 ,  127 ,  127 , 0.2)"
2013-02-01,BLU,Quattro 4.5,133,"rgba( 127 ,  127 ,  127 , 0.2)"
2012-12-01,BLU,Hero II,114,"rgba( 127 ,  127 ,  127 , 0.2)"
2012-12-01,BLU,Dash 4.0,124,"rgba( 127 ,  127 ,  127 , 0.2)"
2012-12-01,BLU,Dash 3.2,104,"rgba( 127 ,  127 ,  127 , 0.2)"
2012-11-01,BLU,Brooklyn,115,"rgba( 127 ,  127 ,  127 , 0.2)"
2012-12-01,BLU,Vivo 4.65 HD,135,"rgba( 127 ,  127 ,  127 , 0.2)"
2012-11-01,BLU,Touch Book 9.7,238,"rgba( 127 ,  127 ,  127 , 0.2)"
2012-09-01,BLU,Touch Book 7.0 Plus,197,"rgba( 127 ,  127 ,  127 , 0.2)"
2012-09-01,BLU,Touch Book 7.0 Lite,194,"rgba( 127 ,  127 ,  127 , 0.2)"
2012-09-01,BLU,Dash 3.5,115,"rgba( 127 ,  127 ,  127 , 0.2)"
2012-07-01,BLU,Elite 3.8,120,"rgba( 127 ,  127 ,  127 , 0.2)"
2011-12-01,BLU,Dash,103,"rgba( 127 ,  127 ,  127 , 0.2)"
2011-11-01,BLU,Hero,104,"rgba( 127 ,  127 ,  127 , 0.2)"
2012-06-01,BLU,Jenny TV,119,"rgba( 127 ,  127 ,  127 , 0.2)"
2012-07-01,BLU,Vivo 4.3,128,"rgba( 127 ,  127 ,  127 , 0.2)"
2012-06-01,BLU,Tank,114,"rgba( 127 ,  127 ,  127 , 0.2)"
2012-06-01,BLU,Jenny,110,"rgba( 127 ,  127 ,  127 , 0.2)"
2011-12-01,BLU,Studio 5.3,150,"rgba( 127 ,  127 ,  127 , 0.2)"
2011-08-01,BLU,Touch Book 7.0,197,"rgba( 127 ,  127 ,  127 , 0.2)"
2011-08-01,BLU,Neo Pro,101,"rgba( 127 ,  127 ,  127 , 0.2)"
2011-08-01,BLU,Neo XT,96,"rgba( 127 ,  127 ,  127 , 0.2)"
2011-08-01,BLU,Neo,96,"rgba( 127 ,  127 ,  127 , 0.2)"
2011-07-01,BLU,Deco Pro,108.5,"rgba( 127 ,  127 ,  127 , 0.2)"
2011-07-01,BLU,Deco XT,103,"rgba( 127 ,  127 ,  127 , 0.2)"
2011-07-01,BLU,Deco,103,"rgba( 127 ,  127 ,  127 , 0.2)"
2011-07-01,BLU,Deco Mini,99.3,"rgba( 127 ,  127 ,  127 , 0.2)"
2011-07-01,BLU,Electro,104,"rgba( 127 ,  127 ,  127 , 0.2)"
2011-07-01,BLU,Deejay Touch,96,"rgba( 127 ,  127 ,  127 , 0.2)"
2011-07-01,BLU,Spark,92,"rgba( 127 ,  127 ,  127 , 0.2)"
2011-07-01,BLU,Deejay Flip,92,"rgba( 127 ,  127 ,  127 , 0.2)"
2011-07-01,BLU,Tattoo Mini,99,"rgba( 127 ,  127 ,  127 , 0.2)"
2011-07-01,BLU,Samba Elite,102,"rgba( 127 ,  127 ,  127 , 0.2)"
2011-07-01,BLU,Samba JR,99.3,"rgba( 127 ,  127 ,  127 , 0.2)"
2011-07-01,BLU,Lindy,101,"rgba( 127 ,  127 ,  127 , 0.2)"
2011-07-01,BLU,Swing,84,"rgba( 127 ,  127 ,  127 , 0.2)"
2011-07-01,BLU,Bar Q,100.5,"rgba( 127 ,  127 ,  127 , 0.2)"
2011-02-01,BLU,Magic,111,"rgba( 127 ,  127 ,  127 , 0.2)"
2011-04-01,BLU,Ultra,105.5,"rgba( 127 ,  127 ,  127 , 0.2)"
2010-09-01,BLU,Tango,98.7,"rgba( 127 ,  127 ,  127 , 0.2)"
2010-10-01,BLU,Speed,109,"rgba( 127 ,  127 ,  127 , 0.2)"
2010-09-01,BLU,Flash,109,"rgba( 127 ,  127 ,  127 , 0.2)"
2010-09-01,BLU,Samba Mini,99.5,"rgba( 127 ,  127 ,  127 , 0.2)"
2010-09-01,BLU,Disco2GO II,111,"rgba( 127 ,  127 ,  127 , 0.2)"
2010-09-01,BLU,Deejay,103,"rgba( 127 ,  127 ,  127 , 0.2)"
2010-09-01,BLU,Click,103,"rgba( 127 ,  127 ,  127 , 0.2)"
2010-09-01,BLU,Brilliant,109,"rgba( 127 ,  127 ,  127 , 0.2)"
2010-09-01,BLU,Slim TV,109,"rgba( 127 ,  127 ,  127 , 0.2)"
2010-09-01,BLU,TV2Go Lite,110,"rgba( 127 ,  127 ,  127 , 0.2)"
2009-08-01,BLU,TV2Go,110,"rgba( 127 ,  127 ,  127 , 0.2)"
2010-01-01,BLU,Dual SIM Lite,98,"rgba( 127 ,  127 ,  127 , 0.2)"
2016-02-01,BLU,Energy X 2,143.5,"rgba( 127 ,  127 ,  127 , 0.2)"
2016-02-01,BLU,Neo X Plus,152.6,"rgba( 127 ,  127 ,  127 , 0.2)"
2016-02-01,BLU,Studio G HD,143.3,"rgba( 127 ,  127 ,  127 , 0.2)"
2016-02-01,BLU,Studio M HD,143.3,"rgba( 127 ,  127 ,  127 , 0.2)"
2016-01-01,BLU,Studio C HD,144.7,"rgba( 127 ,  127 ,  127 , 0.2)"
2016-01-01,BLU,Vivo XL,155.3,"rgba( 127 ,  127 ,  127 , 0.2)"
2016-01-01,BLU,Vivo 5,151.9,"rgba( 127 ,  127 ,  127 , 0.2)"
2015-12-01,BLU,Life One X (2016),149.5,"rgba( 127 ,  127 ,  127 , 0.2)"
2015-11-01,BLU,Studio G Plus,155.5,"rgba( 127 ,  127 ,  127 , 0.2)"
2015-11-01,BLU,Dash X LTE,142.5,"rgba( 127 ,  127 ,  127 , 0.2)"
2015-10-01,BLU,Studio 7.0 LTE,190,"rgba( 127 ,  127 ,  127 , 0.2)"
2015-10-01,BLU,Dash L,126,"rgba( 127 ,  127 ,  127 , 0.2)"
2015-10-01,BLU,Studio G LTE,143,"rgba( 127 ,  127 ,  127 , 0.2)"
2015-10-01,BLU,Dash M,145.2,"rgba( 127 ,  127 ,  127 , 0.2)"
2015-10-01,BLU,Dash X,142.5,"rgba( 127 ,  127 ,  127 , 0.2)"
2015-10-01,BLU,Studio Energy 2,144,"rgba( 127 ,  127 ,  127 , 0.2)"
2015-10-01,BLU,Dash X Plus,158.8,"rgba( 127 ,  127 ,  127 , 0.2)"
2015-09-01,BLU,Energy X,142,"rgba( 127 ,  127 ,  127 , 0.2)"
2015-09-01,BLU,Pure XL,164,"rgba( 127 ,  127 ,  127 , 0.2)"
2015-09-01,BLU,Vivo Air LTE,141.9,"rgba( 127 ,  127 ,  127 , 0.2)"
2015-08-01,BLU,Studio XL,165.5,"rgba( 127 ,  127 ,  127 , 0.2)"
2015-07-01,BLU,Life X8,140.7,"rgba( 127 ,  127 ,  127 , 0.2)"
2015-08-01,BLU,Touchbook G7,197.2,"rgba( 127 ,  127 ,  127 , 0.2)"
2015-08-01,BLU,Studio 7.0 II,194,"rgba( 127 ,  127 ,  127 , 0.2)"
2015-08-01,BLU,Studio C Super Camera,143,"rgba( 127 ,  127 ,  127 , 0.2)"
2015-07-01,BLU,Vivo Selfie,141,"rgba( 127 ,  127 ,  127 , 0.2)"
2015-07-01,BLU,Energy X Plus,150.5,"rgba( 127 ,  127 ,  127 , 0.2)"
2015-07-01,BLU,Studio C 5 + 5 LTE,143,"rgba( 127 ,  127 ,  127 , 0.2)"
2015-07-01,BLU,Studio C 5 + 5,143,"rgba( 127 ,  127 ,  127 , 0.2)"
2015-05-01,BLU,Life 8 XL,155,"rgba( 127 ,  127 ,  127 , 0.2)"
2015-05-01,BLU,Studio 5.5C,155,"rgba( 127 ,  127 ,  127 , 0.2)"
2015-05-01,BLU,Studio C,144,"rgba( 127 ,  127 ,  127 , 0.2)"
2015-05-01,BLU,Advance 4.0 L,128,"rgba( 127 ,  127 ,  127 , 0.2)"
2015-04-01,BLU,Selfie,146,"rgba( 127 ,  127 ,  127 , 0.2)"
2015-04-01,BLU,Win HD LTE,145,"rgba( 127 ,  127 ,  127 , 0.2)"
2015-04-01,BLU,Win JR LTE,133,"rgba( 127 ,  127 ,  127 , 0.2)"
2015-01-01,BLU,Life One (2015),143.5,"rgba( 127 ,  127 ,  127 , 0.2)"
2015-01-01,BLU,Life One XL,156,"rgba( 127 ,  127 ,  127 , 0.2)"
2015-01-01,BLU,Studio Energy,144.5,"rgba( 127 ,  127 ,  127 , 0.2)"
2015-01-01,BLU,Studio G,143,"rgba( 127 ,  127 ,  127 , 0.2)"
2007-10-01,WND,Wind Van Gogh 2100,98,"rgba( 80 ,  120 ,  160 , 0.2)"
2007-10-01,WND,Wind DUO 2300,99.5,"rgba( 80 ,  120 ,  160 , 0.2)"
2007-10-01,WND,Wind DUO 2200,98,"rgba( 80 ,  120 ,  160 , 0.2)"
2007-10-01,WND,Wind DUO 2100,98,"rgba( 80 ,  120 ,  160 , 0.2)"
2007-03-01,WND,Wind DUO 2000,97,"rgba( 80 ,  120 ,  160 , 0.2)"
2015-01-01,ZTE,Imperial II,142.2,"rgba( 35 ,  93 ,  171 , 0.2)"
2015-01-01,ZTE,Grand X Max+,162.1,"rgba( 35 ,  93 ,  171 , 0.2)"
2014-12-01,ZTE,Star 2,140.3,"rgba( 35 ,  93 ,  171 , 0.2)"
2014-12-01,ZTE,Grand X Plus Z826,144.6,"rgba( 35 ,  93 ,  171 , 0.2)"
2014-12-01,ZTE,Speed,134.6,"rgba( 35 ,  93 ,  171 , 0.2)"
2014-12-01,ZTE,Grand S II,157,"rgba( 35 ,  93 ,  171 , 0.2)"
2014-06-01,ZTE,Grand S Pro,142.2,"rgba( 35 ,  93 ,  171 , 0.2)"
2014-10-01,ZTE,Zinger,117.6,"rgba( 35 ,  93 ,  171 , 0.2)"
2014-10-01,ZTE,Grand Xmax,162.1,"rgba( 35 ,  93 ,  171 , 0.2)"
2014-09-01,ZTE,Zmax,162.6,"rgba( 35 ,  93 ,  171 , 0.2)"
2014-09-01,ZTE,Blade Vec 4G,142.3,"rgba( 35 ,  93 ,  171 , 0.2)"
2014-09-01,ZTE,Blade Vec 3G,139.3,"rgba( 35 ,  93 ,  171 , 0.2)"
2014-09-01,ZTE,Kis 3 Max,132,"rgba( 35 ,  93 ,  171 , 0.2)"
2014-08-01,ZTE,Nubia Z5S mini NX405H,134.9,"rgba( 35 ,  93 ,  171 , 0.2)"
2014-07-01,ZTE,Nubia Z7,153.2,"rgba( 35 ,  93 ,  171 , 0.2)"
2014-07-01,ZTE,Nubia Z7 Max,152.7,"rgba( 35 ,  93 ,  171 , 0.2)"
2014-07-01,ZTE,Nubia Z7 mini,140.9,"rgba( 35 ,  93 ,  171 , 0.2)"
2014-05-01,ZTE,Blade L2,142.5,"rgba( 35 ,  93 ,  171 , 0.2)"
2014-05-01,ZTE,Kis 3,126,"rgba( 35 ,  93 ,  171 , 0.2)"
2013-07-01,ZTE,Blade G2,133,"rgba( 35 ,  93 ,  171 , 0.2)"
2014-04-01,ZTE,Star 1,139,"rgba( 35 ,  93 ,  171 , 0.2)"
2014-04-01,ZTE,Redbull V5 V9180,139,"rgba( 35 ,  93 ,  171 , 0.2)"
2014-03-01,ZTE,Nubia X6,179.5,"rgba( 35 ,  93 ,  171 , 0.2)"
2014-02-01,ZTE,Grand Memo II LTE,161.5,"rgba( 35 ,  93 ,  171 , 0.2)"
2014-02-01,ZTE,Open C,126,"rgba( 35 ,  93 ,  171 , 0.2)"
2014-02-01,ZTE,Open II,118,"rgba( 35 ,  93 ,  171 , 0.2)"
2014-01-01,ZTE,Iconic Phablet,160,"rgba( 35 ,  93 ,  171 , 0.2)"
2014-01-01,ZTE,Sonata 4G,126,"rgba( 35 ,  93 ,  171 , 0.2)"
2014-01-01,ZTE,Grand S II S291,157,"rgba( 35 ,  93 ,  171 , 0.2)"
2013-11-01,ZTE,Nubia Z5S,137.7,"rgba( 35 ,  93 ,  171 , 0.2)"
2013-11-01,ZTE,Nubia Z5S mini NX403A,134.8,"rgba( 35 ,  93 ,  171 , 0.2)"
2013-11-01,ZTE,Grand S Flex,143,"rgba( 35 ,  93 ,  171 , 0.2)"
2013-10-01,ZTE,Blade Q Maxi,143,"rgba( 35 ,  93 ,  171 , 0.2)"
2013-10-01,ZTE,Blade Q,135.5,"rgba( 35 ,  93 ,  171 , 0.2)"
2013-10-01,ZTE,Blade Q Mini,125.5,"rgba( 35 ,  93 ,  171 , 0.2)"
2013-09-01,ZTE,Warp 4G,132.1,"rgba( 35 ,  93 ,  171 , 0.2)"
2013-09-01,ZTE,Blade V,126,"rgba( 35 ,  93 ,  171 , 0.2)"
2013-04-01,ZTE,Blade G V880G,133,"rgba( 35 ,  93 ,  171 , 0.2)"
2013-08-01,ZTE,Reef,127,"rgba( 35 ,  93 ,  171 , 0.2)"
2013-06-01,ZTE,Vital N9810,142,"rgba( 35 ,  93 ,  171 , 0.2)"
2013-03-01,ZTE,Grand X Pro,132.6,"rgba( 35 ,  93 ,  171 , 0.2)"
2013-06-01,ZTE,Grand X Quad V987,141,"rgba( 35 ,  93 ,  171 , 0.2)"
2013-04-01,ZTE,Geek V975,145,"rgba( 35 ,  93 ,  171 , 0.2)"
2013-02-01,ZTE,Grand Memo V9815,159.9,"rgba( 35 ,  93 ,  171 , 0.2)"
2013-02-01,ZTE,Open,114,"rgba( 35 ,  93 ,  171 , 0.2)"
2013-01-01,ZTE,Blade C V807,124,"rgba( 35 ,  93 ,  171 , 0.2)"
2013-04-01,ZTE,Director,118.1,"rgba( 35 ,  93 ,  171 , 0.2)"
2013-01-01,ZTE,V81,200,"rgba( 35 ,  93 ,  171 , 0.2)"
2013-01-01,ZTE,Grand S,142,"rgba( 35 ,  93 ,  171 , 0.2)"
2012-12-01,ZTE,Avid 4G,124,"rgba( 35 ,  93 ,  171 , 0.2)"
2012-11-01,ZTE,V889M,120.5,"rgba( 35 ,  93 ,  171 , 0.2)"
2012-11-01,ZTE,V887,148,"rgba( 35 ,  93 ,  171 , 0.2)"
2012-11-01,ZTE,Kis III V790,116,"rgba( 35 ,  93 ,  171 , 0.2)"
2012-11-01,ZTE,Groove X501,118.6,"rgba( 35 ,  93 ,  171 , 0.2)"
2012-12-01,ZTE,Nubia Z5,137.9,"rgba( 35 ,  93 ,  171 , 0.2)"
2012-11-01,ZTE,Flash,133.9,"rgba( 35 ,  93 ,  171 , 0.2)"
2012-09-01,ZTE,Anthem 4G,130.1,"rgba( 35 ,  93 ,  171 , 0.2)"
2012-09-01,ZTE,Warp Sequent,127,"rgba( 35 ,  93 ,  171 , 0.2)"
2012-09-01,ZTE,Grand Era U895,133,"rgba( 35 ,  93 ,  171 , 0.2)"
2012-09-01,ZTE,Blade III,123,"rgba( 35 ,  93 ,  171 , 0.2)"
2012-08-01,ZTE,Grand X IN,127,"rgba( 35 ,  93 ,  171 , 0.2)"
2012-05-01,ZTE,N880E,119,"rgba( 35 ,  93 ,  171 , 0.2)"
2012-07-01,ZTE,Grand X LTE T82,130.9,"rgba( 35 ,  93 ,  171 , 0.2)"
2012-02-01,ZTE,Grand X V970,127.4,"rgba( 35 ,  93 ,  171 , 0.2)"
2012-05-01,ZTE,U880E,120.5,"rgba( 35 ,  93 ,  171 , 0.2)"
2012-03-01,ZTE,Score M,112,"rgba( 35 ,  93 ,  171 , 0.2)"
2012-02-01,ZTE,Light Tab 3 V9S,194,"rgba( 35 ,  93 ,  171 , 0.2)"
2012-02-01,ZTE,PF112 HD,130,"rgba( 35 ,  93 ,  171 , 0.2)"
2012-02-01,ZTE,Orbit,119.4,"rgba( 35 ,  93 ,  171 , 0.2)"
2012-02-01,ZTE,Kis V788,114.3,"rgba( 35 ,  93 ,  171 , 0.2)"
2012-02-01,ZTE,V880E,122.5,"rgba( 35 ,  93 ,  171 , 0.2)"
2012-02-01,ZTE,Nova 3.5,112.4,"rgba( 35 ,  93 ,  171 , 0.2)"
2012-02-01,ZTE,Nova 4 V8000,123.9,"rgba( 35 ,  93 ,  171 , 0.2)"
2012-02-01,ZTE,Nova Messenger,107,"rgba( 35 ,  93 ,  171 , 0.2)"
2012-01-01,ZTE,Style Q,113,"rgba( 35 ,  93 ,  171 , 0.2)"
2012-02-01,ZTE,Style Messanger,107,"rgba( 35 ,  93 ,  171 , 0.2)"
2012-02-01,ZTE,V875,122,"rgba( 35 ,  93 ,  171 , 0.2)"
2012-02-01,ZTE,Blade II V880+,115.1,"rgba( 35 ,  93 ,  171 , 0.2)"
2012-02-01,ZTE,Optik,193,"rgba( 35 ,  93 ,  171 , 0.2)"
2011-12-01,ZTE,Light Tab 2 V9A,202,"rgba( 35 ,  93 ,  171 , 0.2)"
2011-11-01,ZTE,Light Tab V9C,202,"rgba( 35 ,  93 ,  171 , 0.2)"
2011-11-01,ZTE,FTV Phone,116,"rgba( 35 ,  93 ,  171 , 0.2)"
2011-11-01,ZTE,Chorus,111,"rgba( 35 ,  93 ,  171 , 0.2)"
2011-10-01,ZTE,Memo,114,"rgba( 35 ,  93 ,  171 , 0.2)"
2011-09-01,ZTE,Tania,128.6,"rgba( 35 ,  93 ,  171 , 0.2)"
2011-09-01,ZTE,Warp,130,"rgba( 35 ,  93 ,  171 , 0.2)"
2011-09-01,ZTE,Score,112,"rgba( 35 ,  93 ,  171 , 0.2)"
2011-10-01,ZTE,Avail,116,"rgba( 35 ,  93 ,  171 , 0.2)"
2010-10-01,ZTE,V9,192,"rgba( 35 ,  93 ,  171 , 0.2)"
2011-01-01,ZTE,N721,106,"rgba( 35 ,  93 ,  171 , 0.2)"
2011-02-01,ZTE,Skate,125.9,"rgba( 35 ,  93 ,  171 , 0.2)"
2011-08-01,ZTE,Racer II,104,"rgba( 35 ,  93 ,  171 , 0.2)"
2011-01-01,ZTE,Rio,107,"rgba( 35 ,  93 ,  171 , 0.2)"
2010-10-01,ZTE,Blade,116,"rgba( 35 ,  93 ,  171 , 0.2)"
2010-01-01,ZTE,X990D,107,"rgba( 35 ,  93 ,  171 , 0.2)"
2010-01-01,ZTE,N290,112,"rgba( 35 ,  93 ,  171 , 0.2)"
2010-01-01,ZTE,N280,113,"rgba( 35 ,  93 ,  171 , 0.2)"
2010-01-01,ZTE,R230,108,"rgba( 35 ,  93 ,  171 , 0.2)"
2011-05-01,ZTE,R228 Dual SIM,108,"rgba( 35 ,  93 ,  171 , 0.2)"
2011-05-01,ZTE,R228,108,"rgba( 35 ,  93 ,  171 , 0.2)"
2010-01-01,ZTE,R221,108,"rgba( 35 ,  93 ,  171 , 0.2)"
2009-01-01,ZTE,R220,107,"rgba( 35 ,  93 ,  171 , 0.2)"
2010-10-01,ZTE,S213,107,"rgba( 35 ,  93 ,  171 , 0.2)"
2010-08-01,ZTE,Salute F350,102,"rgba( 35 ,  93 ,  171 , 0.2)"
2010-01-01,ZTE,F107,105.7,"rgba( 35 ,  93 ,  171 , 0.2)"
2010-08-01,ZTE,E N72,114,"rgba( 35 ,  93 ,  171 , 0.2)"
2010-07-01,ZTE,Racer,102,"rgba( 35 ,  93 ,  171 , 0.2)"
2010-01-01,ZTE,F951,108,"rgba( 35 ,  93 ,  171 , 0.2)"
2010-03-01,ZTE,X990,107,"rgba( 35 ,  93 ,  171 , 0.2)"
2009-03-01,ZTE,X760,93,"rgba( 35 ,  93 ,  171 , 0.2)"
2009-04-01,ZTE,E811,113,"rgba( 35 ,  93 ,  171 , 0.2)"
2009-05-01,ZTE,Raise,112,"rgba( 35 ,  93 ,  171 , 0.2)"
2009-03-01,ZTE,Xiang,114,"rgba( 35 ,  93 ,  171 , 0.2)"
2009-05-01,ZTE,F233,94,"rgba( 35 ,  93 ,  171 , 0.2)"
2008-01-01,ZTE,F912,105,"rgba( 35 ,  93 ,  171 , 0.2)"
2009-01-01,ZTE,F952,108,"rgba( 35 ,  93 ,  171 , 0.2)"
2009-01-01,ZTE,F870,108,"rgba( 35 ,  93 ,  171 , 0.2)"
2009-01-01,ZTE,F600,103,"rgba( 35 ,  93 ,  171 , 0.2)"
2009-01-01,ZTE,F103,105,"rgba( 35 ,  93 ,  171 , 0.2)"
2009-01-01,ZTE,F101,105,"rgba( 35 ,  93 ,  171 , 0.2)"
2009-01-01,ZTE,F100,105,"rgba( 35 ,  93 ,  171 , 0.2)"
2016-01-01,ZTE,Blade V Plus,155.3,"rgba( 35 ,  93 ,  171 , 0.2)"
2016-02-01,ZTE,Blade V7,146,"rgba( 35 ,  93 ,  171 , 0.2)"
2016-02-01,ZTE,Blade V7 Lite,143.8,"rgba( 35 ,  93 ,  171 , 0.2)"
2015-12-01,ZTE,Axon Max,160,"rgba( 35 ,  93 ,  171 , 0.2)"
2016-01-01,ZTE,Nubia Prague S,148.2,"rgba( 35 ,  93 ,  171 , 0.2)"
2016-01-01,ZTE,Grand X 3,154.2,"rgba( 35 ,  93 ,  171 , 0.2)"
2016-01-01,ZTE,Avid Plus,144.8,"rgba( 35 ,  93 ,  171 , 0.2)"
2015-11-01,ZTE,Blade X9,155.3,"rgba( 35 ,  93 ,  171 , 0.2)"
2015-11-01,ZTE,Blade X5,142,"rgba( 35 ,  93 ,  171 , 0.2)"
2015-11-01,ZTE,Blade X3,145,"rgba( 35 ,  93 ,  171 , 0.2)"
2015-07-01,ZTE,Axon Watch,42,"rgba( 35 ,  93 ,  171 , 0.2)"
2015-10-01,ZTE,Axon,153.9,"rgba( 35 ,  93 ,  171 , 0.2)"
2015-10-01,ZTE,Blade S7,142,"rgba( 35 ,  93 ,  171 , 0.2)"
2015-10-01,ZTE,Axon mini,143.5,"rgba( 35 ,  93 ,  171 , 0.2)"
2015-09-01,ZTE,Zmax 2,153.9,"rgba( 35 ,  93 ,  171 , 0.2)"
2015-09-01,ZTE,Axon Elite,154,"rgba( 35 ,  93 ,  171 , 0.2)"
2015-06-01,ZTE,Nubia My Prague,148,"rgba( 35 ,  93 ,  171 , 0.2)"
2015-07-01,ZTE,Axon Lux,154.5,"rgba( 35 ,  93 ,  171 , 0.2)"
2015-07-01,ZTE,Boost MAX+,165.1,"rgba( 35 ,  93 ,  171 , 0.2)"
2015-06-01,ZTE,Blade A460,145.5,"rgba( 35 ,  93 ,  171 , 0.2)"
2015-07-01,ZTE,Blade D6,142,"rgba( 35 ,  93 ,  171 , 0.2)"
2015-07-01,ZTE,Axon Pro,153.9,"rgba( 35 ,  93 ,  171 , 0.2)"
2015-08-01,ZTE,Obsidian,137.4,"rgba( 35 ,  93 ,  171 , 0.2)"
2015-08-01,ZTE,Grand X2,145,"rgba( 35 ,  93 ,  171 , 0.2)"
2015-06-01,ZTE,Sonata 2,125,"rgba( 35 ,  93 ,  171 , 0.2)"
2015-06-01,ZTE,Blade Apex 3,134.4,"rgba( 35 ,  93 ,  171 , 0.2)"
2015-06-01,ZTE,Maven,134.9,"rgba( 35 ,  93 ,  171 , 0.2)"
2015-06-01,ZTE,Blade Qlux 4G,134.5,"rgba( 35 ,  93 ,  171 , 0.2)"
2015-05-01,ZTE,Nubia Z9,147.4,"rgba( 35 ,  93 ,  171 , 0.2)"
2015-04-01,ZTE,Blade S6 Plus,155,"rgba( 35 ,  93 ,  171 , 0.2)"
2015-03-01,ZTE,Nubia Z9 Max,154.8,"rgba( 35 ,  93 ,  171 , 0.2)"
2015-03-01,ZTE,Nubia Z9 mini,141.3,"rgba( 35 ,  93 ,  171 , 0.2)"
2015-03-01,ZTE,Open L,145.5,"rgba( 35 ,  93 ,  171 , 0.2)"
2015-03-01,ZTE,Grand S3,155,"rgba( 35 ,  93 ,  171 , 0.2)"
2015-02-01,ZTE,Blade L3,142.5,"rgba( 35 ,  93 ,  171 , 0.2)"
2015-02-01,ZTE,Blade G Lux,132,"rgba( 35 ,  93 ,  171 , 0.2)"
2015-02-01,ZTE,Blade G,125,"rgba( 35 ,  93 ,  171 , 0.2)"
2015-02-01,ZTE,V5 Lux,139,"rgba( 35 ,  93 ,  171 , 0.2)"
2015-01-01,ZTE,Blade S6,144,"rgba( 35 ,  93 ,  171 , 0.2)"
2012-10-01,Oppo,T29,131.5,"rgba( 85 ,  164 ,  48 , 0.2)"
2012-10-01,Oppo,R817 Real,123,"rgba( 85 ,  164 ,  48 , 0.2)"
2013-04-01,Oppo,R815T Clover,129.6,"rgba( 85 ,  164 ,  48 , 0.2)"
2012-06-01,Oppo,Find,125,"rgba( 85 ,  164 ,  48 , 0.2)"
2012-06-01,Oppo,U701 Ulike,123,"rgba( 85 ,  164 ,  48 , 0.2)"
2016-01-01,Oppo,F1,143.5,"rgba( 85 ,  164 ,  48 , 0.2)"
2015-11-01,Oppo,A53,153,"rgba( 85 ,  164 ,  48 , 0.2)"
2015-11-01,Oppo,A33,142.7,"rgba( 85 ,  164 ,  48 , 0.2)"
2015-10-01,Oppo,Neo 7,142.7,"rgba( 85 ,  164 ,  48 , 0.2)"
2015-10-01,Oppo,R7s,151.8,"rgba( 85 ,  164 ,  48 , 0.2)"
2015-09-01,Oppo,R7 lite,143,"rgba( 85 ,  164 ,  48 , 0.2)"
2015-08-01,Oppo,R5s,148.9,"rgba( 85 ,  164 ,  48 , 0.2)"
2015-07-01,Oppo,Mirror 5s,143.4,"rgba( 85 ,  164 ,  48 , 0.2)"
2015-07-01,Oppo,Mirror 5,143.4,"rgba( 85 ,  164 ,  48 , 0.2)"
2015-06-01,Oppo,Joy 3,132.8,"rgba( 85 ,  164 ,  48 , 0.2)"
2015-05-01,Oppo,R7 Plus,158,"rgba( 85 ,  164 ,  48 , 0.2)"
2015-05-01,Oppo,R7,143,"rgba( 85 ,  164 ,  48 , 0.2)"
2015-06-01,Oppo,Neo 5 (2015),131.9,"rgba( 85 ,  164 ,  48 , 0.2)"
2015-05-01,Oppo,Neo 5s,131.9,"rgba( 85 ,  164 ,  48 , 0.2)"
2015-04-01,Oppo,Joy Plus,124,"rgba( 85 ,  164 ,  48 , 0.2)"
2015-01-01,Oppo,Mirror 3,137.7,"rgba( 85 ,  164 ,  48 , 0.2)"
2015-04-01,Oppo,A31,131.9,"rgba( 85 ,  164 ,  48 , 0.2)"
2015-01-01,Oppo,R1x,140.6,"rgba( 85 ,  164 ,  48 , 0.2)"
2015-01-01,Oppo,U3,156.8,"rgba( 85 ,  164 ,  48 , 0.2)"
2014-10-01,Oppo,R5,148.9,"rgba( 85 ,  164 ,  48 , 0.2)"
2014-10-01,Oppo,N3,161.2,"rgba( 85 ,  164 ,  48 , 0.2)"
2014-04-01,Oppo,R1S,142.7,"rgba( 85 ,  164 ,  48 , 0.2)"
2014-08-01,Oppo,Neo 3,132,"rgba( 85 ,  164 ,  48 , 0.2)"
2014-01-01,Oppo,Find 5 Mini,137,"rgba( 85 ,  164 ,  48 , 0.2)"
2014-05-01,Oppo,R1001 Joy,124,"rgba( 85 ,  164 ,  48 , 0.2)"
2014-08-01,Oppo,Neo 5,132,"rgba( 85 ,  164 ,  48 , 0.2)"
2014-08-01,Oppo,N1 mini,148.4,"rgba( 85 ,  164 ,  48 , 0.2)"
2014-06-01,Oppo,R3,142.3,"rgba( 85 ,  164 ,  48 , 0.2)"
2014-03-01,Oppo,Find 7,152.6,"rgba( 85 ,  164 ,  48 , 0.2)"
2014-03-01,Oppo,Find 7a,152.6,"rgba( 85 ,  164 ,  48 , 0.2)"
2014-02-01,Oppo,Neo,132,"rgba( 85 ,  164 ,  48 , 0.2)"
2013-12-01,Oppo,R1 R829T,142.7,"rgba( 85 ,  164 ,  48 , 0.2)"
2013-09-01,Oppo,N1,170.7,"rgba( 85 ,  164 ,  48 , 0.2)"
2013-08-01,Oppo,R819,136.5,"rgba( 85 ,  164 ,  48 , 0.2)"
2012-12-01,Oppo,Find 5,141.8,"rgba( 85 ,  164 ,  48 , 0.2)"
2012-11-01,Oppo,U705T Ulike 2,127,"rgba( 85 ,  164 ,  48 , 0.2)"
2012-11-01,Oppo,R601,112.8,"rgba( 85 ,  164 ,  48 , 0.2)"
2013-01-01,Oppo,R821T FInd Muse,123,"rgba( 85 ,  164 ,  48 , 0.2)"
2012-10-01,Oppo,R811 Real,115.2,"rgba( 85 ,  164 ,  48 , 0.2)"
2015-09-01,Amazon,Fire HD 10,262,"rgba( 0 ,  0 ,  0 , 0.2)"
2015-09-01,Amazon,Fire HD 8,214,"rgba( 0 ,  0 ,  0 , 0.2)"
2015-09-01,Amazon,Fire 7,191,"rgba( 0 ,  0 ,  0 , 0.2)"
2014-09-01,Amazon,Fire HDX 8.9 (2014),231,"rgba( 0 ,  0 ,  0 , 0.2)"
2014-09-01,Amazon,Fire HD 7,191,"rgba( 0 ,  0 ,  0 , 0.2)"
2014-09-01,Amazon,Fire HD 6,169,"rgba( 0 ,  0 ,  0 , 0.2)"
2014-06-01,Amazon,Fire Phone,139.2,"rgba( 0 ,  0 ,  0 , 0.2)"
2013-09-01,Amazon,Kindle Fire HDX 8.9,231,"rgba( 0 ,  0 ,  0 , 0.2)"
2013-09-01,Amazon,Kindle Fire HDX,186,"rgba( 0 ,  0 ,  0 , 0.2)"
2013-09-01,Amazon,Kindle Fire HD (2013),191,"rgba( 0 ,  0 ,  0 , 0.2)"
2012-09-01,Amazon,Kindle Fire HD 8.9 LTE,240,"rgba( 0 ,  0 ,  0 , 0.2)"
2012-09-01,Amazon,Kindle Fire HD 8.9,240,"rgba( 0 ,  0 ,  0 , 0.2)"
2012-09-01,Amazon,Kindle Fire HD,193,"rgba( 0 ,  0 ,  0 , 0.2)"
2011-09-01,Amazon,Kindle Fire,190,"rgba( 0 ,  0 ,  0 , 0.2)"
2015-11-01,Wiko,Pulp Fab 4G,155.4,"rgba( 55 ,  190 ,  183 , 0.2)"
2015-10-01,Wiko,Pulp Fab,154.7,"rgba( 55 ,  190 ,  183 , 0.2)"
2015-11-01,Wiko,Pulp,143.9,"rgba( 55 ,  190 ,  183 , 0.2)"
2015-11-01,Wiko,Pulp 4G,143.9,"rgba( 55 ,  190 ,  183 , 0.2)"
2015-09-01,Wiko,Fever 4G,148,"rgba( 55 ,  190 ,  183 , 0.2)"
2015-09-01,Wiko,Lenny2,145.4,"rgba( 55 ,  190 ,  183 , 0.2)"
2015-09-01,Wiko,Rainbow Jam,142.5,"rgba( 55 ,  190 ,  183 , 0.2)"
2015-09-01,Wiko,Rainbow Jam 4G,143.1,"rgba( 55 ,  190 ,  183 , 0.2)"
2015-08-01,Wiko,Rainbow Lite 4G,143,"rgba( 55 ,  190 ,  183 , 0.2)"
2015-08-01,Wiko,Selfy 4G,141,"rgba( 55 ,  190 ,  183 , 0.2)"
2015-05-01,Wiko,Rainbow UP 4G,143,"rgba( 55 ,  190 ,  183 , 0.2)"
2015-04-01,Wiko,Sunset2,128,"rgba( 55 ,  190 ,  183 , 0.2)"
2015-06-01,Wiko,Bloom2,139,"rgba( 55 ,  190 ,  183 , 0.2)"
2015-02-01,Wiko,Ridge 4G,143,"rgba( 55 ,  190 ,  183 , 0.2)"
2015-02-01,Wiko,Ridge Fab 4G,156,"rgba( 55 ,  190 ,  183 , 0.2)"
2015-03-01,Wiko,Highway Star 4G,141,"rgba( 55 ,  190 ,  183 , 0.2)"
2015-03-01,Wiko,Highway Pure 4G,141.9,"rgba( 55 ,  190 ,  183 , 0.2)"
2014-08-01,Wiko,Lenny,143,"rgba( 55 ,  190 ,  183 , 0.2)"
2014-05-01,Wiko,Birdy,132,"rgba( 55 ,  190 ,  183 , 0.2)"
2014-05-01,Wiko,Goa,119,"rgba( 55 ,  190 ,  183 , 0.2)"
2014-11-01,Wiko,Jimmy,133.5,"rgba( 55 ,  190 ,  183 , 0.2)"
2014-01-01,Wiko,Getaway,143,"rgba( 55 ,  190 ,  183 , 0.2)"
2014-02-01,Wiko,Rainbow,146,"rgba( 55 ,  190 ,  183 , 0.2)"
2014-09-01,Wiko,Rainbow 4G,146,"rgba( 55 ,  190 ,  183 , 0.2)"
2014-05-01,Wiko,Highway 4G,144,"rgba( 55 ,  190 ,  183 , 0.2)"
2014-09-01,Wiko,Highway Signs,138,"rgba( 55 ,  190 ,  183 , 0.2)"
2014-04-01,Wiko,Wax,140.1,"rgba( 55 ,  190 ,  183 , 0.2)"
2014-01-01,Wiko,Highway,144,"rgba( 55 ,  190 ,  183 , 0.2)"
2015-10-01,Google,Pixel C,242,"rgba( 60 ,  129 ,  244 , 0.2)"
